-- MySQL dump 10.13  Distrib 5.1.73, for redhat-linux-gnu (x86_64)
--
-- Host: localhost    Database: promo
-- ------------------------------------------------------
-- Server version	5.1.73

/*!40101 SET @OLD_CHARACTER_SET_CLIENT=@@CHARACTER_SET_CLIENT */;
/*!40101 SET @OLD_CHARACTER_SET_RESULTS=@@CHARACTER_SET_RESULTS */;
/*!40101 SET @OLD_COLLATION_CONNECTION=@@COLLATION_CONNECTION */;
/*!40101 SET NAMES utf8 */;
/*!40103 SET @OLD_TIME_ZONE=@@TIME_ZONE */;
/*!40103 SET TIME_ZONE='+00:00' */;
/*!40014 SET @OLD_UNIQUE_CHECKS=@@UNIQUE_CHECKS, UNIQUE_CHECKS=0 */;
/*!40014 SET @OLD_FOREIGN_KEY_CHECKS=@@FOREIGN_KEY_CHECKS, FOREIGN_KEY_CHECKS=0 */;
/*!40101 SET @OLD_SQL_MODE=@@SQL_MODE, SQL_MODE='NO_AUTO_VALUE_ON_ZERO' */;
/*!40111 SET @OLD_SQL_NOTES=@@SQL_NOTES, SQL_NOTES=0 */;

--
-- Table structure for table `api_logs`
--

DROP TABLE IF EXISTS `api_logs`;
/*!40101 SET @saved_cs_client     = @@character_set_client */;
/*!40101 SET character_set_client = utf8 */;
CREATE TABLE `api_logs` (
  `id` int(11) NOT NULL AUTO_INCREMENT,
  `cmd` varchar(20) COLLATE utf8_unicode_ci NOT NULL,
  `id_user` int(11) NOT NULL,
  `dtcreate` timestamp NOT NULL DEFAULT CURRENT_TIMESTAMP,
  PRIMARY KEY (`id`)
) ENGINE=InnoDB AUTO_INCREMENT=14 DEFAULT CHARSET=utf8 COLLATE=utf8_unicode_ci;
/*!40101 SET character_set_client = @saved_cs_client */;

--
-- Dumping data for table `api_logs`
--

LOCK TABLES `api_logs` WRITE;
/*!40000 ALTER TABLE `api_logs` DISABLE KEYS */;
INSERT INTO `api_logs` VALUES (1,'GET_LK_EMPLOYER',1,'2015-06-11 18:43:34'),(2,'GET_EMPL_PROJECTS',1,'2015-06-11 18:43:34'),(3,'SEARCH_VAC',8,'2015-06-16 01:33:00'),(4,'GET_VACATION',8,'2015-06-16 01:33:02'),(5,'GET_ALL_VACATION_P',8,'2015-06-16 01:33:31'),(6,'GET_POINTS',8,'2015-06-16 01:33:34'),(7,'GET_PROMO_PROJECTS',8,'2015-06-16 01:33:34'),(8,'GET_RATING_RA',8,'2015-06-16 01:33:34'),(9,'GET_RESUME_PROMO',8,'2015-06-16 01:33:57'),(10,'GET_REG_PROMO',5,'2015-06-16 01:34:47'),(11,'SEARCH_VAC',5,'2015-06-16 01:34:58'),(12,'GET_VACATION',5,'2015-06-16 01:35:00'),(13,'RESPONSE_VACATION',5,'2015-06-16 01:35:16');
/*!40000 ALTER TABLE `api_logs` ENABLE KEYS */;
UNLOCK TABLES;

--
-- Table structure for table `appointment`
--

DROP TABLE IF EXISTS `appointment`;
/*!40101 SET @saved_cs_client     = @@character_set_client */;
/*!40101 SET character_set_client = utf8 */;
CREATE TABLE `appointment` (
  `id` int(11) NOT NULL AUTO_INCREMENT,
  `key` varchar(2) NOT NULL,
  `name` varchar(64) NOT NULL,
  PRIMARY KEY (`id`),
  UNIQUE KEY `key` (`key`)
) ENGINE=InnoDB AUTO_INCREMENT=14 DEFAULT CHARSET=utf8;
/*!40101 SET character_set_client = @saved_cs_client */;

--
-- Dumping data for table `appointment`
--

LOCK TABLES `appointment` WRITE;
/*!40000 ALTER TABLE `appointment` DISABLE KEYS */;
INSERT INTO `appointment` VALUES (1,'PM','Промоутер'),(2,'PD','Промо-модель'),(3,'SW','Супервайзер'),(4,'AU','Аудитор/чекер'),(5,'AM',' Аниматор'),(6,'CH','Мерчендайзер'),(7,'CO','Курьер'),(8,'SM','Разнорабочий'),(9,'IV','Интервьюер'),(10,'MD','Модель'),(11,'HS','Хостес'),(12,'MT','Тайный покупатель'),(13,'WT','Официант');
/*!40000 ALTER TABLE `appointment` ENABLE KEYS */;
UNLOCK TABLES;

--
-- Table structure for table `banners`
--

DROP TABLE IF EXISTS `banners`;
/*!40101 SET @saved_cs_client     = @@character_set_client */;
/*!40101 SET character_set_client = utf8 */;
CREATE TABLE `banners` (
  `id` int(11) NOT NULL AUTO_INCREMENT,
  `file` varchar(32) NOT NULL,
  `name` varchar(128) DEFAULT NULL,
  `url` varchar(64) DEFAULT NULL,
  `ishide` tinyint(4) NOT NULL DEFAULT '0',
  PRIMARY KEY (`id`)
) ENGINE=InnoDB AUTO_INCREMENT=9 DEFAULT CHARSET=utf8;
/*!40101 SET character_set_client = @saved_cs_client */;

--
-- Dumping data for table `banners`
--

LOCK TABLES `banners` WRITE;
/*!40000 ALTER TABLE `banners` DISABLE KEYS */;
INSERT INTO `banners` VALUES (1,'20130626091837888.jpg','Акции','action',1),(2,'20130626090326256.png','xxxxx','www.ya.ru',1),(3,'20130626090927157.jpg','услуги','services',1),(4,'20130626091358195.jpg','Промоакции','actions',1),(5,'20130626100639908.jpg','Акция','action',1),(6,'20140122183636653.jpg','','Акции',0),(7,'20140122183705142.jpg','Дегустация','',0),(8,'20140122183737402.jpg','Новый продукт','',0);
/*!40000 ALTER TABLE `banners` ENABLE KEYS */;
UNLOCK TABLES;

--
-- Table structure for table `city`
--

DROP TABLE IF EXISTS `city`;
/*!40101 SET @saved_cs_client     = @@character_set_client */;
/*!40101 SET character_set_client = utf8 */;
CREATE TABLE `city` (
  `id_city` int(11) unsigned NOT NULL AUTO_INCREMENT,
  `country_id` int(11) unsigned NOT NULL DEFAULT '0',
  `region_id` int(10) unsigned NOT NULL DEFAULT '0',
  `name` varchar(128) NOT NULL DEFAULT '',
  `cid` int(11) NOT NULL DEFAULT '0',
  `ishide` tinyint(4) NOT NULL,
  PRIMARY KEY (`id_city`),
  KEY `country_id` (`country_id`),
  KEY `region_id` (`region_id`)
) ENGINE=MyISAM AUTO_INCREMENT=15789521 DEFAULT CHARSET=cp1251;
/*!40101 SET character_set_client = @saved_cs_client */;

--
-- Dumping data for table `city`
--

LOCK TABLES `city` WRITE;
/*!40000 ALTER TABLE `city` DISABLE KEYS */;
INSERT INTO `city` VALUES (4400,1,4312,'Москва',1,0),(4313,1,4312,'Абрамцево',1017624,0),(4314,1,4312,'Алабино',1056602,0),(4315,1,4312,'Апрелевка',4536,0),(4316,1,4312,'Архангельское',20043,0),(4317,1,4312,'Ашитково',1038992,0),(7592923,1,4312,'Байконур',173,0),(4318,1,4312,'Бакшеево',1011213,0),(4319,1,4312,'Балашиха',24,0),(4320,1,4312,'Барыбино',18047,0),(4321,1,4312,'Белоомут',11117,0),(4322,1,4312,'Белые Столбы',18198,0),(4323,1,4312,'Бородино',17571,0),(4324,1,4312,'Бронницы',2118,0),(4325,1,4312,'Быково',17497,0),(4326,1,4312,'Валуево',1055787,0),(4327,1,4312,'Вербилки',20318,0),(4328,1,4312,'Верея',20530,0),(4329,1,4312,'Видное',36,0),(4330,1,4312,'Внуково',3949,0),(4332,1,4312,'Волоколамск',2079,0),(4333,1,4312,'Вороново',18632,0),(4334,1,4312,'Воскресенск',593,0),(4335,1,4312,'Восточный',17870,0),(4336,1,4312,'Востряково',1054296,0),(4337,1,4312,'Высоковск',16975,0),(4338,1,4312,'Голицино',1068047,0),(4339,1,4312,'Деденево',755,0),(4340,1,4312,'Дедовск',598,0),(4342,1,4312,'Дмитров',625,0),(4343,1,4312,'Долгопрудный',857,0),(4344,1,4312,'Домодедово',1054308,0),(4345,1,4312,'Дорохово',6305,0),(4346,1,4312,'Дрезна',3101,0),(4347,1,4312,'Дубки',6589,0),(4348,1,4312,'Дубна',21611,0),(4349,1,4312,'Егорьевск',910,0),(4350,1,4312,'Железнодорожный',21613,0),(4351,1,4312,'Жилево',1059334,0),(4352,1,4312,'Жуковский',53,0),(4353,1,4312,'Загорск',1006781,0),(4354,1,4312,'Загорянский',1161145,0),(4355,1,4312,'Запрудная',1033008,0),(4356,1,4312,'Зарайск',3263,0),(4357,1,4312,'Звенигород',3910,0),(4358,1,4312,'Зеленоград',1463,0),(4359,1,4312,'Ивантеевка',20404,0),(4360,1,4312,'Икша',5831,0),(4361,1,4312,'Ильинский',7173,0),(4362,1,4312,'Истра',1033,0),(4363,1,4312,'Калининград',61,0),(4364,1,4312,'Кашира',1014,0),(4365,1,4312,'Керва',1060034,0),(4366,1,4312,'Климовск',709,0),(4367,1,4312,'Клин',1311,0),(4368,1,4312,'Клязьма',6281,0),(4369,1,4312,'Кожино',1017958,0),(4370,1,4312,'Кокошкино',963,0),(4371,1,4312,'Коломна',69,0),(4372,1,4312,'Колюбакино',1058335,0),(3118538,1,4312,'Королев',859,0),(4373,1,4312,'Косино',1015815,0),(4374,1,4312,'Котельники',3787,0),(4375,1,4312,'Красково',1001199,0),(4376,1,4312,'Красноармейск',13161,0),(4377,1,4312,'Красногорск',483,0),(4378,1,4312,'Краснозаводск',2316,0),(7593075,1,4312,'Краснознаменск',2194,0),(4380,1,4312,'Крюково',15383,0),(4381,1,4312,'Кубинка',20306,0),(4382,1,4312,'Купавна',1054663,0),(4383,1,4312,'Куровское',962,0),(4384,1,4312,'Лесной Городок',1160739,0),(4385,1,4312,'Ликино-Дулево',2443,0),(4386,1,4312,'Лобня',8162,0),(4387,1,4312,'Лопатинский',1053828,0),(4388,1,4312,'Лосино-Петровский',7785,0),(4389,1,4312,'Лотошино',4182,0),(4390,1,4312,'Лукино',19349,0),(4391,1,4312,'Луховицы',1526,0),(4392,1,4312,'Лыткарино',801,0),(4393,1,4312,'Львовский',13306,0),(4394,1,4312,'Люберцы',80,0),(4395,1,4312,'Малаховка',84,0),(4396,1,4312,'Михайловское',17064,0),(4397,1,4312,'Михнево',849,0),(4398,1,4312,'Можайск',991,0),(4399,1,4312,'Монино',2568,0),(4401,1,4312,'Муханово',1035053,0),(4402,1,4312,'Мытищи',312,0),(4404,1,4312,'Нахабино',20541,0),(4405,1,4312,'Некрасовка',19466,0),(4406,1,4312,'Немчиновка',1050,0),(4407,1,4312,'Новобратцевский',1053462,0),(4408,1,4312,'Новоподрезково',2662,0),(4409,1,4312,'Ногинск',722,0),(4410,1,4312,'Обухово',10668,0),(4411,1,4312,'Одинцово',4890,0),(4412,1,4312,'Ожерелье',950,0),(4413,1,4312,'Озеры',5489,0),(4414,1,4312,'Октябрьский',19820,0),(4415,1,4312,'Опалиха',1039489,0),(4416,1,4312,'Орехово-Зуево',107,0),(4417,1,4312,'Павловский Посад',4757,0),(4418,1,4312,'Первомайский',19509,0),(4419,1,4312,'Пески',21680,0),(4420,1,4312,'Пироговский',13384,0),(4421,1,4312,'Подольск',270,0),(4422,1,4312,'Полушкино',1019186,0),(4423,1,4312,'Правдинский',5496,0),(4424,1,4312,'Привокзальный',1002713,0),(4425,1,4312,'Пролетарский',11801,0),(3138841,1,4312,'Протвино',449,0),(4426,1,4312,'Пушкино',873,0),(4427,1,4312,'Пущино',115,0),(4428,1,4312,'Радовицкий',9507,0),(4429,1,4312,'Раменское',117,0),(4430,1,4312,'Реутов',459,0),(4431,1,4312,'Решетниково',5674,0),(4432,1,4312,'Родники',2862,0),(4433,1,4312,'Рошаль',2816,0),(4434,1,4312,'Рублево',1002942,0),(4435,1,4312,'Руза',4059,0),(4436,1,4312,'Салтыковка',1053488,0),(4437,1,4312,'Северный',2483,0),(4438,1,4312,'Сергиев Посад',1386,0),(4439,1,4312,'Серебряные Пруды',4499,0),(4440,1,4312,'Серпухов',340,0),(4441,1,4312,'Солнечногорск',352,0),(4442,1,4312,'Солнцево',13894,0),(4443,1,4312,'Софрино',18724,0),(4444,1,4312,'Старая Купавна',1300,0),(4445,1,4312,'Старбеево',1059688,0),(4446,1,4312,'Ступино',397,0),(4447,1,4312,'Сходня',137,0),(4448,1,4312,'Талдом',6485,0),(4449,1,4312,'Текстильщик',1055708,0),(4450,1,4312,'Темпы',1059659,0),(4451,1,4312,'Тишково',1004225,0),(4452,1,4312,'Томилино',2511,0),(4453,1,4312,'Троицк',21856,0),(4454,1,4312,'Туголесский Бор',17371,0),(4455,1,4312,'Тучково',18649,0),(4456,1,4312,'Уваровка',1004765,0),(4457,1,4312,'Удельная',15357,0),(4458,1,4312,'Успенское',16547,0),(4459,1,4312,'Фирсановка',1059689,0),(4460,1,4312,'Фосфоритный',1499,0),(4461,1,4312,'Фрязино',591,0),(4462,1,4312,'Фряново',17052,0),(4463,1,4312,'Химки',155,0),(4464,1,4312,'Хорлово',1053866,0),(4465,1,4312,'Хотьково',11260,0),(4466,1,4312,'Черкизово',7083,0),(4467,1,4312,'Черноголовка',530,0),(4468,1,4312,'Черусти',1060030,0),(4469,1,4312,'Чехов',8479,0),(4470,1,4312,'Шарапово',666,0),(4471,1,4312,'Шатура',848,0),(4472,1,4312,'Шатурторф',19790,0),(4473,1,4312,'Шаховская',4873,0),(4474,1,4312,'Шереметьевский',1054272,0),(4475,1,4312,'Щелково',1297,0),(4476,1,4312,'Щербинка',428,0),(4477,1,4312,'Электрогорск',1457,0),(4478,1,4312,'Электросталь',580,0),(4479,1,4312,'Электроугли',3022,0),(4480,1,4312,'Яхрома',1890,0),(4962,1,4925,'Санкт-Петербург',2,0),(4926,1,4925,'Александровская',1000239,0),(4927,1,4925,'Бокситогорск',1307,0),(4928,1,4925,'Большая Ижора',7529,0),(4929,1,4925,'Будогощь',5435,0),(4930,1,4925,'Вознесенье',9272,0),(4931,1,4925,'Волосово',6799,0),(4932,1,4925,'Волхов',199,0),(4933,1,4925,'Всеволожск',197,0),(4934,1,4925,'Выборг',177,0),(4935,1,4925,'Вырица',6700,0),(4936,1,4925,'Высоцк',4450,0),(4937,1,4925,'Гатчина',1519,0),(4938,1,4925,'Дружная Горка',10558,0),(4939,1,4925,'Дубровка',14704,0),(4940,1,4925,'Ефимовский',2727,0),(4941,1,4925,'Зеленогорск',868,0),(4942,1,4925,'Ивангород',1511,0),(4943,1,4925,'Каменногорск',1670,0),(4944,1,4925,'Кикерино',15387,0),(4945,1,4925,'Кингисепп',191,0),(4946,1,4925,'Кириши',1743,0),(4947,1,4925,'Кировск',21068,0),(4948,1,4925,'Кобринское',1046562,0),(4949,1,4925,'Колпино',1997,0),(10500023,1,4925,'Коммунар',1530,0),(4950,1,4925,'Кронштадт',1029,0),(4952,1,4925,'Лисий Нос',1084285,0),(4953,1,4925,'Лодейное Поле',503,0),(4954,1,4925,'Ломоносов',348,0),(4955,1,4925,'Луга',79,0),(4956,1,4925,'Павловск',17057,0),(4957,1,4925,'Парголово',2625,0),(4959,1,4925,'Подпорожье',14310,0),(4960,1,4925,'Приозерск',15730,0),(4961,1,4925,'Пушкин',12,0),(4964,1,4925,'Сестрорецк',188,0),(4965,1,4925,'Сланцы',525,0),(4966,1,4925,'Сосновый Бор',1236,0),(4967,1,4925,'Тихвин',186,0),(4968,1,4925,'Тосно',20691,0),(1924532,1,4925,'Шлиссельбург',522,0),(1998584,1,1998532,'Адыгейск',1000002,0),(1998542,1,1998532,'Майкоп',83,0),(3161,1,3160,'Акташ',3952,0),(3162,1,3160,'Акутиха',1122038,0),(3163,1,3160,'Алейск',1312,0),(3165,1,3160,'Баево',1052057,0),(3166,1,3160,'Барнаул',25,0),(3167,1,3160,'Белово',994,0),(3168,1,3160,'Белокуриха',1396,0),(3169,1,3160,'Белоярск',1135816,0),(3170,1,3160,'Бийск',27,0),(3171,1,3160,'Благовещенск',21365,0),(3172,1,3160,'Боровлянка',1122155,0),(3173,1,3160,'Бурла',6839,0),(3174,1,3160,'Бурсоль',1122898,0),(3175,1,3160,'Волчиха',1017350,0),(3176,1,3160,'Горно-Алтайск',46,0),(3177,1,3160,'Горняк',1995,0),(3178,1,3160,'Ельцовка',1122094,0),(3179,1,3160,'Залесово',10103,0),(3180,1,3160,'Заринск',324,0),(3182,1,3160,'Змеиногорск',14454,0),(3183,1,3160,'Камень-на-Оби',3238,0),(3184,1,3160,'Ключи',14864,0),(3185,1,3160,'Кош-Агач',1121551,0),(3186,1,3160,'Красногорское',13083,0),(3187,1,3160,'Краснощеково',1122401,0),(3188,1,3160,'Кулунда',4672,0),(3189,1,3160,'Кытманово',20435,0),(3190,1,3160,'Мамонтово',19179,0),(3191,1,3160,'Новичиха',1122611,0),(3192,1,3160,'Новоалтайск',2367,0),(3193,1,3160,'Онгудай',16322,0),(3194,1,3160,'Павловск',17057,0),(3195,1,3160,'Петропавловское',1031160,0),(3196,1,3160,'Поспелиха',18910,0),(3197,1,3160,'Ребриха',1122803,0),(3198,1,3160,'Родино',1029068,0),(3199,1,3160,'Рубцовск',424,0),(3200,1,3160,'Славгород',21114,0),(3201,1,3160,'Смоленское',1066317,0),(3202,1,3160,'Солонешное',1122997,0),(3203,1,3160,'Солтон',1123025,0),(3205,1,3160,'Табуны',1123069,0),(3206,1,3160,'Тальменка',7434,0),(3207,1,3160,'Топчиха',11103,0),(3208,1,3160,'Троицкое',8678,0),(3209,1,3160,'Турочак',12519,0),(3210,1,3160,'Тюменцево',1123245,0),(3211,1,3160,'Угловское',1123272,0),(3212,1,3160,'Усть-Калманка',12246,0),(3213,1,3160,'Усть-Кан',1121708,0),(3214,1,3160,'Усть-Кокса',1121756,0),(3216,1,3160,'Усть-Чарышская Пристань',1123319,0),(3217,1,3160,'Хабары',13682,0),(3218,1,3160,'Целинное',1123375,0),(3219,1,3160,'Чарышское',1123297,0),(3220,1,3160,'Шебалино',1015053,0),(3221,1,3160,'Шелаболиха',1123433,0),(3222,1,3160,'Шипуново',1016115,0),(3225,1,3223,'Архара',1123492,0),(3226,1,3223,'Белогорск',6725,0),(3228,1,3223,'Бурея',1123625,0),(3229,1,3223,'Возжаевка',6156,0),(3230,1,3223,'Екатеринославка',15073,0),(3231,1,3223,'Ерофей Павлович',1124055,0),(3232,1,3223,'Завитинск',1193,0),(3233,1,3223,'Зея',838,0),(3234,1,3223,'Златоустовск',1123975,0),(3235,1,3223,'Ивановка',20903,0),(3236,1,3223,'Коболдо',1123978,0),(3237,1,3223,'Магдагачи',17921,0),(3238,1,3223,'Новобурейский',1123634,0),(3239,1,3223,'Поярково',1037483,0),(3240,1,3223,'Райчихинск',2618,0),(3241,1,3223,'Ромны',13000,0),(3242,1,3223,'Свободный',22295,0),(3243,1,3223,'Серышево',5520,0),(3244,1,3223,'Сковородино',2890,0),(3245,1,3223,'Стойба',1123984,0),(3246,1,3223,'Тамбовка',6597,0),(3247,1,3223,'Тында',2023,0),(3248,1,3223,'Шимановск',6864,0),(3249,1,3223,'Экимчан',15072,0),(3250,1,3223,'Ядрино',1066243,0),(3252,1,3251,'Амдерма',5240,0),(3253,1,3251,'Архангельск',22,0),(3254,1,3251,'Березник',7349,0),(3255,1,3251,'Вельск',12269,0),(3256,1,3251,'Верхняя Тойма',7593,0),(3257,1,3251,'Волошка',9058,0),(3258,1,3251,'Вычегодский',2130,0),(3259,1,3251,'Емца',14729,0),(3260,1,3251,'Илеза',15362,0),(3261,1,3251,'Ильинско-Подомское',17906,0),(3262,1,3251,'Каргополь',9664,0),(3263,1,3251,'Карпогоры',16678,0),(3264,1,3251,'Кодино',8647,0),(3265,1,3251,'Коноша',5306,0),(3266,1,3251,'Коряжма',210,0),(3267,1,3251,'Котлас',266,0),(3268,1,3251,'Красноборск',8556,0),(3269,1,3251,'Лешуконское',5058,0),(3270,1,3251,'Мезень',6947,0),(1924171,1,3251,'Мирный',21122,0),(3271,1,3251,'Нарьян-Мар',2487,0),(3272,1,3251,'Новодвинск',338,0),(3273,1,3251,'Няндома',3644,0),(3274,1,3251,'Онега',2365,0),(3275,1,3251,'Пинега',10149,0),(3276,1,3251,'Плесецк',14737,0),(3277,1,3251,'Северодвинск',11,0),(3278,1,3251,'Сольвычегодск',3233,0),(3279,1,3251,'Холмогоры',5373,0),(3280,1,3251,'Шенкурск',8542,0),(3281,1,3251,'Яренск',2157,0),(3283,1,3282,'Астрахань',23,0),(3284,1,3282,'Ахтубинск',1634,0),(3285,1,3282,'Верхний Баскунчак',4173,0),(3286,1,3282,'Володарский',8788,0),(3287,1,3282,'Енотаевка',1004248,0),(3288,1,3282,'Икряное',1004282,0),(3289,1,3282,'Камызяк',16229,0),(3290,1,3282,'Капустин Яр',1004137,0),(3291,1,3282,'Красный Яр',13412,0),(3292,1,3282,'Лиман',14285,0),(3293,1,3282,'Началово',1004508,0),(3294,1,3282,'Харабали',3634,0),(3295,1,3282,'Черный Яр',13112,0),(3297,1,3296,'Аксаково',10634,0),(3298,1,3296,'Амзя',1004941,0),(3299,1,3296,'Аскино',15635,0),(3300,1,3296,'Баймак',5048,0),(3301,1,3296,'Бакалы',2178,0),(3302,1,3296,'Белебей',1167,0),(3303,1,3296,'Белорецк',524,0),(3304,1,3296,'Бижбуляк',15930,0),(3305,1,3296,'Бирск',29,0),(3306,1,3296,'Благовещенск',21365,0),(3307,1,3296,'Большеустьикинское',15233,0),(1929637,1,3296,'Бураево',16083,0),(3308,1,3296,'Верхнеяркеево',8314,0),(3309,1,3296,'Верхние Киги',3046,0),(3311,1,3296,'Верхний Авзян',1005515,0),(3312,1,3296,'Давлеканово',14210,0),(3313,1,3296,'Дуван',1006402,0),(3314,1,3296,'Дюртюли',1660,0),(3315,1,3296,'Ермекеево',17647,0),(3316,1,3296,'Ермолаево',14723,0),(3317,1,3296,'Зилаир',1006712,0),(3318,1,3296,'Зирган',16285,0),(3319,1,3296,'Иглино',5999,0),(3320,1,3296,'Инзер',1005525,0),(3321,1,3296,'Исянгулово',10832,0),(3322,1,3296,'Ишимбай',360,0),(3323,1,3296,'Кананикольское',1006718,0),(3324,1,3296,'Кандры',9107,0),(3325,1,3296,'Караидель',1007176,0),(3327,1,3296,'Киргиз-Мияки',1008020,0),(3328,1,3296,'Красноусольский',15732,0),(3329,1,3296,'Кумертау',1245,0),(3330,1,3296,'Кушнаренково',6470,0),(3331,1,3296,'Малояз',17171,0),(3332,1,3296,'Мелеуз',2093,0),(3333,1,3296,'Месягутово',8888,0),(3334,1,3296,'Мраково',16368,0),(3335,1,3296,'Нефтекамск',243,0),(3336,1,3296,'Октябрьский',19820,0),(3337,1,3296,'Раевский',14867,0),(3338,1,3296,'Салават',264,0),(3339,1,3296,'Сибай',1767,0),(3340,1,3296,'Старобалтачево',20717,0),(3341,1,3296,'Старосубхангулово',13799,0),(3342,1,3296,'Стерлибашево',1008285,0),(3343,1,3296,'Стерлитамак',135,0),(3344,1,3296,'Туймазы',21244,0),(3345,1,3296,'Уфа',151,0),(3346,1,3296,'Учалы',11442,0),(3347,1,3296,'Федоровка',22716,0),(3348,1,3296,'Чекмагуш',3044,0),(3349,1,3296,'Чишмы',2856,0),(3350,1,3296,'Шаран',20360,0),(3351,1,3296,'Янаул',8139,0),(3353,1,3352,'Алексеевка',20686,0),(3354,1,3352,'Белгород',26,0),(3355,1,3352,'Борисовка',3589,0),(3356,1,3352,'Валуйки',3209,0),(3357,1,3352,'Вейделевка',11043,0),(3358,1,3352,'Волоконовка',13498,0),(3359,1,3352,'Грайворон',1009914,0),(3360,1,3352,'Губкин',1009964,0),(3361,1,3352,'Ивня',14113,0),(3362,1,3352,'Короча',7096,0),(3363,1,3352,'Красногвардейское',18642,0),(3364,1,3352,'Новый Оскол',4734,0),(3365,1,3352,'Ракитное',1010701,0),(3366,1,3352,'Ровеньки',20580,0),(3367,1,3352,'Старый Оскол',274,0),(3368,1,3352,'Строитель',15665,0),(3369,1,3352,'Чернянка',1790,0),(3370,1,3352,'Шебекино',5252,0),(3372,1,3371,'Алтухово',1012697,0),(3373,1,3371,'Белая Березка',3039,0),(3374,1,3371,'Белые Берега',1197,0),(3375,1,3371,'Большое Полпино',1011201,0),(3376,1,3371,'Брянск',33,0),(3377,1,3371,'Бытошь',1011624,0),(3378,1,3371,'Выгоничи',9701,0),(3379,1,3371,'Вышков',1011849,0),(3380,1,3371,'Гордеевка',1006312,0),(3381,1,3371,'Дубровка',14704,0),(3881459,1,3371,'Дятьково',9869,0),(3382,1,3371,'Жирятино',1011689,0),(3383,1,3371,'Жуковка',6154,0),(3384,1,3371,'Злынка',1011858,0),(3385,1,3371,'Ивот',16866,0),(3386,1,3371,'Карачев',10406,0),(3387,1,3371,'Клетня',7694,0),(3388,1,3371,'Климово',13518,0),(3389,1,3371,'Клинцы',14071,0),(3390,1,3371,'Кокаревка',1025271,0),(3391,1,3371,'Комаричи',4026,0),(3392,1,3371,'Красная Гора',18836,0),(3393,1,3371,'Локоть',16043,0),(3394,1,3371,'Мглин',7552,0),(3395,1,3371,'Навля',19581,0),(3396,1,3371,'Новозыбков',13629,0),(3397,1,3371,'Погар',1497,0),(3398,1,3371,'Почеп',2732,0),(3399,1,3371,'Ржаница',1011816,0),(3400,1,3371,'Рогнедино',1013294,0),(3401,1,3371,'Севск',19933,0),(3402,1,3371,'Стародуб',1137,0),(3403,1,3371,'Суземка',1013640,0),(3404,1,3371,'Сураж',3185,0),(3405,1,3371,'Трубчевск',6157,0),(3406,1,3371,'Унеча',716,0),(3408,1,3407,'Бабушкин',1124431,0),(3409,1,3407,'Багдарин',5162,0),(3410,1,3407,'Баргузин',20564,0),(3411,1,3407,'Баянгол',9966,0),(3412,1,3407,'Бичура',6130,0),(3413,1,3407,'Выдрино',1021827,0),(3414,1,3407,'Гусиное Озеро',1124718,0),(3415,1,3407,'Гусиноозерск',993,0),(3416,1,3407,'Заиграево',18999,0),(3417,1,3407,'Закаменск',4299,0),(3418,1,3407,'Иволгинск',3103,0),(3419,1,3407,'Илька',3162,0),(3420,1,3407,'Кабанск',16835,0),(3421,1,3407,'Каменск',19306,0),(3422,1,3407,'Кижинга',14173,0),(3423,1,3407,'Курумкан',3315,0),(3424,1,3407,'Кырен',3823,0),(3425,1,3407,'Кяхта',3232,0),(3426,1,3407,'Монды',1124778,0),(3427,1,3407,'Мухоршибирь',16891,0),(3428,1,3407,'Нижнеангарск',14354,0),(3429,1,3407,'Орлик',8728,0),(3430,1,3407,'Петропавловка',21558,0),(3431,1,3407,'Романовка',20528,0),(5555962,1,3407,'Северобайкальск',1746,0),(3432,1,3407,'Селенгинск',1850,0),(3433,1,3407,'Сосново-Озерское',5123,0),(3145145,1,3407,'Таксимо',13832,0),(3434,1,3407,'Турунтаево',8333,0),(3435,1,3407,'Улан-Удэ',148,0),(3436,1,3407,'Хоринск',4654,0),(3438,1,3437,'Александров',398,0),(3439,1,3437,'Андреево',1018546,0),(3440,1,3437,'Анопино',1018845,0),(3441,1,3437,'Бавлены',9600,0),(3442,1,3437,'Балакирево',3695,0),(3443,1,3437,'Боголюбово',11397,0),(3444,1,3437,'Великодворский',1125505,0),(3445,1,3437,'Вербовский',1014397,0),(3446,1,3437,'Владимир',39,0),(3447,1,3437,'Вязники',1232,0),(3448,1,3437,'Городищи',1027623,0),(3449,1,3437,'Гороховец',6465,0),(3450,1,3437,'Гусевский',1094071,0),(3452,1,3437,'Золотково',1062740,0),(3453,1,3437,'Иванищи',1097873,0),(3454,1,3437,'Камешково',14067,0),(3455,1,3437,'Карабаново',9281,0),(3456,1,3437,'Киржач',3393,0),(3457,1,3437,'Ковров',68,0),(3458,1,3437,'Кольчугино',4834,0),(3459,1,3437,'Красная Горбатка',11622,0),(3460,1,3437,'Меленки',4991,0),(3461,1,3437,'Муром',807,0),(3462,1,3437,'Петушки',1275,0),(3463,1,3437,'Покров',1492,0),(3464,1,3437,'Собинка',2544,0),(3465,1,3437,'Судогда',20231,0),(3466,1,3437,'Суздаль',1284,0),(3467,1,3437,'Юрьев-Польский',5833,0),(3469,1,3468,'Алексеевская',18480,0),(3471,1,3468,'Быково',17497,0),(3472,1,3468,'Волгоград',10,0),(3473,1,3468,'Волжский',18303,0),(3474,1,3468,'Городище',4013,0),(3475,1,3468,'Дубовка',17886,0),(3476,1,3468,'Елань',10036,0),(3477,1,3468,'Жирновск',6911,0),(3478,1,3468,'Иловля',1161146,0),(3479,1,3468,'Калач-на-Дону',1759,0),(3480,1,3468,'Камышин',542,0),(10500382,1,3468,'Кириллов',5667,0),(3481,1,3468,'Клетский',1015353,0),(3482,1,3468,'Котельниково',1811,0),(3483,1,3468,'Котово',12157,0),(3484,1,3468,'Кумылженская',1014677,0),(3485,1,3468,'Ленинск',1014732,0),(3486,1,3468,'Михайловка',21183,0),(3488,1,3468,'Николаевск',6612,0),(3489,1,3468,'Новоаннинский',8528,0),(3490,1,3468,'Новониколаевский',5016,0),(3491,1,3468,'Ольховка',1005660,0),(3492,1,3468,'Палласовка',1015163,0),(3493,1,3468,'Рудня',7606,0),(3494,1,3468,'Светлый Яр',9643,0),(3495,1,3468,'Серафимович',1015315,0),(3496,1,3468,'Средняя Ахтуба',1015384,0),(3498,1,3468,'Старая Полтавка',1015434,0),(3499,1,3468,'Суровикино',17454,0),(3500,1,3468,'Урюпинск',785,0),(3501,1,3468,'Фролово',4014,0),(3502,1,3468,'Чернышковский',15329,0),(3504,1,3503,'Бабаево',2532,0),(3505,1,3503,'Белозерск',2553,0),(3506,1,3503,'Великий Устюг',824,0),(3507,1,3503,'Верховажье',15250,0),(3508,1,3503,'Вожега',1005,0),(3509,1,3503,'Вологда',41,0),(3510,1,3503,'Вохтога',20485,0),(3511,1,3503,'Вытегра',1839,0),(3512,1,3503,'Грязовец',13360,0),(3513,1,3503,'Кадников',1021084,0),(3514,1,3503,'Кадуй',2659,0),(3515,1,3503,'Кичменгский Городок',8341,0),(3516,1,3503,'Липин Бор',13735,0),(3517,1,3503,'Никольск',3699,0),(3518,1,3503,'Нюксеница',12825,0),(3519,1,3503,'Сокол',15766,0),(3520,1,3503,'Сямжа',4397,0),(3521,1,3503,'Тарногский Городок',4123,0),(3522,1,3503,'Тотьма',13361,0),(3523,1,3503,'Устюжна',2070,0),(3524,1,3503,'Харовск',2581,0),(3525,1,3503,'Чагода',595,0),(3526,1,3503,'Череповец',8,0),(3527,1,3503,'Шексна',2227,0),(3528,1,3503,'Шуйское',1020563,0),(3530,1,3529,'Анна',17348,0),(3531,1,3529,'Бобров',17200,0),(3532,1,3529,'Богучар',322,0),(3533,1,3529,'Борисоглебск',505,0),(3534,1,3529,'Бутурлиновка',9292,0),(3535,1,3529,'Верхний Мамон',21940,0),(3536,1,3529,'Верхняя Хава',2332,0),(3537,1,3529,'Воробьевка',1012161,0),(3538,1,3529,'Воронеж',18901,0),(3540,1,3529,'Грибановский',15356,0),(3541,1,3529,'Давыдовка',18655,0),(3542,1,3529,'Елань-Коленовский',20066,0),(3543,1,3529,'Калач',4892,0),(3544,1,3529,'Кантемировка',6732,0),(3539,1,3529,'Лиски',502,0),(3545,1,3529,'Нижнедевицк',11922,0),(3546,1,3529,'Новая Усмань',8239,0),(3547,1,3529,'Новохоперск',4241,0),(3548,1,3529,'Ольховатка',13453,0),(3549,1,3529,'Острогожск',7371,0),(3550,1,3529,'Павловск',17057,0),(3551,1,3529,'Панино',11466,0),(3552,1,3529,'Петропавловка',21558,0),(3553,1,3529,'Поворино',3995,0),(3554,1,3529,'Подгоренский',15838,0),(3555,1,3529,'Рамонь',8105,0),(3556,1,3529,'Репьевка',12836,0),(3557,1,3529,'Россошь',1707,0),(3558,1,3529,'Семилуки',16503,0),(3559,1,3529,'Таловая',3849,0),(3560,1,3529,'Терновка',14153,0),(3561,1,3529,'Хохольский',15395,0),(3562,1,3529,'Эртиль',17206,0),(2052982,1,3529,'нововоронеж',18239,0),(3631,1,3630,'Агвали',6273,0),(3632,1,3630,'Акуша',1025677,0),(3633,1,3630,'Ахты',1025773,0),(3634,1,3630,'Ачису',1026122,0),(3635,1,3630,'Бабаюрт',16222,0),(3636,1,3630,'Бежта',1027134,0),(3637,1,3630,'Ботлих',1025825,0),(3638,1,3630,'Буйнакск',2886,0),(3639,1,3630,'Вачи',1026325,0),(3640,1,3630,'Гергебиль',17412,0),(3641,1,3630,'Гуниб',5606,0),(3642,1,3630,'Дагестанские Огни',10876,0),(3643,1,3630,'Дербент',171,0),(3644,1,3630,'Дылым',14088,0),(3645,1,3630,'Ершовка',1003065,0),(3646,1,3630,'Избербаш',1075,0),(3647,1,3630,'Карабудахкент',1026197,0),(3648,1,3630,'Карата',1025760,0),(3649,1,3630,'Каспийск',3102,0),(3650,1,3630,'Касумкент',12862,0),(3651,1,3630,'Кизилюрт',2454,0),(3652,1,3630,'Кизляр',18300,0),(3653,1,3630,'Кочубей',18365,0),(3654,1,3630,'Кумух',1026363,0),(3655,1,3630,'Курах',1026364,0),(3656,1,3630,'Магарамкент',1026513,0),(3657,1,3630,'Маджалис',1026163,0),(3658,1,3630,'Махачкала',85,0),(3659,1,3630,'Мехельта',1025914,0),(3660,1,3630,'Новолакское',14427,0),(3661,1,3630,'Рутул',1026609,0),(3662,1,3630,'Советское',21663,0),(3663,1,3630,'Тарумовка',8546,0),(3664,1,3630,'Терекли-Мектеб',18273,0),(3665,1,3630,'Тлярата',1025922,0),(3667,1,3630,'Уркарах',1026046,0),(3668,1,3630,'Хасавюрт',1185,0),(3669,1,3630,'Хив',1026989,0),(3670,1,3630,'Хунзах',683,0),(3671,1,3630,'Цуриб',1027235,0),(3672,1,3630,'Южно-Сухокумск',1027296,0),(3674,1,3673,'Биробиджан',28,0),(3676,1,3675,'Архиповка',1012567,0),(3677,1,3675,'Верхний Ландех',16899,0),(3678,1,3675,'Вичуга',3732,0),(3679,1,3675,'Гаврилов Посад',16812,0),(3680,1,3675,'Долматовский',1027746,0),(3681,1,3675,'Дуляпино',1029897,0),(3682,1,3675,'Заволжск',3821,0),(3683,1,3675,'Заречный',1724,0),(3684,1,3675,'Иваново',4603,0),(3685,1,3675,'Иваньковский',1027634,0),(3686,1,3675,'Ильинское-Хованское',1028127,0),(3687,1,3675,'Каминский',1029508,0),(3688,1,3675,'Кинешма',3880,0),(3689,1,3675,'Комсомольск',3004,0),(5908265,1,3675,'Кохма',18253,0),(3690,1,3675,'Лух',1028792,0),(3691,1,3675,'Палех',18234,0),(3692,1,3675,'Пестяки',5436,0),(3693,1,3675,'Приволжск',1029187,0),(3694,1,3675,'Пучеж',18637,0),(3695,1,3675,'Родники',2862,0),(3696,1,3675,'Савино',1001295,0),(3697,1,3675,'Сокольское',18905,0),(3698,1,3675,'Тейково',5586,0),(3699,1,3675,'Фурманов',8521,0),(3700,1,3675,'Шуя',165,0),(3701,1,3675,'Южа',4993,0),(3702,1,3675,'Юрьевец',5818,0),(3704,1,3703,'Алексеевск',9320,0),(3705,1,3703,'Алзамай',1128336,0),(3707,1,3703,'Ангарск',19,0),(3708,1,3703,'Артемовский',251,0),(3709,1,3703,'Атагай',1128338,0),(3710,1,3703,'Байкал',1004948,0),(3711,1,3703,'Байкальск',2708,0),(3712,1,3703,'Балаганск',14731,0),(3713,1,3703,'Баяндай',11455,0),(3714,1,3703,'Бирюсинск',2086,0),(3715,1,3703,'Бодайбо',6781,0),(3716,1,3703,'Большая Речка',16753,0),(3717,1,3703,'Большой Луг',1070616,0),(3718,1,3703,'Бохан',4854,0),(3719,1,3703,'Братск',32,0),(3720,1,3703,'Видим',1128295,0),(3721,1,3703,'Витимский',19533,0),(3722,1,3703,'Вихоревка',5141,0),(3723,1,3703,'Еланцы',19467,0),(3724,1,3703,'Ербогачен',19222,0),(3725,1,3703,'Железногорск-Илимский',1003,0),(3726,1,3703,'Жигалово',5544,0),(3727,1,3703,'Забитуй',1128846,0),(3728,1,3703,'Залари',1127707,0),(3729,1,3703,'Звездный',2998,0),(3730,1,3703,'Зима',2716,0),(3731,1,3703,'Иркутск',57,0),(3732,1,3703,'Казачинское',17663,0),(3733,1,3703,'Качуг',18461,0),(3734,1,3703,'Квиток',1128532,0),(3735,1,3703,'Киренск',5301,0),(3736,1,3703,'Куйтун',1124748,0),(3411741,1,3703,'Култук',16457,0),(3737,1,3703,'Кутулик',14677,0),(3738,1,3703,'Мама',5040,0),(3739,1,3703,'Нижнеудинск',1096,0),(3740,1,3703,'Оса',8763,0),(2116660,1,3703,'Саянск',1263,0),(3741,1,3703,'Слюдянка',850,0),(3742,1,3703,'Тайшет',6222,0),(3743,1,3703,'Тулун',4523,0),(3744,1,3703,'Усолье-Сибирское',728,0),(3745,1,3703,'Усть-Илимск',1036,0),(3746,1,3703,'Усть-Кут',2829,0),(3747,1,3703,'Усть-Ордынский',7488,0),(3748,1,3703,'Усть-Уда',1128809,0),(3749,1,3703,'Черемхово',8267,0),(3138835,1,3703,'Чунский',16542,0),(3750,1,3703,'Шелехов',2877,0),(3752,1,3751,'Баксан',2852,0),(3753,1,3751,'Майский',20627,0),(3754,1,3751,'Нальчик',90,0),(3755,1,3751,'Нарткала',2686,0),(3756,1,3751,'Прохладный',21103,0),(3757,1,3751,'Советское',21663,0),(3758,1,3751,'Терек',3029,0),(3759,1,3751,'Тырныауз',12031,0),(3762,1,3761,'Багратионовск',1030635,0),(3763,1,3761,'Балтийск',293,0),(3764,1,3761,'Гвардейск',6379,0),(3765,1,3761,'Гурьевск',1178,0),(3766,1,3761,'Гусев',1777,0),(3767,1,3761,'Железнодорожный',21613,0),(3768,1,3761,'Зеленоградск',2849,0),(3769,1,3761,'Знаменск',1259,0),(3770,1,3761,'Калининград',61,0),(3772,1,3761,'Краснознаменск',2194,0),(3773,1,3761,'Мамоново',16118,0),(3774,1,3761,'Неман',5994,0),(3775,1,3761,'Нестеров',8685,0),(3776,1,3761,'Озерск',941,0),(3777,1,3761,'Полесск',8398,0),(3778,1,3761,'Правдинск',5884,0),(3779,1,3761,'Светлогорск',2262,0),(3780,1,3761,'Светлый',22246,0),(3781,1,3761,'Славск',8943,0),(3782,1,3761,'Советск',7006,0),(3783,1,3761,'Черняховск',12945,0),(3830,1,3827,'Комсомольский',11522,0),(3831,1,3827,'Малые Дербеты',17472,0),(3832,1,3827,'Приютное',1031921,0),(3833,1,3827,'Советское',21663,0),(3834,1,3827,'Троицкое',8678,0),(3835,1,3827,'Утта',18357,0),(3837,1,3827,'Элиста',166,0),(3838,1,3827,'Юста',1032027,0),(3839,1,3827,'Яшалта',9011,0),(3840,1,3827,'Яшкуль',1566,0),(3842,1,3841,'Бабынино',1032090,0),(3843,1,3841,'Балабаново',2238,0),(3844,1,3841,'Барятино',1032212,0),(3845,1,3841,'Белоусово',6926,0),(3846,1,3841,'Бетлица',18884,0),(3847,1,3841,'Боровск',3548,0),(3848,1,3841,'Дугна',1035003,0),(3849,1,3841,'Дудоровский',1034869,0),(3850,1,3841,'Думиничи',15255,0),(3851,1,3841,'Еленский',20446,0),(3852,1,3841,'Жиздра',1032711,0),(3853,1,3841,'Износки',1033015,0),(3854,1,3841,'Калуга',62,0),(3855,1,3841,'Киров',66,0),(3856,1,3841,'Козельск',18091,0),(3857,1,3841,'Кондрово',1604,0),(3858,1,3841,'Людиново',2417,0),(3859,1,3841,'Малоярославец',718,0),(3860,1,3841,'Медынь',10528,0),(3861,1,3841,'Мещовск',17488,0),(3862,1,3841,'Мосальск',4295,0),(3863,1,3841,'Обнинск',103,0),(3864,1,3841,'Перемышль',6446,0),(3865,1,3841,'Спас-Деменск',16538,0),(3866,1,3841,'Сухиничи',5985,0),(3867,1,3841,'Таруса',1549,0),(3868,1,3841,'Ульяново',18090,0),(3869,1,3841,'Ферзиково',1035110,0),(3870,1,3841,'Хвастовичи',1035210,0),(3871,1,3841,'Юхнов',6493,0),(3873,1,3872,'Атласово',10738,0),(3874,1,3872,'Аянка',1134755,0),(12370942,1,3872,'Вилючинск',4433,0),(3411630,1,3872,'Елизово',889,0),(3877,1,3872,'Каменское',22449,0),(3878,1,3872,'Кировский',3684,0),(3879,1,3872,'Ключи',14864,0),(3880,1,3872,'Крапивная',1155717,0),(3881,1,3872,'Мильково',18898,0),(3882,1,3872,'Никольское',16491,0),(10499672,1,3872,'Озерновский',7272,0),(3883,1,3872,'Оссора',16718,0),(3884,1,3872,'Палана',2794,0),(3885,1,3872,'Парень',1134759,0),(3886,1,3872,'Пахачи',17567,0),(3887,1,3872,'Петропавловск-Камчатский',113,0),(3888,1,3872,'Тигиль',11861,0),(3889,1,3872,'Тиличики',10034,0),(3890,1,3872,'Усть-Большерецк',3994,0),(3891,1,3872,'Усть-Камчатск',9929,0),(3893,1,3892,'Амбарный',20518,0),(3894,1,3892,'Беломорск',726,0),(3895,1,3892,'Валаам',1036554,0),(3896,1,3892,'Вирандозеро',1035535,0),(3897,1,3892,'Гирвас',1035654,0),(3898,1,3892,'Деревянка',4796,0),(3899,1,3892,'Идель',1036523,0),(3900,1,3892,'Ильинский',7173,0),(3902,1,3892,'Калевала',6031,0),(3903,1,3892,'Кемь',846,0),(3904,1,3892,'Кестеньга',12482,0),(3905,1,3892,'Кондопога',1086,0),(3906,1,3892,'Костомукша',472,0),(3907,1,3892,'Лахденпохья',1066,0),(3908,1,3892,'Лоухи',1432,0),(3909,1,3892,'Медвежьегорск',2974,0),(3910,1,3892,'Муезерский',13542,0),(3911,1,3892,'Олонец',2217,0),(3912,1,3892,'Петрозаводск',112,0),(3913,1,3892,'Питкяранта',202,0),(3914,1,3892,'Повенец',15890,0),(3915,1,3892,'Пряжа',16759,0),(3916,1,3892,'Пудож',1041,0),(3917,1,3892,'Сегежа',1488,0),(3918,1,3892,'Сортавала',891,0),(3919,1,3892,'Софпорог',1035832,0),(3920,1,3892,'Суоярви',1974,0),(3922,1,3921,'Анжеро-Судженск',9115,0),(3923,1,3921,'Барзас',1129125,0),(3924,1,3921,'Белово',994,0),(3925,1,3921,'Белогорск',6725,0),(3926,1,3921,'Березовский',2236,0),(3927,1,3921,'Грамотеино',1129072,0),(3928,1,3921,'Гурьевск',1178,0),(3929,1,3921,'Ижморский',1129174,0),(3930,1,3921,'Итатский',1129995,0),(3931,1,3921,'Калтан',18746,0),(3932,1,3921,'Кедровка',14834,0),(3933,1,3921,'Кемерово',64,0),(3934,1,3921,'Киселевск',5915,0),(3935,1,3921,'Крапивинский',1129311,0),(3936,1,3921,'Ленинск-Кузнецкий',1809,0),(3937,1,3921,'Мариинск',5955,0),(3938,1,3921,'Междуреченск',18511,0),(3939,1,3921,'Мыски',3248,0),(3940,1,3921,'Новокузнецк',97,0),(3941,1,3921,'Осинники',2771,0),(3942,1,3921,'Прокопьевск',468,0),(3943,1,3921,'Промышленная',1129750,0),(3944,1,3921,'Тайга',9449,0),(3945,1,3921,'Таштагол',496,0),(3946,1,3921,'Тисуль',1129921,0),(3947,1,3921,'Топки',3244,0),(3949,1,3921,'Юрга',258,0),(3950,1,3921,'Яшкино',1047047,0),(3951,1,3921,'Яя',1130162,0),(3953,1,3952,'Арбаж',20165,0),(3954,1,3952,'Аркуль',1131110,0),(3955,1,3952,'Белая Холуница',8536,0),(3956,1,3952,'Богородское',12849,0),(3957,1,3952,'Боровой',9850,0),(3958,1,3952,'Верхошижемье',10789,0),(5556050,1,3952,'Вятские Поляны',13307,0),(3959,1,3952,'Зуевка',1007169,0),(3960,1,3952,'Каринторф',1131306,0),(3961,1,3952,'Кикнур',10619,0),(3962,1,3952,'Кильмезь',13198,0),(3963,1,3952,'Киров',66,0),(3964,1,3952,'Кирово-Чепецк',346,0),(3965,1,3952,'Кирс',8741,0),(3966,1,3952,'Кобра',1130840,0),(3967,1,3952,'Котельнич',2999,0),(3968,1,3952,'Кумены',1131824,0),(3969,1,3952,'Ленинское',19189,0),(3970,1,3952,'Луза',12496,0),(3971,1,3952,'Малмыж',1132142,0),(3972,1,3952,'Мураши',10786,0),(3973,1,3952,'Нагорск',13327,0),(3974,1,3952,'Нема',1132361,0),(3976,1,3952,'Нолинск',16540,0),(3977,1,3952,'Омутнинск',3667,0),(3978,1,3952,'Опарино',10684,0),(3979,1,3952,'Оричи',3578,0),(3980,1,3952,'Пижанка',1133079,0),(3981,1,3952,'Подосиновец',14188,0),(3982,1,3952,'Санчурск',1133409,0),(3983,1,3952,'Свеча',4963,0),(3984,1,3952,'Слободской',6429,0),(3985,1,3952,'Советск',7006,0),(3986,1,3952,'Суна',6411,0),(3987,1,3952,'Тужа',1134004,0),(3988,1,3952,'Уни',13886,0),(3989,1,3952,'Уржум',6482,0),(3990,1,3952,'Фаленки',3618,0),(3992,1,3952,'Юрья',9283,0),(3993,1,3952,'Яранск',3965,0),(3995,1,3994,'Абезь',1036692,0),(3996,1,3994,'Айкино',8316,0),(3997,1,3994,'Верхняя Инта',1036694,0),(3998,1,3994,'Визинга',611,0),(3999,1,3994,'Водный',13448,0),(4000,1,3994,'Вожаель',1036708,0),(4001,1,3994,'Воркута',190,0),(4002,1,3994,'Вуктыл',2943,0),(4004,1,3994,'Елецкий',18277,0),(4005,1,3994,'Емва',5828,0),(4006,1,3994,'Заполярный',14683,0),(4007,1,3994,'Ижма',10593,0),(4008,1,3994,'Инта',255,0),(4009,1,3994,'Ираель',1036934,0),(4010,1,3994,'Каджером',1036840,0),(4012,1,3994,'Кожым',1036696,0),(4013,1,3994,'Койгородок',1036765,0),(4014,1,3994,'Корткерос',9801,0),(4015,1,3994,'Кослан',11472,0),(4016,1,3994,'Объячево',13870,0),(4017,1,3994,'Печора',589,0),(4018,1,3994,'Сосногорск',1060,0),(4019,1,3994,'Сыктывкар',138,0),(4021,1,3994,'Усинск',21713,0),(4022,1,3994,'Усогорск',2302,0),(4023,1,3994,'Усть-Кулом',6337,0),(4024,1,3994,'Усть-Цильма',5612,0),(4025,1,3994,'Ухта',152,0),(4027,1,4026,'Антропово',9174,0),(4028,1,4026,'Боговарово',3139,0),(4029,1,4026,'Буй',2760,0),(4030,1,4026,'Волгореченск',16729,0),(4031,1,4026,'Галич',18445,0),(4032,1,4026,'Горчуха',12820,0),(4033,1,4026,'Зебляки',1040528,0),(4034,1,4026,'Кадый',1038310,0),(4035,1,4026,'Кологрив',1038423,0),(4036,1,4026,'Кострома',71,0),(4037,1,4026,'Красное-на-Волге',12770,0),(4038,1,4026,'Макарьев',17096,0),(4039,1,4026,'Мантурово',2859,0),(4040,1,4026,'Нерехта',5487,0),(4041,1,4026,'Нея',5115,0),(4042,1,4026,'Островское',5978,0),(4043,1,4026,'Павино',1039490,0),(4044,1,4026,'Парфентьево',1054584,0),(4045,1,4026,'Поназырево',5210,0),(4046,1,4026,'Солигалич',1083,0),(4047,1,4026,'Судиславль',8742,0),(4048,1,4026,'Сусанино',7820,0),(4049,1,4026,'Чухлома',14771,0),(4050,1,4026,'Шарья',1043,0),(4051,1,4026,'Шемятино',1038719,0),(4053,1,4052,'Абинск',1115,0),(4054,1,4052,'Абрау-Дюрсо',7432,0),(4055,1,4052,'Анапа',354,0),(4056,1,4052,'Апшеронск',1394,0),(4057,1,4052,'Армавир',21,0),(4058,1,4052,'Архипо-Осиповка',20320,0),(4059,1,4052,'Афипский',3462,0),(4060,1,4052,'Ахтырский',5078,0),(4061,1,4052,'Ачуево',1041938,0),(4062,1,4052,'Белореченск',2163,0),(4063,1,4052,'Верхнебаканский',1041751,0),(4064,1,4052,'Выселки',1003055,0),(4065,1,4052,'Геленджик',44,0),(4066,1,4052,'Гиагинская',5316,0),(4067,1,4052,'Горячий Ключ',6875,0),(4068,1,4052,'Джубга',1161143,0),(4069,1,4052,'Динская',5219,0),(4070,1,4052,'Ейск',788,0),(4071,1,4052,'Ильский',9788,0),(4072,1,4052,'Кабардинка',8698,0),(4073,1,4052,'Калинино',7984,0),(4074,1,4052,'Калининская',15157,0),(4075,1,4052,'Каменномостский',17534,0),(4076,1,4052,'Каневская',6303,0),(4077,1,4052,'Кореновск',624,0),(4079,1,4052,'Краснодар',72,0),(4080,1,4052,'Кропоткин',2066,0),(4081,1,4052,'Крыловская',10302,0),(4082,1,4052,'Крымск',288,0),(2185858,1,4052,'Курганинск',5315,0),(4083,1,4052,'Кущевская',17787,0),(4084,1,4052,'Лабинск',2747,0),(4086,1,4052,'Майкоп',83,0),(4087,1,4052,'Мостовской',7101,0),(4088,1,4052,'Новороссийск',98,0),(4089,1,4052,'Отрадная',17150,0),(4090,1,4052,'Павловская',14436,0),(4091,1,4052,'Приморско-Ахтарск',8833,0),(4092,1,4052,'Северская',6489,0),(4093,1,4052,'Славянск-на-Кубани',129,0),(4094,1,4052,'Сочи',133,0),(4095,1,4052,'Староминская',20547,0),(4096,1,4052,'Старощербиновская',17124,0),(4097,1,4052,'Тбилисская',6006,0),(4098,1,4052,'Темрюк',2486,0),(4099,1,4052,'Тимашевск',2322,0),(4100,1,4052,'Тихорецк',1186,0),(4101,1,4052,'Туапсе',1151,0),(4102,1,4052,'Тульский',11144,0),(4103,1,4052,'Усть-Лабинск',3229,0),(4104,1,4052,'Шовгеновский',1977,0),(10502714,1,4105,' Железногорск',1142,0),(4106,1,4105,'Абаза',2541,0),(4107,1,4105,'Абакан',17,0),(4108,1,4105,'Абан',15910,0),(4109,1,4105,'Агинское',3155,0),(4110,1,4105,'Артемовск',4611,0),(4111,1,4105,'Аскиз',2047,0),(4112,1,4105,'Ачинск',882,0),(4113,1,4105,'Байкит',6399,0),(4114,1,4105,'Балахта',1134926,0),(4115,1,4105,'Балыкса',1122354,0),(4116,1,4105,'Белый Яр',18151,0),(4118,1,4105,'Бея',17561,0),(4119,1,4105,'Бискамжа',1159461,0),(4120,1,4105,'Боготол',11881,0),(4121,1,4105,'Боград',1159540,0),(4122,1,4105,'Богучаны',9800,0),(4123,1,4105,'Большая Мурта',15513,0),(4124,1,4105,'Большой Улуй',5996,0),(4125,1,4105,'Бородино',17571,0),(4126,1,4105,'Ванавара',11532,0),(4127,1,4105,'Верхнеимбатск',1136822,0),(4128,1,4105,'Горячегорск',1137019,0),(4129,1,4105,'Дзержинское',17570,0),(4130,1,4105,'Дивногорск',641,0),(4131,1,4105,'Диксон',10307,0),(4132,1,4105,'Дудинка',213,0),(4133,1,4105,'Емельяново',1017857,0),(4134,1,4105,'Енисейск',2152,0),(4135,1,4105,'Ермаковское',14644,0),(4136,1,4105,'Заозерный',21277,0),(3409478,1,4105,'Зеленогорск',868,0),(4137,1,4105,'Игарка',1683,0),(4138,1,4105,'Идринское',1135595,0),(4139,1,4105,'Иланский',18022,0),(4140,1,4105,'Ирбейское',17562,0),(4141,1,4105,'Казачинское',17663,0),(4142,1,4105,'Канск',1930,0),(4143,1,4105,'Каратузское',1135891,0),(4144,1,4105,'Караул',1092470,0),(4145,1,4105,'Кежма',1135942,0),(6456567,1,4105,'Кодинск',4538,0),(4146,1,4105,'Козулька',15941,0),(4147,1,4105,'Копьево',17199,0),(4148,1,4105,'Краснотуранск',1136032,0),(4149,1,4105,'Красноярск',73,0),(4150,1,4105,'Курагино',541,0),(4151,1,4105,'Лесосибирск',3156,0),(4152,1,4105,'Минусинск',3653,0),(4153,1,4105,'Мотыгино',1077206,0),(4154,1,4105,'Назарово',2611,0),(4155,1,4105,'Нижний Ингаш',13970,0),(4156,1,4105,'Новоселово',7302,0),(4157,1,4105,'Норильск',102,0),(4158,1,4105,'Партизанское',1012745,0),(4159,1,4105,'Пировское',10761,0),(4160,1,4105,'Саяногорск',232,0),(4161,1,4105,'Северо-Енисейский',1923,0),(5020614,1,4105,'Сосновоборск',261,0),(4162,1,4105,'Тасеево',1136802,0),(4163,1,4105,'Таштып',1159620,0),(4164,1,4105,'Тура',15447,0),(4165,1,4105,'Туруханск',14791,0),(4166,1,4105,'Тюхтет',1136894,0),(4167,1,4105,'Ужур',4234,0),(4169,1,4105,'Уяр',1693,0),(4170,1,4105,'Хатанга',3123,0),(4171,1,4105,'Черемушки',17657,0),(4172,1,4105,'Черногорск',1156,0),(4173,1,4105,'Шалинское',1136203,0),(2479040,1,4105,'Шарыпово',311,0),(4174,1,4105,'Шира',19442,0),(4175,1,4105,'Шушенское',3319,0),(4177,1,4176,'Варгаши',20336,0),(4178,1,4176,'Глядянское',18840,0),(4179,1,4176,'Далматово',10320,0),(4180,1,4176,'Каргаполье',1728,0),(4181,1,4176,'Катайск',4838,0),(4182,1,4176,'Кетово',4781,0),(4183,1,4176,'Курган',74,0),(4184,1,4176,'Куртамыш',12065,0),(4185,1,4176,'Лебяжье',16962,0),(4186,1,4176,'Макушино',15390,0),(4187,1,4176,'Мишкино',19458,0),(4188,1,4176,'Мокроусово',1008738,0),(4189,1,4176,'Петухово',6251,0),(4190,1,4176,'Половинное',17438,0),(4191,1,4176,'Сафакулево',14362,0),(4192,1,4176,'Целинное',1123375,0),(4193,1,4176,'Шадринск',163,0),(4194,1,4176,'Шатрово',11392,0),(4195,1,4176,'Шумиха',5297,0),(4196,1,4176,'Щучье',16619,0),(4197,1,4176,'Юргамыш',1138433,0),(4199,1,4198,'Альменево',1114163,0),(4200,1,4198,'Белая',16273,0),(4201,1,4198,'Большое Солдатское',1042445,0),(4202,1,4198,'Глушково',1016175,0),(4203,1,4198,'Горшечное',18161,0),(4204,1,4198,'Дмитриев-Льговский',15713,0),(4205,1,4198,'Железногорск',4644,0),(4206,1,4198,'Золотухино',3422,0),(4207,1,4198,'Касторное',18000,0),(4208,1,4198,'Конышевка',1043166,0),(4209,1,4198,'Коренево',17365,0),(4210,1,4198,'Курск',3658,0),(4211,1,4198,'Курчатов',1516,0),(4212,1,4198,'Кшенский',1044337,0),(4213,1,4198,'Льгов',2448,0),(4214,1,4198,'Мантурово',2859,0),(4215,1,4198,'Медвенка',1043783,0),(4216,1,4198,'Обоянь',3824,0),(4217,1,4198,'Поныри',1044071,0),(4218,1,4198,'Пристень',1342,0),(4219,1,4198,'Прямицыно',19066,0),(4220,1,4198,'Рыльск',4216,0),(4221,1,4198,'Суджа',20671,0),(4222,1,4198,'Тим',15531,0),(4223,1,4198,'Фатеж',10527,0),(4224,1,4198,'Хомутовка',7484,0),(4225,1,4198,'Черемисиново',19352,0),(4226,1,4198,'Щигры',2939,0),(4228,1,4227,'Грязи',3012,0),(4230,1,4227,'Доброе',7876,0),(4231,1,4227,'Долгоруково',15839,0),(4232,1,4227,'Елец',51,0),(4233,1,4227,'Задонск',6980,0),(4234,1,4227,'Измалково',17358,0),(4235,1,4227,'Казинка',1009678,0),(4236,1,4227,'Лебедянь',760,0),(4237,1,4227,'Лев Толстой',1049748,0),(4238,1,4227,'Липецк',78,0),(4239,1,4227,'Тербуны',1050080,0),(4240,1,4227,'Усмань',18779,0),(4241,1,4227,'Хлевное',5741,0),(4242,1,4227,'Чаплыгин',3273,0),(4244,1,4243,'Анадырь',828,0),(4245,1,4243,'Атка',13566,0),(4246,1,4243,'Балыгычан',1138468,0),(4247,1,4243,'Беринговский',11134,0),(4248,1,4243,'Билибино',1069,0),(4249,1,4243,'Большевик',6951,0),(4250,1,4243,'Ванкарем',1160884,0),(4252,1,4243,'Кадыкчан',4192,0),(4253,1,4243,'Лаврентия',16049,0),(4254,1,4243,'Магадан',81,0),(4255,1,4243,'Мыс Шмидта',12659,0),(4256,1,4243,'Ола',7814,0),(4258,1,4243,'Омсукчан',8077,0),(4259,1,4243,'Палатка',8408,0),(4260,1,4243,'Певек',1467,0),(4261,1,4243,'Провидения',5644,0),(4262,1,4243,'Сеймчан',11731,0),(4263,1,4243,'Синегорье',6790,0),(4264,1,4243,'Сусуман',1690,0),(4265,1,4243,'Усть-Белая',20452,0),(4266,1,4243,'Усть-Омчуг',9726,0),(4267,1,4243,'Эвенск',10183,0),(4268,1,4243,'Эгвекинот',12827,0),(4269,1,4243,'Ягодное',1643,0),(4271,1,4270,'Волжск',3249,0),(4272,1,4270,'Дубовский',1014656,0),(4273,1,4270,'Звенигово',10860,0),(4274,1,4270,'Йошкар-Ола',59,0),(4275,1,4270,'Килемары',14133,0),(4276,1,4270,'Козьмодемьянск',3727,0),(4277,1,4270,'Куженер',12060,0),(4278,1,4270,'Мари-Турек',1051021,0),(4279,1,4270,'Медведево',7147,0),(4280,1,4270,'Морки',8252,0),(4282,1,4270,'Оршанка',1051606,0),(4283,1,4270,'Параньга',1051672,0),(4284,1,4270,'Сернур',1051821,0),(4285,1,4270,'Советский',21612,0),(4286,1,4270,'Юрино',1019531,0),(4288,1,4287,'Ардатов',12415,0),(4289,1,4287,'Атюрьево',1052115,0),(4290,1,4287,'Атяшево',6440,0),(4291,1,4287,'Большие Березники',1052231,0),(4292,1,4287,'Большое Игнатово',1052270,0),(4293,1,4287,'Выша',1052439,0),(4294,1,4287,'Ельники',17943,0),(4296,1,4287,'Инсар',3122,0),(4297,1,4287,'Кадошкино',9206,0),(4298,1,4287,'Кемля',11568,0),(4299,1,4287,'Ковылкино',6961,0),(4300,1,4287,'Комсомольский',11522,0),(4301,1,4287,'Кочкурово',1052322,0),(4302,1,4287,'Краснослободск',4482,0),(4303,1,4287,'Лямбирь',11627,0),(4304,1,4287,'Ромоданово',1053008,0),(4305,1,4287,'Рузаевка',20803,0),(4306,1,4287,'Саранск',124,0),(4307,1,4287,'Старое Шайгово',6250,0),(4308,1,4287,'Темников',5803,0),(4309,1,4287,'Теньгушево',1053310,0),(4310,1,4287,'Торбеево',14895,0),(4311,1,4287,'Чамзинка',19612,0),(4482,1,4481,'Апатиты',175,0),(4483,1,4481,'Африканда',8282,0),(4484,1,4481,'Верхнетуломский',4179,0),(2413243,1,4481,'Заозерск',7406,0),(4485,1,4481,'Заполярный',14683,0),(4486,1,4481,'Зареченск',14706,0),(4487,1,4481,'Зашеек',1035810,0),(4488,1,4481,'Зеленоборский',3579,0),(4489,1,4481,'Кандалакша',326,0),(4490,1,4481,'Кильдинстрой',5802,0),(4491,1,4481,'Кировск',21068,0),(4492,1,4481,'Ковдор',1092,0),(4493,1,4481,'Кола',5543,0),(4494,1,4481,'Конда',1002445,0),(4495,1,4481,'Мончегорск',187,0),(4496,1,4481,'Мурманск',87,0),(4497,1,4481,'Мурмаши',7145,0),(4498,1,4481,'Никель',268,0),(4499,1,4481,'Оленегорск',240,0),(5020595,1,4481,'Полярные Зори',376,0),(4500,1,4481,'Полярный',7139,0),(4501,1,4481,'Североморск',172,0),(4778470,1,4481,'Снежногорск',20281,0),(4502,1,4481,'Умба',7446,0),(3564,1,3563,'Ардатов',12415,0),(3565,1,3563,'Арзамас',20,0),(3566,1,3563,'Арья',11779,0),(3567,1,3563,'Балахна',6111,0),(3568,1,3563,'Богородск',2225,0),(3570,1,3563,'Большое Болдино',1138939,0),(3571,1,3563,'Большое Козино',1138739,0),(3572,1,3563,'Большое Мурашкино',22293,0),(3573,1,3563,'Большое Пикино',1139058,0),(3574,1,3563,'Бор',396,0),(3575,1,3563,'Бутурлино',15254,0),(3576,1,3563,'Вад',1037219,0),(3577,1,3563,'Варнавино',17992,0),(3578,1,3563,'Васильсурск',1139957,0),(3579,1,3563,'Вахтан',17431,0),(3580,1,3563,'Вача',14672,0),(3581,1,3563,'Велетьма',1141373,0),(3582,1,3563,'Ветлуга',16900,0),(3583,1,3563,'Виля',1140145,0),(3584,1,3563,'Вознесенское',20345,0),(3585,1,3563,'Володарск',13872,0),(3586,1,3563,'Воротынец',12295,0),(3587,1,3563,'Ворсма',1803,0),(3588,1,3563,'Воскресенское',20339,0),(3589,1,3563,'Выездное',14545,0),(3590,1,3563,'Выкса',6923,0),(3591,1,3563,'Гагино',14766,0),(3592,1,3563,'Гидроторф',1138745,0),(3593,1,3563,'Горбатов',13905,0),(3594,1,3563,'Горбатовка',1031015,0),(3595,1,3563,'Городец',9758,0),(3596,1,3563,'Горький',1041719,0),(3597,1,3563,'Дальнее Константиново',14901,0),(3598,1,3563,'Дзержинск',6276,0),(3599,1,3563,'Дивеево',1140830,0),(3600,1,3563,'Досчатое',20493,0),(3601,1,3563,'Заволжье',19296,0),(3602,1,3563,'Катунки',1143062,0),(3603,1,3563,'Керженец',1142059,0),(3604,1,3563,'Княгинино',1594,0),(3605,1,3563,'Ковернино',13227,0),(3606,1,3563,'Красные Баки',5850,0),(3607,1,3563,'Кстово',548,0),(3608,1,3563,'Кулебаки',1781,0),(3609,1,3563,'Лукоянов',7380,0),(3610,1,3563,'Лысково',4310,0),(3611,1,3563,'Навашино',854,0),(3612,1,3563,'Нижний Новгород',95,0),(3613,1,3563,'Павлово',18160,0),(3614,1,3563,'Первомайск',20552,0),(3615,1,3563,'Перевоз',1000934,0),(3616,1,3563,'Пильна',4447,0),(3617,1,3563,'Починки',1028023,0),(2185271,1,3563,'Саров',431,0),(3618,1,3563,'Сергач',11988,0),(3619,1,3563,'Сеченово',1031379,0),(3620,1,3563,'Сосновское',6646,0),(3621,1,3563,'Спасское',20529,0),(3622,1,3563,'Тонкино',1132518,0),(3623,1,3563,'Тоншаево',1142840,0),(3624,1,3563,'Уразовка',19465,0),(3625,1,3563,'Урень',13519,0),(3626,1,3563,'Чкаловск',1371,0),(3627,1,3563,'Шаранга',19958,0),(3628,1,3563,'Шатки',14954,0),(3629,1,3563,'Шахунья',1305,0),(4504,1,4503,'Анциферово',1002542,0),(4505,1,4503,'Батецкий',7229,0),(4506,1,4503,'Большая Вишера',18293,0),(4507,1,4503,'Боровичи',353,0),(4508,1,4503,'Валдай',527,0),(4509,1,4503,'Волот',11516,0),(4511,1,4503,'Зарубино',1022576,0),(4513,1,4503,'Любытино',16905,0),(4514,1,4503,'Малая Вишера',2465,0),(4515,1,4503,'Марево',5649,0),(4516,1,4503,'Мошенское',9333,0),(4518,1,4503,'Окуловка',1171,0),(4519,1,4503,'Парфино',9241,0),(4520,1,4503,'Пестово',898,0),(4521,1,4503,'Поддорье',3633,0),(4522,1,4503,'Сольцы',688,0),(4523,1,4503,'Старая Русса',640,0),(4524,1,4503,'Хвойное',1047523,0),(4525,1,4503,'Холм',2563,0),(4526,1,4503,'Чудово',2181,0),(4527,1,4503,'Шимск',13053,0),(4529,1,4528,'Баган',1143522,0),(4530,1,4528,'Барабинск',15326,0),(4531,1,4528,'Бердск',1133,0),(4532,1,4528,'Биаза',1144597,0),(4533,1,4528,'Болотное',11145,0),(4534,1,4528,'Венгерово',8703,0),(4535,1,4528,'Довольное',4394,0),(4536,1,4528,'Завьялово',1109720,0),(4537,1,4528,'Искитим',14876,0),(4538,1,4528,'Карасук',4017,0),(4539,1,4528,'Каргат',1143940,0),(4540,1,4528,'Колывань',1083600,0),(4541,1,4528,'Краснозерское',14850,0),(4542,1,4528,'Крутиха',1020669,0),(4543,1,4528,'Куйбышев',707,0),(4544,1,4528,'Купино',7068,0),(4545,1,4528,'Кыштовка',1144354,0),(4546,1,4528,'Маслянино',1370,0),(4547,1,4528,'Михайловский',1005399,0),(4548,1,4528,'Мошково',1027376,0),(4549,1,4528,'Новосибирск',99,0),(4550,1,4528,'Ордынское',18926,0),(4551,1,4528,'Северное',1031875,0),(4552,1,4528,'Сузун',5656,0),(4553,1,4528,'Татарск',9761,0),(4554,1,4528,'Тогучин',1144826,0),(4555,1,4528,'Убинское',1144887,0),(4556,1,4528,'Усть-Тарка',13746,0),(4557,1,4528,'Чаны',1144987,0),(4558,1,4528,'Черепаново',1344,0),(4559,1,4528,'Чистоозерное',1145086,0),(4560,1,4528,'Чулым',1921,0),(4562,1,4561,'Береговой',1004167,0),(4563,1,4561,'Большеречье',11422,0),(4564,1,4561,'Большие Уки',1145243,0),(4565,1,4561,'Горьковское',1031016,0),(4566,1,4561,'Знаменское',2718,0),(4567,1,4561,'Исилькуль',1145365,0),(4568,1,4561,'Калачинск',5917,0),(4569,1,4561,'Колосовка',1031042,0),(4570,1,4561,'Кормиловка',18371,0),(4571,1,4561,'Крутинка',1145547,0),(4572,1,4561,'Любинский',3414,0),(4573,1,4561,'Марьяновка',6163,0),(4574,1,4561,'Муромцево',7247,0),(4575,1,4561,'Называевск',1145847,0),(4576,1,4561,'Нижняя Омка',19268,0),(4577,1,4561,'Нововаршавка',1145952,0),(4578,1,4561,'Одесское',1145977,0),(4579,1,4561,'Оконешниково',1146008,0),(4580,1,4561,'Омск',104,0),(4581,1,4561,'Павлоградка',10730,0),(4582,1,4561,'Полтавка',12016,0),(4583,1,4561,'Русская Поляна',9012,0),(4584,1,4561,'Саргатское',14387,0),(4585,1,4561,'Седельниково',1125267,0),(4586,1,4561,'Таврическое',15327,0),(4587,1,4561,'Тара',7402,0),(4588,1,4561,'Тевриз',13623,0),(4589,1,4561,'Тюкалинск',10735,0),(4590,1,4561,'Усть-Ишим',1146622,0),(4591,1,4561,'Черлак',9130,0),(4592,1,4561,'Шербакуль',7660,0),(4594,1,4593,'Абдулино',5399,0),(4595,1,4593,'Адамовка',1004663,0),(4596,1,4593,'Айдырлинский',1147320,0),(4597,1,4593,'Акбулак',7572,0),(4598,1,4593,'Аккермановка',1147719,0),(4599,1,4593,'Асекеево',16391,0),(4600,1,4593,'Беляевка',1015404,0),(4601,1,4593,'Бугуруслан',830,0),(4602,1,4593,'Бузулук',2404,0),(4603,1,4593,'Гай',4257,0),(4604,1,4593,'Грачевка',18790,0),(4605,1,4593,'Домбаровский',2802,0),(4606,1,4593,'Дубенский',1146988,0),(4607,1,4593,'Илек',14680,0),(4608,1,4593,'Ириклинский',18034,0),(4609,1,4593,'Кувандык',4705,0),(4610,1,4593,'Курманаевка',1147545,0),(4611,1,4593,'Матвеевка',1210,0),(4612,1,4593,'Медногорск',5539,0),(4613,1,4593,'Новоорск',10525,0),(4614,1,4593,'Новосергиевка',13249,0),(4615,1,4593,'Новотроицк',708,0),(4616,1,4593,'Октябрьское',18890,0),(4617,1,4593,'Оренбург',106,0),(4618,1,4593,'Орск',108,0),(4619,1,4593,'Первомайский',19509,0),(4620,1,4593,'Переволоцкий',14422,0),(4621,1,4593,'Пономаревка',1005701,0),(4622,1,4593,'Саракташ',14537,0),(4623,1,4593,'Светлый',22246,0),(4624,1,4593,'Северное',1031875,0),(4625,1,4593,'Соль-Илецк',8043,0),(4626,1,4593,'Сорочинск',16725,0),(4627,1,4593,'Ташла',10853,0),(4628,1,4593,'Тоцкое',5449,0),(4629,1,4593,'Тюльган',18742,0),(4630,1,4593,'Шарлык',11081,0),(4631,1,4593,'Энергетик',7191,0),(4632,1,4593,'Ясный',3802,0),(4634,1,4633,'Болхов',3941,0),(4635,1,4633,'Верховье',14091,0),(4636,1,4633,'Глазуновка',14192,0),(4638,1,4633,'Долгое',1003061,0),(4639,1,4633,'Залегощь',19331,0),(4640,1,4633,'Змиевка',16088,0),(4641,1,4633,'Знаменское',2718,0),(4643,1,4633,'Красная Заря',1001621,0),(4644,1,4633,'Кромы',14025,0),(4645,1,4633,'Ливны',4130,0),(4646,1,4633,'Малоархангельск',5987,0),(4647,1,4633,'Мценск',609,0),(4648,1,4633,'Нарышкино',7507,0),(4649,1,4633,'Новосиль',4312,0),(4650,1,4633,'Орел',105,0),(4651,1,4633,'Покровское',13913,0),(4652,1,4633,'Сосково',1043435,0),(4653,1,4633,'Тросна',1011829,0),(4654,1,4633,'Хомутово',16842,0),(4655,1,4633,'Хотынец',1067384,0),(4656,1,4633,'Шаблыкино',1055143,0),(4658,1,4657,'Башмаково',20347,0),(4660,1,4657,'Беково',1047539,0),(4661,1,4657,'Белинский',13288,0),(4662,1,4657,'Бессоновка',1009502,0),(4663,1,4657,'Вадинск',9158,0),(4664,1,4657,'Верхозим',1068139,0),(4665,1,4657,'Городище',4013,0),(4666,1,4657,'Евлашево',7284,0),(4667,1,4657,'Земетчино',6766,0),(4668,1,4657,'Золотаревка',1042402,0),(4669,1,4657,'Исса',1067915,0),(4670,1,4657,'Каменка',20962,0),(4671,1,4657,'Колышлей',4178,0),(4672,1,4657,'Кондоль',10063,0),(4673,1,4657,'Кузнецк',479,0),(4674,1,4657,'Лопатино',20283,0),(4675,1,4657,'Малая Сердоба',1068307,0),(4676,1,4657,'Мокшан',575,0),(4677,1,4657,'Наровчат',1068450,0),(4678,1,4657,'Неверкино',5767,0),(4679,1,4657,'Нижний Ломов',5075,0),(4680,1,4657,'Никольск',3699,0),(4681,1,4657,'Пачелма',1068651,0),(4682,1,4657,'Пенза',109,0),(4683,1,4657,'Русский Камешкир',1068032,0),(4684,1,4657,'Сердобск',16746,0),(4685,1,4657,'Сосновоборск',261,0),(4686,1,4657,'Сура',12099,0),(4687,1,4657,'Тамала',20601,0),(4688,1,4657,'Шемышейка',1069002,0),(4690,1,4689,'Барда',6928,0),(4691,1,4689,'Березники',899,0),(4692,1,4689,'Большая Соснова',1148770,0),(4693,1,4689,'Верещагино',7557,0),(4694,1,4689,'Гайны',1004688,0),(4695,1,4689,'Горнозаводск',22009,0),(4696,1,4689,'Гремячинск',4881,0),(4697,1,4689,'Губаха',3992,0),(4698,1,4689,'Добрянка',4590,0),(4699,1,4689,'Елово',16044,0),(4700,1,4689,'Зюкайка',1148926,0),(4701,1,4689,'Ильинский',7173,0),(4702,1,4689,'Карагай',14402,0),(4703,1,4689,'Керчевский',9705,0),(4704,1,4689,'Кизел',9014,0),(4705,1,4689,'Коса',1077709,0),(4706,1,4689,'Кочево',7585,0),(4707,1,4689,'Красновишерск',1303,0),(4708,1,4689,'Краснокамск',2117,0),(4709,1,4689,'Кудымкар',4410,0),(4710,1,4689,'Куеда',12601,0),(4711,1,4689,'Кунгур',5574,0),(4712,1,4689,'Лысьва',10833,0),(4713,1,4689,'Ныроб',1152250,0),(4714,1,4689,'Нытва',2980,0),(4715,1,4689,'Октябрьский',19820,0),(4716,1,4689,'Орда',7743,0),(4717,1,4689,'Оса',8763,0),(4718,1,4689,'Оханск',1151209,0),(4719,1,4689,'Очер',1151296,0),(4720,1,4689,'Пермь',110,0),(4721,1,4689,'Соликамск',132,0),(4722,1,4689,'Суксун',1151904,0),(4723,1,4689,'Уинское',15493,0),(4724,1,4689,'Усолье',7168,0),(4725,1,4689,'Усть-Кишерть',1149781,0),(4726,1,4689,'Чайковский',156,0),(4727,1,4689,'Частые',13013,0),(4728,1,4689,'Чердынь',946,0),(4729,1,4689,'Чернореченский',1014220,0),(4730,1,4689,'Чернушка',6582,0),(4731,1,4689,'Чусовой',5459,0),(4732,1,4689,'Юрла',1152566,0),(4733,1,4689,'Юсьва',15253,0),(4735,1,4734,'Анучино',14794,0),(4736,1,4734,'Арсеньев',2435,0),(4737,1,4734,'Артем',1991,0),(4738,1,4734,'Артемовский',251,0),(4739,1,4734,'Большой Камень',1602,0),(4740,1,4734,'Валентин',1152853,0),(4741,1,4734,'Владивосток',37,0),(4742,1,4734,'Высокогорск',1152786,0),(4743,1,4734,'Горные Ключи',1152803,0),(4744,1,4734,'Горный',15735,0),(4745,1,4734,'Дальнегорск',1863,0),(4746,1,4734,'Дальнереченск',7106,0),(4747,1,4734,'Зарубино',1022576,0),(4748,1,4734,'Кавалерово',18791,0),(4749,1,4734,'Каменка',20962,0),(4750,1,4734,'Камень-Рыболов',1763,0),(4751,1,4734,'Кировский',3684,0),(4752,1,4734,'Лазо',8342,0),(4753,1,4734,'Лесозаводск',1818,0),(4754,1,4734,'Лучегорск',2630,0),(4755,1,4734,'Михайловка',21183,0),(4756,1,4734,'Находка',91,0),(4757,1,4734,'Новопокровка',19363,0),(4758,1,4734,'Ольга',16825,0),(4759,1,4734,'Партизанск',2405,0),(4760,1,4734,'Пограничный',7427,0),(4761,1,4734,'Покровка',6332,0),(4762,1,4734,'Русский',1066618,0),(4763,1,4734,'Самарга',1153140,0),(4764,1,4734,'Славянка',5729,0),(4765,1,4734,'Спасск-Дальний',2228,0),(4766,1,4734,'Терней',1153142,0),(4767,1,4734,'Уссурийск',150,0),(10689767,1,4734,'Фокино',13409,0),(4768,1,4734,'Хасан',1153245,0),(4769,1,4734,'Хороль',10938,0),(4770,1,4734,'Черниговка',2567,0),(4771,1,4734,'Чугуевка',10564,0),(4772,1,4734,'Яковлевка',1786,0),(4774,1,4773,'Бежаницы',3450,0),(4775,1,4773,'Великие Луки',34,0),(4776,1,4773,'Гдов',1295,0),(4777,1,4773,'Дедовичи',9046,0),(4778,1,4773,'Дно',20317,0),(4779,1,4773,'Заплюсье',4608,0),(4780,1,4773,'Идрица',5294,0),(4782,1,4773,'Кунья',20482,0),(4783,1,4773,'Локня',5289,0),(4784,1,4773,'Невель',617,0),(4785,1,4773,'Новоржев',1638,0),(4786,1,4773,'Новосокольники',1382,0),(4787,1,4773,'Опочка',2267,0),(4788,1,4773,'Остров',1112,0),(4789,1,4773,'Палкино',4656,0),(4790,1,4773,'Печоры',2116,0),(4791,1,4773,'Плюсса',181,0),(4792,1,4773,'Порхов',1343,0),(4793,1,4773,'Псков',114,0),(4794,1,4773,'Пустошка',5023,0),(4795,1,4773,'Пушкинские Горы',3806,0),(4796,1,4773,'Пыталово',9435,0),(4797,1,4773,'Себеж',9528,0),(4799,1,4773,'Усвяты',13811,0),(4801,1,4800,'Азов',3425,0),(4802,1,4800,'Аксай',7690,0),(4803,1,4800,'Алмазный',15574,0),(4806,1,4800,'Батайск',4712,0),(4807,1,4800,'Белая Калитва',1061,0),(4808,1,4800,'Боковская',8340,0),(4809,1,4800,'Большая Мартыновка',16470,0),(4810,1,4800,'Вешенская',8693,0),(4811,1,4800,'Волгодонск',3700,0),(4812,1,4800,'Восход',21930,0),(4813,1,4800,'Гигант',1011678,0),(4814,1,4800,'Горняцкий',1042793,0),(4815,1,4800,'Гуково',642,0),(4816,1,4800,'Донецк',8590,0),(4817,1,4800,'Донской',2539,0),(4818,1,4800,'Дубовское',1078113,0),(7592215,1,4800,'Егорлыкская',16602,0),(4819,1,4800,'Жирнов',12874,0),(4820,1,4800,'Заветное',14209,0),(4821,1,4800,'Заводской',7001,0),(4822,1,4800,'Зверево',9519,0),(4823,1,4800,'Зерноград',54,0),(4824,1,4800,'Зимовники',8748,0),(4825,1,4800,'Кагальницкая',20687,0),(4826,1,4800,'Казанская',1041111,0),(4827,1,4800,'Каменоломни',1079322,0),(4828,1,4800,'Каменск-Шахтинский',328,0),(4829,1,4800,'Кашары',5218,0),(4830,1,4800,'Коксовый',1077884,0),(4831,1,4800,'Константиновск',11940,0),(4832,1,4800,'Красный Сулин',4044,0),(4833,1,4800,'Куйбышево',16655,0),(4834,1,4800,'Матвеев Курган',4669,0),(4835,1,4800,'Мигулинская',1077997,0),(4836,1,4800,'Миллерово',1677,0),(4837,1,4800,'Милютинская',10219,0),(4838,1,4800,'Морозовск',601,0),(4839,1,4800,'Новочеркасск',101,0),(4840,1,4800,'Новошахтинск',461,0),(4841,1,4800,'Обливская',1079280,0),(4842,1,4800,'Орловский',11663,0),(4843,1,4800,'Песчанокопское',13504,0),(4844,1,4800,'Покровское',13913,0),(4845,1,4800,'Пролетарск',1582,0),(4846,1,4800,'Ремонтное',1079505,0),(4847,1,4800,'Родионово-Несветайская',1079556,0),(4848,1,4800,'Ростов-на-Дону',119,0),(4849,1,4800,'Сальск',6541,0),(4850,1,4800,'Семикаракорск',4902,0),(4851,1,4800,'Таганрог',139,0),(4852,1,4800,'Тарасовский',1079755,0),(4854,1,4800,'Усть-Донецкий',10713,0),(4855,1,4800,'Целина',18754,0),(4856,1,4800,'Цимлянск',3978,0),(4857,1,4800,'Чалтырь',5349,0),(4858,1,4800,'Чертково',10387,0),(4859,1,4800,'Шахты',164,0),(4860,1,4800,'Шолоховский',9227,0),(4862,1,4861,'Александро-Невский',10164,0),(4863,1,4861,'Горняк',1995,0),(4865,1,4861,'Елатьма',16934,0),(4866,1,4861,'Ермишь',1080096,0),(4867,1,4861,'Заречный',1724,0),(4868,1,4861,'Захарово',1000329,0),(4869,1,4861,'Кадом',1080234,0),(4870,1,4861,'Касимов',3858,0),(4871,1,4861,'Кораблино',3379,0),(4872,1,4861,'Милославское',7442,0),(4873,1,4861,'Михайлов',11701,0),(4874,1,4861,'Пителино',1081309,0),(4875,1,4861,'Пронск',6358,0),(4876,1,4861,'Путятино',6171,0),(4877,1,4861,'Рыбное',6731,0),(4878,1,4861,'Ряжск',3662,0),(4879,1,4861,'Рязань',122,0),(4880,1,4861,'Сапожок',1015013,0),(4881,1,4861,'Сараи',1077848,0),(4882,1,4861,'Сасово',2525,0),(4883,1,4861,'Скопин',12887,0),(4884,1,4861,'Спас-Клепики',1704,0),(4885,1,4861,'Спасск-Рязанский',2137,0),(4886,1,4861,'Старожилово',17826,0),(4887,1,4861,'Ухолово',10282,0),(4888,1,4861,'Чучково',10286,0),(4889,1,4861,'Шацк',1082806,0),(4890,1,4861,'Шилово',4280,0),(4892,1,4891,'Алексеевка',20686,0),(4893,1,4891,'Безенчук',12148,0),(4894,1,4891,'Богатое',1010064,0),(4895,1,4891,'Богатырь',1025418,0),(4897,1,4891,'Большая Черниговка',9834,0),(4898,1,4891,'Борское',18730,0),(4899,1,4891,'Волжский',18303,0),(4900,1,4891,'Жигулевск',3820,0),(4901,1,4891,'Зольное',1083262,0),(4902,1,4891,'Исаклы',1083278,0),(4903,1,4891,'Камышла',1083316,0),(4904,1,4891,'Кинель',65,0),(4906,1,4891,'Клявлино',1083466,0),(4907,1,4891,'Кошки',1036720,0),(4908,1,4891,'Красноармейское',14435,0),(10500476,1,4891,'Красный Яр',13412,0),(4909,1,4891,'Куйбышев',707,0),(4910,1,4891,'Нефтегорск',8515,0),(4911,1,4891,'Новокуйбышевск',1489,0),(4912,1,4891,'Октябрьск',10205,0),(4913,1,4891,'Отрадный',18033,0),(4914,1,4891,'Пестравка',1083763,0),(4915,1,4891,'Похвистнево',14829,0),(4916,1,4891,'Приволжье',17049,0),(4917,1,4891,'Самара',123,0),(4918,1,4891,'Сызрань',952,0),(4919,1,4891,'Тольятти',143,0),(4920,1,4891,'Хворостянка',1010051,0),(4921,1,4891,'Чапаевск',2040,0),(4922,1,4891,'Челно-Вершины',17037,0),(4923,1,4891,'Шентала',1084207,0),(4924,1,4891,'Шигоны',9056,0),(4970,1,4969,'Александров Гай',1084334,0),(4971,1,4969,'Аркадак',3831,0),(4972,1,4969,'Аткарск',9894,0),(4973,1,4969,'Базарный Карабулак',17229,0),(4974,1,4969,'Балаково',9930,0),(4975,1,4969,'Балашов',600,0),(4976,1,4969,'Балтай',1084662,0),(4977,1,4969,'Возрождение',1022502,0),(4978,1,4969,'Вольск',2745,0),(4979,1,4969,'Воскресенское',20339,0),(4980,1,4969,'Горный',15735,0),(4981,1,4969,'Дергачи',1083593,0),(4982,1,4969,'Духовницкое',1084841,0),(4983,1,4969,'Екатериновка',19279,0),(4984,1,4969,'Ершов',1035480,0),(4985,1,4969,'Заречный',1724,0),(4986,1,4969,'Ивантеевка',20404,0),(4987,1,4969,'Калининск',18075,0),(4988,1,4969,'Каменский',1011046,0),(4989,1,4969,'Красноармейск',13161,0),(4990,1,4969,'Красный Кут',3696,0),(4991,1,4969,'Лысые Горы',1085193,0),(4992,1,4969,'Маркс',8281,0),(4993,1,4969,'Мокроус',5207,0),(4994,1,4969,'Новоузенск',6226,0),(4995,1,4969,'Новые Бурасы',5124,0),(4996,1,4969,'Озинки',14651,0),(4997,1,4969,'Перелюб',1085446,0),(4998,1,4969,'Петровск',3531,0),(4999,1,4969,'Питерка',1085577,0),(5000,1,4969,'Пугачев',5713,0),(5001,1,4969,'Ровное',1009724,0),(5002,1,4969,'Романовка',20528,0),(5003,1,4969,'Ртищево',1192,0),(5004,1,4969,'Самойловка',1007829,0),(5005,1,4969,'Саратов',125,0),(5006,1,4969,'Степное',12944,0),(5007,1,4969,'Татищево',1013201,0),(5008,1,4969,'Турки',15948,0),(5009,1,4969,'Хвалынск',3756,0),(5010,1,4969,'Энгельс',1469,0),(5012,1,5011,'Абый',1153368,0),(5013,1,5011,'Алдан',1320,0),(5014,1,5011,'Амга',12810,0),(5015,1,5011,'Батагай',1329,0),(5016,1,5011,'Бердигестях',11421,0),(5017,1,5011,'Беркакит',14510,0),(5018,1,5011,'Бестях',7013,0),(5019,1,5011,'Борогонцы',7904,0),(5020,1,5011,'Верхневилюйск',5742,0),(5022,1,5011,'Верхоянск',1517,0),(5023,1,5011,'Вилюйск',2147,0),(5024,1,5011,'Витим',5231,0),(5025,1,5011,'Власово',1013802,0),(5026,1,5011,'Жиганск',2046,0),(5027,1,5011,'Зырянка',9636,0),(5028,1,5011,'Кангалассы',1153830,0),(5030,1,5011,'Ленск',3437,0),(5031,1,5011,'Майя',10233,0),(5033,1,5011,'Мирный',21122,0),(5034,1,5011,'Нерюнгри',321,0),(5035,1,5011,'Нычалах',1153391,0),(5036,1,5011,'Нюрба',5160,0),(5037,1,5011,'Олекминск',345,0),(5038,1,5011,'Покровск',2876,0),(5039,1,5011,'Сангар',2740,0),(5040,1,5011,'Саскылах',11927,0),(5041,1,5011,'Среднеколымск',18143,0),(5042,1,5011,'Сунтар',8098,0),(5043,1,5011,'Тикси',2648,0),(5044,1,5011,'Усть-Мая',6894,0),(5045,1,5011,'Усть-Нера',1270,0),(5046,1,5011,'Хандыга',1879,0),(5047,1,5011,'Хонуу',19383,0),(5048,1,5011,'Черский',17896,0),(5049,1,5011,'Чокурдах',18220,0),(5050,1,5011,'Чурапча',162,0),(5051,1,5011,'Якутск',168,0),(5053,1,5052,'Александровск-Сахалинский',6128,0),(5055,1,5052,'Анива',332,0),(5056,1,5052,'Бошняково',10247,0),(5057,1,5052,'Быков',19636,0),(5058,1,5052,'Вахрушев',12832,0),(5059,1,5052,'Взморье',1031606,0),(5060,1,5052,'Гастелло',9824,0),(5061,1,5052,'Горнозаводск',22009,0),(5062,1,5052,'Долинск',2145,0),(5063,1,5052,'Ильинский',7173,0),(5064,1,5052,'Катангли',1153956,0),(5065,1,5052,'Корсаков',6984,0),(5066,1,5052,'Курильск',7863,0),(5067,1,5052,'Макаров',5526,0),(5068,1,5052,'Невельск',5157,0),(5069,1,5052,'Ноглики',5229,0),(5070,1,5052,'Оха',18171,0),(5071,1,5052,'Поронайск',853,0),(5072,1,5052,'Северо-Курильск',6498,0),(5073,1,5052,'Смирных',13285,0),(5074,1,5052,'Томари',7395,0),(5075,1,5052,'Тымовское',7648,0),(5076,1,5052,'Углегорск',18759,0),(5077,1,5052,'Холмск',695,0),(5078,1,5052,'Шахтерск',9250,0),(4777963,1,5052,'Южно-Курильск',7195,0),(5079,1,5052,'Южно-Сахалинск',167,0),(5081,1,5080,'Алапаевск',9340,0),(5082,1,5080,'Алтынай',1155829,0),(5083,1,5080,'Арамиль',6986,0),(5084,1,5080,'Артемовский',251,0),(5085,1,5080,'Арти',15247,0),(5086,1,5080,'Асбест',1135,0),(5087,1,5080,'Ачит',1154397,0),(5088,1,5080,'Байкалово',1003017,0),(5089,1,5080,'Басьяновский',1154663,0),(5090,1,5080,'Белоярский',763,0),(5091,1,5080,'Березовский',2236,0),(5092,1,5080,'Богданович',4797,0),(5093,1,5080,'Буланаш',1154288,0),(5094,1,5080,'Верхний Тагил',21857,0),(5095,1,5080,'Верхняя Пышма',1355,0),(5096,1,5080,'Верхняя Салда',1780,0),(5097,1,5080,'Верхняя Синячиха',14868,0),(5098,1,5080,'Верхняя Сысерть',1155874,0),(5099,1,5080,'Верхняя Тура',20366,0),(5100,1,5080,'Верхотурье',1015999,0),(5101,1,5080,'Висим',1149176,0),(5102,1,5080,'Волчанск',13812,0),(5103,1,5080,'Воронцовка',18544,0),(5104,1,5080,'Гари',1018927,0),(5105,1,5080,'Дегтярск',10378,0),(5106,1,5080,'Екатеринбург',49,0),(5107,1,5080,'Ертарский',1156150,0),(5108,1,5080,'Заводоуспенское',1156152,0),(5109,1,5080,'Зыряновский',1154135,0),(5110,1,5080,'Зюзельский',1155479,0),(5111,1,5080,'Ивдель',2658,0),(5112,1,5080,'Изумруд',13464,0),(5113,1,5080,'Ирбит',1722,0),(5114,1,5080,'Ис',1155395,0),(5115,1,5080,'Каменск-Уральский',1573,0),(5116,1,5080,'Камышлов',20299,0),(5117,1,5080,'Карпинск',3169,0),(5118,1,5080,'Карпунинский',1154751,0),(5119,1,5080,'Качканар',604,0),(5120,1,5080,'Кировград',4250,0),(5121,1,5080,'Краснотурьинск',3243,0),(5122,1,5080,'Красноуральск',2396,0),(5123,1,5080,'Красноуфимск',1277,0),(5124,1,5080,'Кушва',1002,0),(4778496,1,5080,'Лесной',13274,0),(5125,1,5080,'Михайловск',20275,0),(5126,1,5080,'Невьянск',10719,0),(5127,1,5080,'Нижние Серги',1155360,0),(5128,1,5080,'Нижний Тагил',96,0),(5129,1,5080,'Нижняя Салда',13063,0),(5130,1,5080,'Нижняя Тура',5547,0),(5131,1,5080,'Новая Ляля',21858,0),(2499082,1,5080,'Новоуральск',100,0),(5132,1,5080,'Оус',2272,0),(5133,1,5080,'Первоуральск',2001,0),(5134,1,5080,'Полевской',19977,0),(5135,1,5080,'Пышма',1155610,0),(5136,1,5080,'Ревда',22299,0),(5137,1,5080,'Реж',3877,0),(5138,1,5080,'Свердловск',11267,0),(5139,1,5080,'Североуральск',385,0),(5140,1,5080,'Серов',668,0),(5141,1,5080,'Сосьва',1155685,0),(5142,1,5080,'Среднеуральск',7861,0),(5143,1,5080,'Сухой Лог',1000,0),(5144,1,5080,'Сысерть',5393,0),(5145,1,5080,'Таборы',14801,0),(5146,1,5080,'Тавда',14421,0),(5147,1,5080,'Талица',701,0),(5148,1,5080,'Тугулым',1156182,0),(5149,1,5080,'Туринск',1156268,0),(5150,1,5080,'Туринская Слобода',1155816,0),(5152,1,5151,'Алагир',4791,0),(5153,1,5151,'Ардон',3443,0),(5154,1,5151,'Беслан',2161,0),(5155,1,5151,'Бурон',1086253,0),(5156,1,5151,'Владикавказ',38,0),(5157,1,5151,'Дигора',1086348,0),(5158,1,5151,'Моздок',3755,0),(5159,1,5151,'Орджоникидзе',6464,0),(5160,1,5151,'Чикола',12116,0),(5162,1,5161,'Велиж',1482,0),(5163,1,5161,'Верхнеднепровский',1929,0),(5164,1,5161,'Ворга',1088122,0),(5165,1,5161,'Вязьма',3048,0),(5166,1,5161,'Гагарин',833,0),(5167,1,5161,'Глинка',1011519,0),(5168,1,5161,'Голынки',1089625,0),(5169,1,5161,'Демидов',1014099,0),(2184457,1,5161,'Десногорск',787,0),(5170,1,5161,'Дорогобуж',13793,0),(5171,1,5161,'Духовщина',4822,0),(5172,1,5161,'Екимовичи',18213,0),(5173,1,5161,'Ельня',7200,0),(5174,1,5161,'Ершичи',16152,0),(5175,1,5161,'Издешково',11786,0),(5176,1,5161,'Кардымово',1088246,0),(5177,1,5161,'Красный',12297,0),(5178,1,5161,'Монастырщина',8335,0),(5179,1,5161,'Новодугино',6658,0),(5180,1,5161,'Починок',11551,0),(5181,1,5161,'Рославль',967,0),(5182,1,5161,'Рудня',7606,0),(5183,1,5161,'Сафоново',13072,0),(5184,1,5161,'Смоленск',130,0),(5185,1,5161,'Сычевка',8659,0),(5186,1,5161,'Угра',14303,0),(5187,1,5161,'Хиславичи',13696,0),(5188,1,5161,'Холм-Жирковский',1091129,0),(5189,1,5161,'Шумячи',10942,0),(5190,1,5161,'Ярцево',16466,0),(5192,1,5191,'Александровское',12812,0),(5193,1,5191,'Арзгир',2392,0),(5194,1,5191,'Благодарный',3408,0),(5195,1,5191,'Буденновск',1449,0),(5196,1,5191,'Георгиевск',1174,0),(5197,1,5191,'Дивное',15217,0),(5198,1,5191,'Домбай',1145659,0),(5199,1,5191,'Донское',4218,0),(5200,1,5191,'Ессентуки',52,0),(4869166,1,5191,'Железноводск',669,0),(10505475,1,5191,'Зеленокумск',3681,0),(10500094,1,5191,'Изобильный',825,0),(5201,1,5191,'Иноземцево',4094,0),(5202,1,5191,'Ипатово',3060,0),(5203,1,5191,'Карачаевск',63,0),(5204,1,5191,'Кисловодск',67,0),(5205,1,5191,'Кочубеевское',10025,0),(5206,1,5191,'Красногвардейское',18642,0),(5207,1,5191,'Курсавка',13868,0),(5208,1,5191,'Левокумское',20554,0),(5209,1,5191,'Минеральные Воды',1797,0),(5210,1,5191,'Невинномысск',92,0),(5211,1,5191,'Нефтекумск',516,0),(5212,1,5191,'Новоалександровск',7763,0),(5214,1,5191,'Новопавловск',2391,0),(5215,1,5191,'Новоселицкое',3736,0),(5216,1,5191,'Преградная',1035487,0),(5217,1,5191,'Пятигорск',116,0),(5218,1,5191,'Светлоград',735,0),(10498697,1,5191,'Солнечнодольск',6594,0),(5219,1,5191,'Ставрополь',134,0),(5220,1,5191,'Степное',12944,0),(5221,1,5191,'Теберда',6801,0),(5222,1,5191,'Усть-Джегута',5238,0),(5223,1,5191,'Хабез',1035519,0),(5224,1,5191,'Черкесск',159,0),(5226,1,5225,'Бондари',12174,0),(5228,1,5225,'Жердевка',3125,0),(5229,1,5225,'Знаменка',22031,0),(5230,1,5225,'Инжавино',5640,0),(5231,1,5225,'Кирсанов',2091,0),(5232,1,5225,'Котовск',2897,0),(5233,1,5225,'Мичуринск',21855,0),(5234,1,5225,'Мордово',1081977,0),(5235,1,5225,'Моршанск',2211,0),(5236,1,5225,'Мучкапский',5786,0),(3474011,1,5225,'Первомайский',19509,0),(5237,1,5225,'Петровское',17314,0),(5238,1,5225,'Пичаево',13164,0),(5239,1,5225,'Рассказово',4529,0),(5240,1,5225,'Ржакса',18329,0),(5241,1,5225,'Староюрьево',16690,0),(5242,1,5225,'Тамбов',140,0),(5243,1,5225,'Токаревка',16425,0),(5244,1,5225,'Уварово',1813,0),(5245,1,5225,'Умет',5998,0),(5247,1,5246,'Агрыз',17611,0),(5248,1,5246,'Азнакаево',1496,0),(5249,1,5246,'Аксубаево',22296,0),(5250,1,5246,'Актюбинский',22147,0),(5251,1,5246,'Алексеевское',1004791,0),(5252,1,5246,'Альметьевск',18,0),(4093520,1,5246,'Альметьевск',18,0),(5253,1,5246,'Апастово',1094773,0),(5254,1,5246,'Арск',12050,0),(5255,1,5246,'Бавлы',5887,0),(5256,1,5246,'Базарные Матаки',1094601,0),(5257,1,5246,'Балтаси',1095066,0),(5258,1,5246,'Богатые Сабы',1096926,0),(5260,1,5246,'Бугульма',680,0),(5261,1,5246,'Буинск',9254,0),(5262,1,5246,'Васильево',12850,0),(5263,1,5246,'Верхний Услон',15767,0),(5264,1,5246,'Высокая Гора',5789,0),(5266,1,5246,'Елабуга',50,0),(5267,1,5246,'Заинск',4242,0),(5268,1,5246,'Зеленодольск',6675,0),(5269,1,5246,'Казань',60,0),(5270,1,5246,'Камское Устье',11567,0),(5271,1,5246,'Карабаш',9597,0),(5272,1,5246,'Куйбышев',707,0),(5274,1,5246,'Кукмор',16054,0),(5275,1,5246,'Лаишево',1096121,0),(5276,1,5246,'Лениногорск',1456,0),(5277,1,5246,'Мамадыш',5221,0),(5278,1,5246,'Менделеевск',18065,0),(5279,1,5246,'Мензелинск',3606,0),(5280,1,5246,'Муслюмово',1094322,0),(5281,1,5246,'Набережные Челны',88,0),(5282,1,5246,'Нижнекамск',94,0),(5283,1,5246,'Новошешминск',16284,0),(5284,1,5246,'Нурлат',11320,0),(5285,1,5246,'Пестрецы',1096796,0),(5286,1,5246,'Рыбная Слобода',5363,0),(5287,1,5246,'Сарманово',14195,0),(5288,1,5246,'Старое Дрожжаное',17734,0),(5289,1,5246,'Тетюши',920,0),(5290,1,5246,'Чистополь',5103,0),(3785,1,3784,'Андреаполь',1077,0),(3786,1,3784,'Бежецк',1051,0),(3787,1,3784,'Белый',1041594,0),(3788,1,3784,'Белый Городок',5437,0),(3789,1,3784,'Березайка',11281,0),(3790,1,3784,'Бологое',704,0),(3791,1,3784,'Васильевский Мох',12491,0),(3792,1,3784,'Выползово',1000852,0),(3793,1,3784,'Вышний Волочек',460,0),(3794,1,3784,'Жарковский',4069,0),(3795,1,3784,'Западная Двина',4695,0),(3796,1,3784,'Заречье',8705,0),(3797,1,3784,'Зубцов',8038,0),(3798,1,3784,'Изоплит',1100383,0),(3799,1,3784,'Калашниково',6400,0),(3800,1,3784,'Калинин',1000108,0),(3801,1,3784,'Калязин',3637,0),(3802,1,3784,'Кашин',20444,0),(3803,1,3784,'Кесова Гора',15922,0),(3804,1,3784,'Кимры',1769,0),(3805,1,3784,'Конаково',373,0),(3806,1,3784,'Красный Холм',20157,0),(3807,1,3784,'Кувшиново',4021,0),(3808,1,3784,'Лесное',1004428,0),(3809,1,3784,'Лихославль',4414,0),(3810,1,3784,'Максатиха',2208,0),(3811,1,3784,'Молоково',19043,0),(3812,1,3784,'Нелидово',3250,0),(3813,1,3784,'Оленино',19197,0),(3814,1,3784,'Осташков',1429,0),(3815,1,3784,'Пено',19657,0),(3816,1,3784,'Рамешки',20212,0),(3817,1,3784,'Ржев',521,0),(3818,1,3784,'Сандово',3723,0),(3819,1,3784,'Селижарово',6912,0),(3820,1,3784,'Сонково',15866,0),(3821,1,3784,'Спирово',17573,0),(3822,1,3784,'Старица',1799,0),(3823,1,3784,'Тверь',141,0),(3824,1,3784,'Торжок',334,0),(3825,1,3784,'Торопец',2132,0),(4285366,1,3784,'Удомля',18703,0),(3826,1,3784,'Фирово',5110,0),(5292,1,5291,'Александровское',12812,0),(5293,1,5291,'Асино',5512,0),(5294,1,5291,'Бакчар',19918,0),(5295,1,5291,'Батурино',1033989,0),(5296,1,5291,'Белый Яр',18151,0),(5297,1,5291,'Зырянское',1154085,0),(5298,1,5291,'Итатка',3451,0),(5299,1,5291,'Каргасок',8932,0),(5300,1,5291,'Катайга',1156470,0),(5301,1,5291,'Кожевниково',1017954,0),(5302,1,5291,'Колпашево',1226,0),(5303,1,5291,'Кривошеино',15379,0),(5304,1,5291,'Мельниково',14580,0),(5305,1,5291,'Молчаново',15380,0),(5306,1,5291,'Парабель',16833,0),(5307,1,5291,'Первомайское',19356,0),(5308,1,5291,'Подгорное',2817,0),(10501002,1,5291,'Северск',21320,0),(5309,1,5291,'Стрежевой',1046,0),(5310,1,5291,'Томск',144,0),(5311,1,5291,'Тымск',1156547,0),(5313,1,5312,'Ак-Довурак',9863,0),(5315,1,5312,'Кызыл',76,0),(5316,1,5312,'Самагалтай',1157177,0),(5317,1,5312,'Сарыг-Сеп',1157097,0),(5319,1,5312,'Тоора-Хем',1157185,0),(5320,1,5312,'Туран',1124791,0),(5321,1,5312,'Тээли',1157057,0),(5322,1,5312,'Хову-Аксы',1875,0),(5323,1,5312,'Чадан',1157081,0),(5324,1,5312,'Шагонар',3731,0),(5325,1,5312,'Эрзин',1157217,0),(5327,1,5326,'Агеево',1016121,0),(5328,1,5326,'Алексин',317,0),(5329,1,5326,'Арсеньево',1065983,0),(5330,1,5326,'Барсуки',8214,0),(5331,1,5326,'Бегичевский',1105927,0),(5332,1,5326,'Богородицк',15216,0),(5333,1,5326,'Болохово',6782,0),(5334,1,5326,'Велегож',1106669,0),(5335,1,5326,'Венев',17216,0),(5336,1,5326,'Волово',10641,0),(5337,1,5326,'Горелки',1029262,0),(5338,1,5326,'Донской',2539,0),(5339,1,5326,'Дубна',21611,0),(5340,1,5326,'Епифань',16361,0),(5341,1,5326,'Ефремов',1545,0),(5342,1,5326,'Заокский',7704,0),(5343,1,5326,'Казановка',1106088,0),(5344,1,5326,'Кимовск',1288,0),(5345,1,5326,'Киреевск',4425,0),(5346,1,5326,'Куркино',3478,0),(5347,1,5326,'Ленинский',6175,0),(5348,1,5326,'Новомосковск',7556,0),(5349,1,5326,'Одоев',5029,0),(5350,1,5326,'Плавск',15065,0),(5351,1,5326,'Суворов',3488,0),(5352,1,5326,'Тула',146,0),(5353,1,5326,'Узловая',5689,0),(5354,1,5326,'Щекино',8171,0),(5355,1,5326,'Ясногорск',3659,0),(5358,1,5356,'Аксарка',8959,0),(5359,1,5356,'Армизонское',1157286,0),(5360,1,5356,'Аромашево',4213,0),(4276360,1,5356,'Белоярский',763,0),(5361,1,5356,'Бердюжье',1137891,0),(5362,1,5356,'Большое Сорокино',2199,0),(5363,1,5356,'Вагай',11644,0),(5364,1,5356,'Викулово',1080561,0),(5365,1,5356,'Винзили',1158251,0),(5366,1,5356,'Голышманово',11785,0),(3535020,1,5356,'Губкинский',1678,0),(5368,1,5356,'Заводоуковск',9730,0),(2411629,1,5356,'Излучинск',2162,0),(5369,1,5356,'Исетское',13417,0),(5370,1,5356,'Ишим',58,0),(5371,1,5356,'Казанское',1051734,0),(5372,1,5356,'Казым-Мыс',1161028,0),(1923662,1,5356,'Когалым',246,0),(5373,1,5356,'Кондинское',11135,0),(5374,1,5356,'Красноселькуп',2123,0),(5375,1,5356,'Лабытнанги',7075,0),(3473821,1,5356,'Ларьяк',1159827,0),(6454651,1,5356,'Мегион',294,0),(5376,1,5356,'Мужи',4894,0),(2812698,1,5356,'Муравленко',15769,0),(5377,1,5356,'Надым',283,0),(5378,1,5356,'Находка',91,0),(5379,1,5356,'Нефтеюганск',382,0),(5380,1,5356,'Нижневартовск',93,0),(5381,1,5356,'Нижняя Тавда',3404,0),(5382,1,5356,'Новый Уренгой',20950,0),(5383,1,5356,'Ноябрьск',403,0),(5384,1,5356,'Нягань',1998,0),(5385,1,5356,'Октябрьское',18890,0),(5387,1,5356,'Радужный',5501,0),(5388,1,5356,'Салехард',715,0),(5389,1,5356,'Сладково',1147311,0),(5390,1,5356,'Советский',21612,0),(5391,1,5356,'Сургут',136,0),(5392,1,5356,'Тазовский',977,0),(5393,1,5356,'Тарко-Сале',1183,0),(5394,1,5356,'Тобольск',182,0),(5395,1,5356,'Тюмень',147,0),(5396,1,5356,'Уват',13694,0),(11911051,1,5356,'Унъюган',5021,0),(5397,1,5356,'Упорово',11681,0),(5398,1,5356,'Урай',15714,0),(5399,1,5356,'Ханты-Мансийск',154,0),(5401,1,5356,'Ялуторовск',6178,0),(5402,1,5356,'Яр-Сале',5165,0),(5403,1,5356,'Ярково',1061634,0),(5405,1,5404,'Алнаши',3685,0),(5406,1,5404,'Балезино',6492,0),(5407,1,5404,'Вавож',2779,0),(5408,1,5404,'Воткинск',1100,0),(5409,1,5404,'Глазов',45,0),(5410,1,5404,'Грахово',15560,0),(5411,1,5404,'Дебесы',1109645,0),(5412,1,5404,'Завьялово',1109720,0),(5413,1,5404,'Игра',2406,0),(5414,1,5404,'Ижевск',56,0),(5415,1,5404,'Кама',1097226,0),(5416,1,5404,'Камбарка',6363,0),(5417,1,5404,'Каракулино',1109974,0),(5418,1,5404,'Кез',8613,0),(5419,1,5404,'Кизнер',14300,0),(5420,1,5404,'Киясово',1059357,0),(5421,1,5404,'Красногорское',13083,0),(5422,1,5404,'Можга',1966,0),(5423,1,5404,'Сарапул',501,0),(5424,1,5404,'Селты',1110651,0),(5425,1,5404,'Сюмси',1110716,0),(5426,1,5404,'Ува',8823,0),(5428,1,5404,'Шаркан',1110894,0),(5429,1,5404,'Юкаменское',5720,0),(5430,1,5404,'Якшур-Бодья',15377,0),(5431,1,5404,'Яр',6588,0),(5433,1,5432,'Базарный Сызган',6106,0),(5434,1,5432,'Барыш',12428,0),(5435,1,5432,'Большое Нагаткино',5600,0),(5436,1,5432,'Вешкайма',4053,0),(5437,1,5432,'Глотовка',16252,0),(5438,1,5432,'Димитровград',476,0),(5439,1,5432,'Игнатовка',1000336,0),(5440,1,5432,'Измайлово',1017907,0),(5441,1,5432,'Инза',4440,0),(5442,1,5432,'Ишеевка',1068880,0),(5443,1,5432,'Канадей',1111624,0),(5444,1,5432,'Карсун',9644,0),(5445,1,5432,'Кузоватово',1111442,0),(5446,1,5432,'Майна',15722,0),(5447,1,5432,'Новая Малыкла',1111682,0),(5448,1,5432,'Новоспасское',7510,0),(5449,1,5432,'Павловка',1005661,0),(5450,1,5432,'Радищево',20521,0),(5451,1,5432,'Сенгилей',3896,0),(5452,1,5432,'Старая Кулатка',1111857,0),(5453,1,5432,'Старая Майна',1111899,0),(5454,1,5432,'Сурское',1111960,0),(5455,1,5432,'Тереньга',1112009,0),(5456,1,5432,'Ульяновск',149,0),(5457,1,5432,'Чердаклы',1112199,0),(5459,1,5458,'Аксай',7690,0),(5461,1,5458,'Деркул',1079704,0),(5465,1,5458,'Калмыково',1006089,0),(5468,1,5458,'Сайхин',5540,0),(5469,1,5458,'Уральск',3069,0),(5470,1,5458,'Федоровка',22716,0),(5471,1,5458,'Фурманово',1030992,0),(5472,1,5458,'Чапаев',1011611,0),(5474,1,5473,'Амурск',1681,0),(5475,1,5473,'Аян',1158943,0),(5476,1,5473,'Березовый',1001528,0),(5477,1,5473,'Бикин',1435,0),(5478,1,5473,'Бира',1127447,0),(5479,1,5473,'Биракан',1127448,0),(5480,1,5473,'Богородское',12849,0),(5481,1,5473,'Болонь',1080540,0),(5482,1,5473,'Ванино',2243,0),(5484,1,5473,'Высокогорный',1092007,0),(5485,1,5473,'Вяземский',3041,0),(5486,1,5473,'Горный',15735,0),(5487,1,5473,'Гурское',1159154,0),(5488,1,5473,'Дормидонтовка',1159054,0),(5489,1,5473,'Заветы Ильича',1294,0),(5490,1,5473,'Известковый',1121572,0),(5491,1,5473,'Иннокентьевка',1123507,0),(5492,1,5473,'Комсомольск-на-Амуре',70,0),(5493,1,5473,'Ленинское',19189,0),(5494,1,5473,'Нелькан',19962,0),(5495,1,5473,'Николаевск-на-Амуре',1956,0),(5496,1,5473,'Облучье',20361,0),(5497,1,5473,'Охотск',3596,0),(5498,1,5473,'Переяславка',10979,0),(5499,1,5473,'Смидович',1127510,0),(5500,1,5473,'Советская Гавань',2446,0),(5501,1,5473,'Софийск',1159026,0),(5502,1,5473,'Троицкое',8678,0),(5503,1,5473,'Тугур',1159305,0),(5504,1,5473,'Хабаровск',153,0),(5505,1,5473,'Чегдомын',1993,0),(5506,1,5473,'Чумикан',13831,0),(4093692,1,2316497,'Абакан',17,0),(2316517,1,2316497,'Саяногорск',232,0),(279078,1,2499002,'Аган',1159814,0),(11910622,1,2499002,'Игрим',16310,0),(7717502,1,2499002,'Излучинск',2162,0),(12364794,1,2499002,'Лангепас',12014,0),(4041912,1,2499002,'Лянтор',1389,0),(4778522,1,2499002,'Мегион',294,0),(6113699,1,2499002,'Нефтеюганск',382,0),(2499035,1,2499002,'Нижневартовск',93,0),(7593225,1,2499002,'Нягань',1998,0),(10688837,1,2499002,'Покачи',1536,0),(12370243,1,2499002,'Приобье',8345,0),(11569394,1,2499002,'Пыть-Ях',562,0),(11567319,1,2499002,'Радужный',5501,0),(5020681,1,2499002,'Сургут',136,0),(11569100,1,2499002,'Урай',15714,0),(7718652,1,2499002,'Ханты-Мансийск',154,0),(4156345,1,2499002,'Югорск',2292,0),(5508,1,5507,'Агаповка',1112204,0),(5509,1,5507,'Аргаяш',13679,0),(5510,1,5507,'Аша',5413,0),(5511,1,5507,'Бакал',16669,0),(5512,1,5507,'Бреды',1112378,0),(5513,1,5507,'Варна',1112416,0),(5514,1,5507,'Верхнеуральск',20279,0),(5515,1,5507,'Верхний Уфалей',7949,0),(5516,1,5507,'Еманжелинск',5401,0),(5517,1,5507,'Златоуст',794,0),(5518,1,5507,'Карабаш',9597,0),(5519,1,5507,'Карталы',3260,0),(5520,1,5507,'Касли',5542,0),(5521,1,5507,'Катав-Ивановск',5076,0),(5522,1,5507,'Копейск',5098,0),(5523,1,5507,'Коркино',12126,0),(5524,1,5507,'Кунашак',1112908,0),(5525,1,5507,'Куса',6867,0),(5526,1,5507,'Кыштым',6050,0),(5527,1,5507,'Магнитогорск',82,0),(5528,1,5507,'Миасс',7159,0),(4285519,1,5507,'Озерск',941,0),(5529,1,5507,'Октябрьское',18890,0),(5530,1,5507,'Пласт',3034,0),(5531,1,5507,'Сатка',462,0),(5532,1,5507,'Сим',11234,0),(2005016,1,5507,'Снежинск',131,0),(3408643,1,5507,'Трехгорный',1253,0),(5533,1,5507,'Троицк',21856,0),(5534,1,5507,'Увельский',13301,0),(5535,1,5507,'Уйское',6579,0),(5536,1,5507,'Усть-Катав',2482,0),(5537,1,5507,'Фершампенуаз',1113077,0),(5538,1,5507,'Чебаркуль',3255,0),(5539,1,5507,'Челябинск',158,0),(5540,1,5507,'Чесма',8417,0),(5542,1,5507,'Юрюзань',16289,0),(5544,1,5543,'Аргун',1113643,0),(5545,1,5543,'Грозный',160,0),(5547,1,5543,'Малгобек',7553,0),(5548,1,5543,'Назрань',89,0),(5549,1,5543,'Наурская',1113781,0),(5550,1,5543,'Ножай-Юрт',1113823,0),(5551,1,5543,'Орджоникидзевская',14652,0),(5552,1,5543,'Советское',21663,0),(5553,1,5543,'Урус-Мартан',1113863,0),(5554,1,5543,'Шали',5589,0),(5556,1,5555,'Агинское',3155,0),(5557,1,5555,'Аксеново-Зиловское',1160274,0),(5558,1,5555,'Акша',1159989,0),(5560,1,5555,'Амазар',1160275,0),(5561,1,5555,'Арбагар',1160800,0),(5562,1,5555,'Атамановка',1007149,0),(5563,1,5555,'Балей',3474,0),(5564,1,5555,'Борзя',4658,0),(5565,1,5555,'Букачача',17660,0),(5566,1,5555,'Газимурский Завод',1160094,0),(5567,1,5555,'Давенда',1160283,0),(5568,1,5555,'Дарасун',1822,0),(5569,1,5555,'Дровяная',1160579,0),(5570,1,5555,'Дульдурга',1630,0),(5571,1,5555,'Жиндо',1160214,0),(5572,1,5555,'Забайкальск',1160119,0),(5573,1,5555,'Итака',1160286,0),(5574,1,5555,'Калга',1160146,0),(5575,1,5555,'Карымское',11676,0),(5576,1,5555,'Кличка',1160481,0),(5577,1,5555,'Ключевский',20078,0),(5578,1,5555,'Кокуй',1326,0),(5579,1,5555,'Краснокаменск',1962,0),(5580,1,5555,'Красный Чикой',1160222,0),(5581,1,5555,'Кыра',13513,0),(5583,1,5555,'Могоча',12262,0),(5584,1,5555,'Нерчинск',4267,0),(5585,1,5555,'Нерчинский Завод',1160373,0),(5587,1,5555,'Оловянная',13843,0),(5588,1,5555,'Первомайский',19509,0),(5589,1,5555,'Петровск-Забайкальский',18631,0),(5590,1,5555,'Приаргунск',10332,0),(5591,1,5555,'Сретенск',9685,0),(5592,1,5555,'Тупик',1015945,0),(5593,1,5555,'Улеты',18079,0),(5594,1,5555,'Хилок',11120,0),(5595,1,5555,'Чара',1160138,0),(5596,1,5555,'Чернышевск',18782,0),(5597,1,5555,'Чита',161,0),(5598,1,5555,'Шелопугино',1070260,0),(5599,1,5555,'Шилка',6047,0),(5601,1,5600,'Алатырь',4161,0),(5602,1,5600,'Аликово',1955,0),(5604,1,5600,'Буинск',9254,0),(5605,1,5600,'Вурнары',11588,0),(5606,1,5600,'Ибреси',5142,0),(5607,1,5600,'Канаш',790,0),(5608,1,5600,'Киря',1113959,0),(5609,1,5600,'Комсомольское',20583,0),(5610,1,5600,'Красноармейское',14435,0),(5611,1,5600,'Красные Четаи',1114651,0),(5612,1,5600,'Кугеси',17849,0),(5613,1,5600,'Мариинский Посад',3405,0),(5614,1,5600,'Моргауши',1114849,0),(5615,1,5600,'Новочебоксарск',2451,0),(5616,1,5600,'Порецкое',1068395,0),(5617,1,5600,'Урмары',18962,0),(5618,1,5600,'Цивильск',1235,0),(5619,1,5600,'Чебоксары',157,0),(5620,1,5600,'Шемурша',13071,0),(5621,1,5600,'Шумерля',6037,0),(5622,1,5600,'Ядрин',1885,0),(5623,1,5600,'Яльчики',1115623,0),(5624,1,5600,'Янтиково',10133,0),(2415620,1,2415585,'Анадырь',828,0),(6711408,1,2415585,'Билибино',1069,0),(5498759,1,5019394,'Губкинский',1678,0),(12371093,1,5019394,'Заполярный',14683,0),(5252498,1,5019394,'Муравленко',15769,0),(5908547,1,5019394,'Надым',283,0),(5020365,1,5019394,'Новый Уренгой',20950,0),(7717702,1,5019394,'Ноябрьск',403,0),(5641077,1,5019394,'Пуровск',11292,0),(5019404,1,5019394,'Салехард',715,0),(5626,1,5625,'Андропов',1079857,0),(5627,1,5625,'Берендеево',1018868,0),(5628,1,5625,'Большое Село',1003485,0),(5629,1,5625,'Борисоглебский',1060410,0),(5630,1,5625,'Брейтово',17918,0),(5631,1,5625,'Бурмакино',1434,0),(5633,1,5625,'Волга',17308,0),(5635,1,5625,'Данилов',6547,0),(5636,1,5625,'Любим',9928,0),(5637,1,5625,'Мышкино',1000917,0),(5638,1,5625,'Некрасовское',14831,0),(5639,1,5625,'Новый Некоуз',1117983,0),(5640,1,5625,'Переславль-Залесский',652,0),(5642,1,5625,'Ростов',4148,0),(5643,1,5625,'Рыбинск',121,0),(5644,1,5625,'Тутаев',1611,0),(5645,1,5625,'Углич',744,0),(5646,1,5625,'Ярославль',169,0),(250,3,249,'Антополь',1600130,0),(251,3,249,'Барановичи',538,0),(252,3,249,'Белоозерск',18268,0),(253,3,249,'Береза',6342,0),(255,3,249,'Брест',281,0),(256,3,249,'Высокое',1515748,0),(257,3,249,'Ганцевичи',17260,0),(258,3,249,'Городище',1600028,0),(259,3,249,'Давид-Городок',1600539,0),(260,3,249,'Домачево',1600086,0),(261,3,249,'Дрогичин',3426,0),(262,3,249,'Жабинка',5975,0),(263,3,249,'Ивацевичи',14380,0),(264,3,249,'Каменец',9265,0),(265,3,249,'Кобрин',3063,0),(266,3,249,'Лунинец',7333,0),(267,3,249,'Ляховичи',20760,0),(268,3,249,'Малорита',6622,0),(269,3,349,'Минск',282,0),(270,3,249,'Пружаны',792,0),(271,3,249,'Столин',1374,0),(273,3,272,'Барань',10495,0),(274,3,272,'Бегомль',1600773,0),(275,3,272,'Бешенковичи',18801,0),(276,3,272,'Богушевск',16702,0),(277,3,272,'Браслав',7937,0),(278,3,272,'Верхнедвинск',5632,0),(279,3,272,'Ветрино',21634,0),(280,3,272,'Видзы',1517200,0),(281,3,272,'Витебск',244,0),(282,3,272,'Воропаево',20706,0),(283,3,272,'Глубокое',9328,0),(284,3,272,'Городок',9868,0),(285,3,272,'Дисна',14757,0),(286,3,272,'Докшицы',21987,0),(287,3,272,'Друя',1600612,0),(288,3,272,'Дубровно',1127,0),(289,3,272,'Езерище',19122,0),(290,3,272,'Лепель',1443,0),(291,3,272,'Лиозно',6231,0),(292,3,272,'Миоры',17790,0),(293,3,272,'Новополоцк',1299,0),(294,3,272,'Орша',1233,0),(295,3,272,'Полоцк',1032,0),(296,3,272,'Поставы',5185,0),(297,3,272,'Россоны',1517458,0),(298,3,272,'Сенно',7073,0),(299,3,272,'Толочин',16706,0),(300,3,272,'Ушачи',14424,0),(301,3,272,'Чашники',2289,0),(302,3,272,'Шарковщина',8877,0),(303,3,272,'Шумилино',2115,0),(305,3,304,'Белицк',1601703,0),(306,3,304,'Большевик',1601289,0),(307,3,304,'Брагин',1601205,0),(309,3,304,'Василевичи',1601670,0),(310,3,304,'Васильевка',1601326,0),(311,3,304,'Ветка',1603326,0),(312,3,304,'Гомель',392,0),(313,3,304,'Добруш',12681,0),(314,3,304,'Ельск',1516404,0),(315,3,304,'Житковичи',1516502,0),(316,3,304,'Жлобин',1506,0),(317,3,304,'Калинковичи',6216,0),(318,3,304,'Корма',1601350,0),(319,3,304,'Лельчицы',14806,0),(320,3,304,'Лоев',22209,0),(321,3,304,'Мозырь',375,0),(322,3,304,'Наровля',10889,0),(323,3,304,'Октябрьский',1518146,0),(324,3,304,'Петриков',10779,0),(325,3,304,'Речица',5835,0),(326,3,304,'Рогачев',712,0),(327,3,304,'Светлогорск',2262,0),(328,3,304,'Хойники',19561,0),(329,3,304,'Чечерск',9178,0),(331,3,330,'Большая Берестовица',18325,0),(332,3,330,'Волковыск',2359,0),(333,3,330,'Вороново',18632,0),(334,3,330,'Гродно',649,0),(12363228,3,330,'Дятлово',21962,0),(335,3,330,'Желудок',1602259,0),(336,3,330,'Зельва',4101,0),(337,3,330,'Ивье',7214,0),(338,3,330,'Козловщина',1601010,0),(339,3,330,'Кореличи',7430,0),(340,3,330,'Лида',1113,0),(341,3,330,'Мосты',6389,0),(342,3,330,'Новогрудок',4121,0),(343,3,330,'Островец',10410,0),(344,3,330,'Ошмяны',1376,0),(345,3,330,'Свислочь',2722,0),(346,3,330,'Слоним',1531,0),(347,3,330,'Сморгонь',5062,0),(348,3,330,'Щучин',3687,0),(350,3,349,'Березино',3961,0),(351,3,349,'Бобр',1602484,0),(352,3,349,'Борисов',413,0),(353,3,349,'Вилейка',1364,0),(354,3,349,'Воложин',6238,0),(355,3,349,'Городея',1516324,0),(356,3,349,'Дзержинск',6276,0),(357,3,349,'Жодино',7076,0),(358,3,349,'Заславль',11733,0),(359,3,349,'Зеленый Бор',1600254,0),(360,3,349,'Ивенец',1602398,0),(361,3,349,'Клецк',13079,0),(362,3,349,'Копыль',12987,0),(363,3,349,'Крупки',4752,0),(364,3,349,'Логойск',1517630,0),(365,3,349,'Марьина Горка',4982,0),(367,3,349,'Молодечно',2149,0),(368,3,349,'Мядель',11654,0),(369,3,349,'Несвиж',13833,0),(366,3,349,'Пинск',610,0),(370,3,349,'Слуцк',2064,0),(371,3,349,'Смолевичи',11042,0),(372,3,349,'Солигорск',2164,0),(373,3,349,'Старые Дороги',9878,0),(374,3,349,'Столбцы',20550,0),(375,3,349,'Узда',21358,0),(376,3,349,'Червень',16061,0),(378,3,377,'Белыничи',21751,0),(379,3,377,'Бобруйск',1107,0),(380,3,377,'Быхов',2411,0),(381,3,377,'Глуск',2144,0),(382,3,377,'Глуша',13247,0),(383,3,377,'Горки',2179,0),(384,3,377,'Гродзянка',1603280,0),(385,3,377,'Елизово',1517263,0),(386,3,377,'Кировск',1515906,0),(387,3,377,'Климовичи',21224,0),(388,3,377,'Кличев',1517097,0),(389,3,377,'Костюковичи',18076,0),(390,3,377,'Краснополье',21705,0),(391,3,377,'Кричев',8935,0),(392,3,377,'Круглое',1603197,0),(393,3,377,'Могилев',467,0),(394,3,377,'Мстиславль',9217,0),(395,3,377,'Осиповичи',1730,0),(396,3,377,'Славгород',21114,0),(397,3,377,'Хотимск',11083,0),(398,3,377,'Чаусы',3627,0),(399,3,377,'Чериков',17557,0),(400,3,377,'Шклов',5688,0),(9910,2,9909,'Бар',22674,0),(9911,2,9909,'Бершадь',9610,0),(9912,2,9909,'Браилов',1500767,0),(9913,2,9909,'Брацлав',20352,0),(9914,2,9909,'Вапнярка',1501301,0),(9915,2,9909,'Вендичаны',1501019,0),(9916,2,9909,'Винница',761,0),(9917,2,9909,'Вороновица',14590,0),(9918,2,9909,'Гайсин',13909,0),(9919,2,9909,'Гнивань',12856,0),(9920,2,9909,'Дашев',1500814,0),(9921,2,9909,'Жмеринка',7444,0),(9922,2,9909,'Ильинцы',1500818,0),(9923,2,9909,'Казатин',13407,0),(9924,2,9909,'Калиновка',7597,0),(9925,2,9909,'Крыжополь',21158,0),(9926,2,9909,'Липовец',13709,0),(9927,2,9909,'Литин',3423,0),(9928,2,9909,'Могилев-Подольский',5177,0),(9929,2,9909,'Мурованные Куриловцы',1501072,0),(9930,2,9909,'Немиров',20997,0),(9931,2,9909,'Оратов',1501154,0),(9932,2,9909,'Песчанка',20332,0),(9933,2,9909,'Погребище',1501216,0),(9934,2,9909,'Теплик',15045,0),(9935,2,9909,'Томашполь',1501321,0),(9936,2,9909,'Тростянец',21677,0),(9937,2,9909,'Тульчин',20998,0),(9938,2,9909,'Тывров',14778,0),(9939,2,9909,'Хмельник',22421,0),(9940,2,9909,'Чечельник',1501478,0),(9941,2,9909,'Шаргород',17320,0),(9942,2,9909,'Ямполь',8782,0),(9944,2,9943,'Берестечко',1501579,0),(9945,2,9943,'Владимир-Волынский',2098,0),(9946,2,9943,'Голобы',1501749,0),(9947,2,9943,'Головно',1501894,0),(9948,2,9943,'Горохов',5327549,0),(9949,2,9943,'Заболотье',1501898,0),(9950,2,9943,'Иваничи',20955,0),(9951,2,9943,'Камень-Каширский',21923,0),(9952,2,9943,'Киверцы',9992,0),(9953,2,9943,'Ковель',5891,0),(9954,2,9943,'Локачи',1501798,0),(9955,2,9943,'Луцк',5974,0),(9956,2,9943,'Любешов',1501873,0),(9957,2,9943,'Любомль',22547,0),(9958,2,9943,'Маневичи',22440,0),(9959,2,9943,'Нововолынск',1462,0),(9960,2,9943,'Ратно',13556,0),(9961,2,9943,'Рожище',21381,0),(9962,2,9943,'Старая Выжевка',1502068,0),(9963,2,9943,'Турийск',1502100,0),(9965,2,9964,'Апостолово',22262,0),(9966,2,9964,'Аулы',1502264,0),(9967,2,9964,'Брагиновка',1502453,0),(9968,2,9964,'Васильковка',8432,0),(9969,2,9964,'Верхнеднепровск',14254,0),(9970,2,9964,'Верховцево',1502175,0),(9971,2,9964,'Вольногорск',11725,0),(9972,2,9964,'Гвардейское',19107,0),(9974,2,9964,'Губиниха',1502383,0),(9975,2,9964,'Демурино',1502332,0),(9976,2,9964,'Днепродзержинск',1064,0),(9977,2,9964,'Днепропетровск',650,0),(9978,2,9964,'Желтые Воды',21653,0),(9980,2,9964,'Зеленое',1500030,0),(9981,2,9964,'Илларионово',1502537,0),(9982,2,9964,'Ингулец',1502675,0),(9983,2,9964,'Калинино',1500197,0),(9984,2,9964,'Карнауховка',1502196,0),(9985,2,9964,'Кривой Рог',916,0),(9986,2,9964,'Кринички',15418,0),(9987,2,9964,'Магдалиновка',22581,0),(9988,2,9964,'Марганец',22231,0),(9989,2,9964,'Межевая',21266,0),(9990,2,9964,'Никополь',4513,0),(9991,2,9964,'Новомосковск',7556,0),(9992,2,9964,'Орджоникидзе',6464,0),(9993,2,9964,'Павлоград',1397,0),(4156678,2,9964,'Першотравенск',2916,0),(9994,2,9964,'Петропавловка',21558,0),(9995,2,9964,'Покровское',13913,0),(9996,2,9964,'Пятихатки',7783,0),(9997,2,9964,'Синельниково',21555,0),(9998,2,9964,'Софиевка',17321,0),(9999,2,9964,'Томаковка',15086,0),(10000,2,9964,'Царичанка',1502664,0),(10001,2,9964,'Широкое',22045,0),(10003,2,10002,'Авдеевка',4920,0),(10004,2,10002,'Александровка',20981,0),(10005,2,10002,'Алексеево-Дружковка',22236,0),(10006,2,10002,'Амвросиевка',7739,0),(10007,2,10002,'Андреевка',19774,0),(10008,2,10002,'Артемово',1502880,0),(10009,2,10002,'Артемовск',4611,0),(10010,2,10002,'Безыменное',1500879,0),(10011,2,10002,'Беленькое',22566,0),(10012,2,10002,'Белицкое',21561,0),(10013,2,10002,'Благодатное',1502715,0),(10014,2,10002,'Былбасовка',1503157,0),(10015,2,10002,'Великая Новоселка',13838,0),(10016,2,10002,'Войковский',1502718,0),(10017,2,10002,'Волноваха',13012,0),(10018,2,10002,'Володарское',1502851,0),(10019,2,10002,'Гольмовский',1502872,0),(10020,2,10002,'Горбачево-Михайловка',1502916,0),(10021,2,10002,'Горловка',2256,0),(10022,2,10002,'Гродовка',1502982,0),(10023,2,10002,'Грузско-Зорянское',1503036,0),(10024,2,10002,'Дебальцево',18026,0),(10025,2,10002,'Дзержинск',2566,0),(10026,2,10002,'Димитров',8064,0),(10027,2,10002,'Доброполье',1145,0),(10028,2,10002,'Докучаевск',4599,0),(10029,2,10002,'Донецк',223,0),(10031,2,10002,'Донское',1500448,0),(10033,2,10002,'Дружковка',2496,0),(10034,2,10002,'Енакиево',6676,0),(10035,2,10002,'Жданов',1501403,0),(10036,2,10002,'Желанное',1503279,0),(10037,2,10002,'Зугрэс',2815,0),(10038,2,10002,'Зуевка',1503249,0),(10039,2,10002,'Иловайск',13639,0),(10041,2,10002,'Карло-Марксово',1502930,0),(10042,2,10002,'Кировск',6871,0),(10501179,2,10002,'Константиновка',6822,0),(10043,2,10002,'Краматорск',22437,0),(10044,2,10002,'Красноармейск',8488,0),(10045,2,10002,'Красный Лиман',1503017,0),(10046,2,10002,'Макеевка',3521,0),(10047,2,10002,'Мариуполь',455,0),(10048,2,10002,'Марьинка',1503081,0),(10049,2,10002,'Новоазовск',1503106,0),(10051,2,10002,'Першотравневое',1502363,0),(10052,2,10002,'Селидово',5233,0),(10053,2,10002,'Славянск',2494,0),(10054,2,10002,'Снежное',3518,0),(10055,2,10002,'Старобешево',17241,0),(10056,2,10002,'Тельманово',5759,0),(10057,2,10002,'Торез',4832,0),(10058,2,10002,'Харцызск',5468,0),(10059,2,10002,'Шахтерск',1035,0),(10060,2,10002,'Ясиноватая',1636,0),(10062,2,10061,'Андрушевка',1501195,0),(10063,2,10061,'Барановка',22279,0),(10064,2,10061,'Белая Криница',1503925,0),(10065,2,10061,'Бердичев',2738,0),(10066,2,10061,'Броницкая Гута',1503761,0),(10067,2,10061,'Брусилов',1503406,0),(10068,2,10061,'Быковка',1503457,0),(10069,2,10061,'Великие Коровинцы',1504071,0),(10070,2,10061,'Володарск-Волынский',22549,0),(10071,2,10061,'Городница',1503766,0),(10072,2,10061,'Гришковцы',1503372,0),(10073,2,10061,'Дзержинск',2566,0),(10074,2,10061,'Довбыш',15089,0),(10075,2,10061,'Емильчино',21212,0),(10076,2,10061,'Житомир',1158,0),(10077,2,10061,'Иванополь',1504079,0),(10078,2,10061,'Каменный Брод',1503341,0),(10079,2,10061,'Коростень',9546,0),(10080,2,10061,'Коростышев',21110,0),(10081,2,10061,'Лугины',1503650,0),(10082,2,10061,'Любар',1503679,0),(10083,2,10061,'Малин',5191,0),(10084,2,10061,'Народичи',1503746,0),(10085,2,10061,'Новоград-Волынский',5722,0),(10086,2,10061,'Овруч',12495,0),(10087,2,10061,'Олевск',1503882,0),(10088,2,10061,'Попельня',8021,0),(10089,2,10061,'Радомышль',14579,0),(10090,2,10061,'Ружин',21187,0),(10091,2,10061,'Червоноармейск',1504029,0),(10092,2,10061,'Черняхов',1504063,0),(10093,2,10061,'Чуднов',1504101,0),(10095,2,10094,'Берегово',10975,0),(10096,2,10094,'Буштына',1504386,0),(10097,2,10094,'Великий Березный',1504139,0),(10098,2,10094,'Великий Бычков',1504343,0),(10099,2,10094,'Виноградов',1504169,0),(10100,2,10094,'Воловец',1504204,0),(10101,2,10094,'Иршава',17590,0),(10102,2,10094,'Межгорье',1504258,0),(10103,2,10094,'Мукачево',3031,0),(10104,2,10094,'Перечин',15397,0),(10105,2,10094,'Рахов',1504356,0),(10106,2,10094,'Свалява',20209,0),(10107,2,10094,'Тячев',1504422,0),(10108,2,10094,'Ужгород',438,0),(10109,2,10094,'Хуст',8717,0),(10110,2,10094,'Чоп',6,0),(10112,2,10111,'Акимовка',1500295,0),(10113,2,10111,'Андреевка',19774,0),(10114,2,10111,'Балабино',1504638,0),(10115,2,10111,'Бердянск',4316,0),(10116,2,10111,'Васильевка',12764,0),(10117,2,10111,'Веселое',21418,0),(10118,2,10111,'Гуляйполе',1502268,0),(10119,2,10111,'Запорожье',628,0),(10120,2,10111,'Каменка-Днепровская',19703,0),(10121,2,10111,'Каменное',1502572,0),(10122,2,10111,'Камыш-Заря',1504688,0),(10123,2,10111,'Куйбышево',16655,0),(10124,2,10111,'Мелитополь',1315,0),(10125,2,10111,'Михайловка',17457,0),(10126,2,10111,'Новониколаевка',21997,0),(10127,2,10111,'Орехов',1504799,0),(10128,2,10111,'Пологи',12085,0),(10129,2,10111,'Приазовское',3301,0),(10130,2,10111,'Приморск',11601,0),(10131,2,10111,'Токмак',20926,0),(10132,2,10111,'Черниговка',1504946,0),(2724870,2,10111,'Энергодар',2375,0),(10134,2,10133,'Богородчаны',1504978,0),(10135,2,10133,'Болехов',1505013,0),(10137,2,10133,'Брошнев-Осада',1505420,0),(10138,2,10133,'Букачевцы',1505368,0),(10139,2,10133,'Бурштын',2574,0),(10141,2,10133,'Верховина',1505025,0),(10142,2,10133,'Войнилов',1505181,0),(10143,2,10133,'Ворохта',1505572,0),(10144,2,10133,'Выгода',1505136,0),(10145,2,10133,'Галич',1505053,0),(10146,2,10133,'Гвоздец',1505226,0),(10147,2,10133,'Городенка',1505096,0),(10148,2,10133,'Делятин',1505340,0),(10149,2,10133,'Жовтень',1509457,0),(10150,2,10133,'Заболотов',1505466,0),(10151,2,10133,'Ивано-Франковск',2106,0),(10153,2,10133,'Калуш',3740,0),(10154,2,10133,'Коломыя',2941,0),(10155,2,10133,'Косов',17105,0),(10157,2,10133,'Надворная',15720,0),(10158,2,10133,'Рогатин',1505405,0),(10159,2,10133,'Рожнятов',1505443,0),(10162,2,10133,'Тлумач',1505568,0),(10163,2,10133,'Тысменица',1505527,0),(10166,2,10165,'Барышевка',1505580,0),(10167,2,10165,'Белая Церковь',2334,0),(10168,2,10165,'Березань',22490,0),(10169,2,10165,'Богуслав',4476,0),(10170,2,10165,'Борисполь',7623,0),(10171,2,10165,'Боровая',1506261,0),(10172,2,10165,'Бородянка',5418,0),(10499792,2,10165,'Боярка',4688,0),(10173,2,10165,'Бровары',1509,0),(10174,2,10165,'Васильков',5571,0),(10175,2,10165,'Володарка',1505835,0),(10176,2,10165,'Ворзель',18088,0),(7720010,2,10165,'Вышгород',3387,0),(10177,2,10165,'Гребенки',18337,0),(10178,2,10165,'Дымер',1505810,0),(10179,2,10165,'Згуровка',1505862,0),(10180,2,10165,'Иванков',12532,0),(10181,2,10165,'Ирпень',11470,0),(10182,2,10165,'Кагарлык',1505929,0),(10183,2,10165,'Калиновка',7597,0),(10184,2,10165,'Киев',314,0),(10186,2,10165,'Кодра',1505994,0),(10187,2,10165,'Кожанка',1501148,0),(10188,2,10165,'Козин',1506033,0),(10189,2,10165,'Макаров',5526,0),(10190,2,10165,'Обухов',8653,0),(10191,2,10165,'Переяслав-Хмельницкий',1515591,0),(10192,2,10165,'Полесское',1502057,0),(10194,2,10165,'Сквира',12982,0),(4691664,2,10165,'Славутич',764,0),(10195,2,10165,'Ставище',14730,0),(10196,2,10165,'Тараща',14075,0),(10197,2,10165,'Тетиев',8014,0),(10198,2,10165,'Фастов',17583,0),(10199,2,10165,'Чернобыль',573,0),(10200,2,10165,'Яготин',21065,0),(10203,2,10201,'Александрия',6350,0),(10204,2,10201,'Бобринец',1506314,0),(10205,2,10201,'Гайворон',21427,0),(10206,2,10201,'Голованевск',1506386,0),(10207,2,10201,'Добровеличковка',14246,0),(10208,2,10201,'Долинская',21689,0),(10209,2,10201,'Елизаветградка',1506676,0),(10210,2,10201,'Завалье',1505467,0),(10211,2,10201,'Знаменка',22031,0),(10213,2,10201,'Капитановка',1506621,0),(10214,2,10201,'Кировоград',2201,0),(10215,2,10201,'Компанеевка',11211,0),(10216,2,10201,'Малая Виска',20264,0),(10217,2,10201,'Новгородка',1506580,0),(10218,2,10201,'Новоархангельск',1506598,0),(10219,2,10201,'Новомиргород',1506627,0),(10220,2,10201,'Новоукраинка',1503084,0),(10221,2,10201,'Ольшанка',1500941,0),(10222,2,10201,'Онуфриевка',21950,0),(10223,2,10201,'Петрово',1500090,0),(10224,2,10201,'Светловодск',6596,0),(10225,2,10201,'Ульяновка',1502287,0),(10226,2,10201,'Устиновка',1503723,0),(10228,2,10227,'Азовское',1500098,0),(10229,2,10227,'Алупка',20709,0),(10230,2,10227,'Алушта',2510,0),(10501749,2,10227,'Армянск',11243,0),(10231,2,10227,'Багерово',11705,0),(10232,2,10227,'Балаклава',5422710,0),(10233,2,10227,'Бахчисарай',475,0),(10234,2,10227,'Белогорск',6725,0),(10235,2,10227,'Гаспра',1500574,0),(10236,2,10227,'Гвардейское',19107,0),(10237,2,10227,'Гурзуф',4944,0),(10238,2,10227,'Джанкой',619,0),(10239,2,10227,'Евпатория',799,0),(10240,2,10227,'Зуя',1500075,0),(10241,2,10227,'Керчь',478,0),(10242,2,10227,'Кировское',6398,0),(10243,2,10227,'Красногвардейское',6890,0),(10244,2,10227,'Красноперекопск',1433,0),(10245,2,10227,'Ленино',11530,0),(10246,2,10227,'Массандра',1500583,0),(10247,2,10227,'Нижнегорский',1515584,0),(10248,2,10227,'Первомайское',4812,0),(10249,2,10227,'Раздольное',6017,0),(10250,2,10227,'Саки',4331,0),(10251,2,10227,'Севастополь',185,0),(10252,2,10227,'Симферополь',627,0),(10253,2,10227,'Советский',5331435,0),(10254,2,10227,'Судак',7188,0),(10255,2,10227,'Феодосия',1483,0),(10256,2,10227,'Форос',14725,0),(10257,2,10227,'Черноморское',14909,0),(10258,2,10227,'Ялта',818,0),(10261,2,10259,'Алчевск',5648,0),(10262,2,10259,'Антрацит',3928,0),(10263,2,10259,'Артемовск',4611,0),(10264,2,10259,'Байрачки',1507141,0),(10265,2,10259,'Беловодск',20637,0),(10266,2,10259,'Белогоровка',1507164,0),(10267,2,10259,'Белое',1507010,0),(10268,2,10259,'Белокуракино',1506893,0),(10269,2,10259,'Белолуцк',1507107,0),(10270,2,10259,'Бирюково',1507229,0),(10271,2,10259,'Боково-Платово',1506836,0),(10272,2,10259,'Боровское',21764,0),(10273,2,10259,'Брянка',12889,0),(10274,2,10259,'Бугаевка',1507142,0),(10275,2,10259,'Вахрушево',21772,0),(10276,2,10259,'Великий Лог',1506928,0),(10278,2,10259,'Володарск',1507230,0),(10279,2,10259,'Волчеяровка',1507166,0),(10281,2,10259,'Врубовка',1507167,0),(10282,2,10259,'Врубовский',1507015,0),(10283,2,10259,'Георгиевка',1503068,0),(10284,2,10259,'Горское',1505298,0),(10285,2,10259,'Есауловка',1506841,0),(10286,2,10259,'Зимогорье',1507263,0),(10287,2,10259,'Золотое',20394,0),(10288,2,10259,'Зоринск',1507144,0),(10289,2,10259,'Изварино',1506938,0),(10290,2,10259,'Калининский',1507234,0),(10291,2,10259,'Калиново',1507170,0),(10293,2,10259,'Кировск',6871,0),(10295,2,10259,'Краснодон',7167,0),(10296,2,10259,'Красный Луч',3962,0),(10297,2,10259,'Кременная',405,0),(10298,2,10259,'Лисичанск',1217,0),(10299,2,10259,'Луганск',552,0),(10300,2,10259,'Лутугино',1507023,0),(10301,2,10259,'Марковка',1501245,0),(10302,2,10259,'Меловое',1507068,0),(10303,2,10259,'Новоайдар',15765,0),(10304,2,10259,'Новопсков',14202,0),(10305,2,10259,'Первомайск',784,0),(10306,2,10259,'Перевальск',5806,0),(10307,2,10259,'Попасная',16715,0),(10308,2,10259,'Ровеньки',2832,0),(10309,2,10259,'Рубежное',4007,0),(10310,2,10259,'Сватово',15060,0),(10311,2,10259,'Свердловск',11267,0),(10312,2,10259,'Северодонецк',3454,0),(10313,2,10259,'Славяносербск',1507276,0),(10315,2,10259,'Старобельск',13927,0),(10316,2,10259,'Стаханов',3369,0),(10317,2,10259,'Троицкое',8568,0),(10319,2,10318,'Белз',1508059,0),(10320,2,10318,'Бобрка',1507835,0),(10321,2,10318,'Борислав',1507379,0),(10322,2,10318,'Броды',21191,0),(10323,2,10318,'Буск',1507425,0),(10324,2,10318,'Великие Мосты',1508066,0),(10325,2,10318,'Верхнее Синевидное',1508023,0),(10326,2,10318,'Винники',1507501,0),(10327,2,10318,'Глиняны',1507674,0),(10328,2,10318,'Горняк',1503146,0),(10329,2,10318,'Дашава',1508199,0),(10330,2,10318,'Добротвор',1507716,0),(10331,2,10318,'Дрогобыч',12358,0),(10332,2,10318,'Жидачов',6567,0),(10334,2,10318,'Золочев',5222,0),(10335,2,10318,'Ивано-Франково',1508305,0),(10336,2,10318,'Каменка-Бугская',3420,0),(10337,2,10318,'Львов',1057,0),(10338,2,10318,'Мостиска',22486,0),(10340,2,10318,'Николаев',377,0),(10341,2,10318,'Перемышляны',19748,0),(10342,2,10318,'Пустомыты',1501612,0),(10344,2,10318,'Радехов',1501913,0),(10345,2,10318,'Самбор',12677,0),(10346,2,10318,'Сколе',13548,0),(10347,2,10318,'Сокаль',19700,0),(10348,2,10318,'Старый Самбор',1508167,0),(10349,2,10318,'Стрый',5514,0),(10350,2,10318,'Трускавец',20532,0),(10351,2,10318,'Турка',1505282,0),(10352,2,10318,'Червоноград',1741,0),(10353,2,10318,'Яворов',4103,0),(10355,2,10354,'Александровка',20981,0),(10356,2,10354,'Арбузинка',1508351,0),(10357,2,10354,'Баштанка',9866,0),(10358,2,10354,'Березнеговатое',1508425,0),(10359,2,10354,'Братское',1500236,0),(10360,2,10354,'Великая Корениха',1508649,0),(10361,2,10354,'Веселиново',21717,0),(10362,2,10354,'Вознесенск',5581,0),(10363,2,10354,'Доманевка',22264,0),(10364,2,10354,'Еланец',1508559,0),(10365,2,10354,'Казанка',22169,0),(10366,2,10354,'Кривое Озеро',1508634,0),(10367,2,10354,'Николаев',377,0),(10368,2,10354,'Новая Одесса',1508713,0),(10369,2,10354,'Новый Буг',1508695,0),(10370,2,10354,'Очаков',2761,0),(10371,2,10354,'Первомайск',784,0),(10372,2,10354,'Снигиревка',22175,0),(3845619,2,10354,'Южноукраинск',4194,0),(10375,2,10373,'Ананьев',6690,0),(10376,2,10373,'Арциз',8381,0),(10377,2,10373,'Балта',1508854,0),(10378,2,10373,'Белгород-Днестровский',3508,0),(10379,2,10373,'Беляевка',1508958,0),(10380,2,10373,'Березино',1503697,0),(10381,2,10373,'Березовка',1571,0),(10382,2,10373,'Болград',6893,0),(10383,2,10373,'Бородино',1500100,0),(10384,2,10373,'Великая Михайловка',1509012,0),(10386,2,10373,'Вилково',11416,0),(10387,2,10373,'Затишье',1509434,0),(10388,2,10373,'Измаил',663,0),(10389,2,10373,'Ильичевск',3441,0),(10390,2,10373,'Килия',12133,0),(10391,2,10373,'Кодыма',12932,0),(10392,2,10373,'Коминтерновское',1509137,0),(10393,2,10373,'Котовск',2897,0),(10394,2,10373,'Красные Окны',22397,0),(10395,2,10373,'Любашевка',1509231,0),(10396,2,10373,'Николаевка',1161402,0),(10397,2,10373,'Овидиополь',1509281,0),(10398,2,10373,'Одесса',292,0),(10399,2,10373,'Раздельная',6192,0),(10400,2,10373,'Рени',7074,0),(10401,2,10373,'Саврань',1509347,0),(10402,2,10373,'Сарата',9991,0),(10403,2,10373,'Тарутино',22063,0),(10405,2,10373,'Фрунзовка',22470,0),(10406,2,10373,'Ширяево',1509476,0),(12370062,2,10373,'Южный',4936,0),(10408,2,10407,'Белики',20987,0),(10409,2,10407,'Великая Багачка',22527,0),(10410,2,10407,'Гадяч',3747,0),(10411,2,10407,'Глобино',1509548,0),(10412,2,10407,'Гоголево',1509487,0),(10413,2,10407,'Градижск',1509550,0),(10414,2,10407,'Гребенка',1509590,0),(10415,2,10407,'Диканька',1509614,0),(10416,2,10407,'Зеньков',6943,0),(10417,2,10407,'Карловка',14595,0),(10418,2,10407,'Кобеляки',21829,0),(10419,2,10407,'Козельщина',1509725,0),(11563592,2,10407,'Комсомольск',3004,0),(10420,2,10407,'Котельва',1509755,0),(10421,2,10407,'Кременчуг',276,0),(10422,2,10407,'Лохвица',1509808,0),(10423,2,10407,'Лубны',4917,0),(10424,2,10407,'Машевка',18938,0),(10425,2,10407,'Миргород',5379,0),(10426,2,10407,'Новые Санжары',10697,0),(10427,2,10407,'Оржица',1509970,0),(10429,2,10407,'Пирятин',16392,0),(10430,2,10407,'Полтава',1581,0),(10431,2,10407,'Решетиловка',18899,0),(10432,2,10407,'Семеновка',9723,0),(10433,2,10407,'Хорол',18775,0),(10434,2,10407,'Чернухи',1510166,0),(10435,2,10407,'Чутово',8734,0),(10436,2,10407,'Шишаки',20761,0),(10438,2,10437,'Владимирец',1510264,0),(10439,2,10437,'Гоща',1161587,0),(10440,2,10437,'Демидовка',1500769,0),(10441,2,10437,'Дубно',2789,0),(10442,2,10437,'Дубровица',1508302,0),(10443,2,10437,'Заречное',1500108,0),(10444,2,10437,'Здолбунов',21311,0),(10445,2,10437,'Клевань',1510704,0),(10446,2,10437,'Клесов',1510772,0),(10447,2,10437,'Корец',1510519,0),(10448,2,10437,'Костополь',12866,0),(10449,2,10437,'Кузнецовск',537,0),(10451,2,10437,'Острог',9949,0),(10452,2,10437,'Ровно',3170,0),(10453,2,10437,'Сарны',15000,0),(10454,2,10437,'Червоноармейск',1504029,0),(10456,2,10455,'Ахтырка',5799,0),(10457,2,10455,'Белополье',22022,0),(10458,2,10455,'Бурынь',22193,0),(10459,2,10455,'Великая Писаревка',18614,0),(10460,2,10455,'Ворожба',1510807,0),(10461,2,10455,'Воронеж',18901,0),(10462,2,10455,'Глухов',21403,0),(10463,2,10455,'Дружба',1161668,0),(10464,2,10455,'Знобь-Новгородское',1511221,0),(10465,2,10455,'Кириковка',1510871,0),(10466,2,10455,'Конотоп',665,0),(10467,2,10455,'Краснополье',20329,0),(10469,2,10455,'Лебедин',6254,0),(10470,2,10455,'Липовая Долина',1511054,0),(10471,2,10455,'Недригайлов',1511085,0),(10472,2,10455,'Путивль',9648,0),(10473,2,10455,'Ромны',13000,0),(10474,2,10455,'Середина-Буда',5211,0),(10475,2,10455,'Сумы',528,0),(10476,2,10455,'Тростянец',21677,0),(10477,2,10455,'Шостка',4494,0),(10479,2,10455,'Ямполь',8782,0),(10481,2,10480,'Бережаны',1511347,0),(10482,2,10480,'Борщев',21900,0),(10483,2,10480,'Бучач',8719,0),(10485,2,10480,'Вишневец',1511552,0),(10486,2,10480,'Гримайлов',1511472,0),(10487,2,10480,'Гусятин',21261,0),(10488,2,10480,'Залещики',1511517,0),(10489,2,10480,'Заложцы',1511604,0),(10490,2,10480,'Збараж',1500891,0),(10491,2,10480,'Зборов',9002,0),(10492,2,10480,'Золотники',1511851,0),(10494,2,10480,'Козлов',1501026,0),(10495,2,10480,'Козова',1511653,0),(10496,2,10480,'Кременец',1161327,0),(10497,2,10480,'Лановцы',1511401,0),(10498,2,10480,'Монастыриска',1511762,0),(10500,2,10480,'Теребовля',19885,0),(10501,2,10480,'Тернополь',1559,0),(10503,2,10480,'Шумское',1512003,0),(278068,2,277656,'Армянск',11243,0),(278069,2,277656,'Артек',4945,0),(278070,2,277656,'Береговое',1500019,0),(278071,2,277656,'Ботаническое',1500360,0),(278073,2,277656,'Кацивели',1500578,0),(278074,2,277656,'Кореиз',1500579,0),(278076,2,277656,'Краснокаменка',1500580,0),(278077,2,277656,'Курпаты',1500581,0),(278078,2,277656,'Ливадия',1500582,0),(278080,2,277656,'Олива',1500585,0),(278081,2,277656,'Оползневое',1500586,0),(278082,2,277656,'Парковое',1500589,0),(278083,2,277656,'Понизовка',1500590,0),(278084,2,277656,'Санаторное',1500591,0),(278085,2,277656,'Симеиз',8354,0),(10505,2,10504,'Балаклея',3124,0),(10506,2,10504,'Барвенково',14989,0),(10507,2,10504,'Близнюки',1512064,0),(10508,2,10504,'Богодухов',1807,0),(10509,2,10504,'Борки',1501860,0),(10510,2,10504,'Боровая',1506261,0),(10511,2,10504,'Буды',1501328,0),(10512,2,10504,'Валки',15501,0),(10513,2,10504,'Великий Бурлук',1512170,0),(10514,2,10504,'Волчанск',13812,0),(10516,2,10504,'Гуты',1501361,0),(10517,2,10504,'Дергачи',1512258,0),(10518,2,10504,'Зачепиловка',1509933,0),(10519,2,10504,'Зидьки',1512310,0),(10520,2,10504,'Золочев',5222,0),(10521,2,10504,'Изюм',3092,0),(10523,2,10504,'Кегичевка',19299,0),(10524,2,10504,'Красноград',8447,0),(10525,2,10504,'Краснокутск',1512458,0),(10526,2,10504,'Купянск',5709,0),(10527,2,10504,'Лозовая',8115,0),(10528,2,10504,'Люботин',10807,0),(7719220,2,10504,'Мерефа',14100,0),(10529,2,10504,'Новая Водолага',22032,0),(10530,2,10504,'Первомайский',5226,0),(7719232,2,10504,'Песочин',21806,0),(10531,2,10504,'Сахновщина',1509885,0),(10532,2,10504,'Харьков',280,0),(10533,2,10504,'Чугуев',8142,0),(10534,2,10504,'Шевченково',1161275,0),(10536,2,10535,'Аскания-Нова',16738,0),(10537,2,10535,'Белая Криница',1503925,0),(10538,2,10535,'Белозерка',1511714,0),(10539,2,10535,'Берислав',1512712,0),(10540,2,10535,'Великая Александровка',1505677,0),(10541,2,10535,'Великая Лепетиха',1512774,0),(10542,2,10535,'Верхний Рогачик',1512814,0),(10543,2,10535,'Высокополье',1503123,0),(10544,2,10535,'Геническ',384,0),(10545,2,10535,'Голая Пристань',1512887,0),(10546,2,10535,'Горностаевка',1500268,0),(10547,2,10535,'Днепряны',1513003,0),(10548,2,10535,'Каланчак',16847,0),(10549,2,10535,'Калининское',1511050,0),(10550,2,10535,'Каховка',3763,0),(10551,2,10535,'Нижние Серогозы',1512995,0),(10552,2,10535,'Новая Каховка',9135,0),(10553,2,10535,'Нововоронцовка',1513021,0),(10554,2,10535,'Новотроицкое',1502398,0),(10555,2,10535,'Скадовск',2690,0),(10556,2,10535,'Херсон',427,0),(10557,2,10535,'Цюрупинск',3959,0),(10558,2,10535,'Чаплинка',14389,0),(10560,2,10559,'Антонины',1513483,0),(10561,2,10559,'Базалия',1513733,0),(10562,2,10559,'Белогорье',1504774,0),(10563,2,10559,'Виньковцы',1513168,0),(10564,2,10559,'Волочиск',7664,0),(10565,2,10559,'Городок',4652,0),(10566,2,10559,'Грицев',1513867,0),(10567,2,10559,'Деражня',14841,0),(10568,2,10559,'Дунаевцы',7354,0),(10569,2,10559,'Изяслав',9627,0),(10570,2,10559,'Каменец-Подольский',2538,0),(10571,2,10559,'Красилов',22692,0),(10572,2,10559,'Летичев',1513538,0),(2191338,2,10559,'Нетешин',5176,0),(10573,2,10559,'Новая Ушица',1513575,0),(10574,2,10559,'Полонное',1513606,0),(10575,2,10559,'Славута',12419,0),(10576,2,10559,'Старая Синява',4766,0),(10577,2,10559,'Староконстантинов',4566,0),(10578,2,10559,'Теофиполь',1513759,0),(10579,2,10559,'Хмельницкий',2917,0),(10580,2,10559,'Чемеровцы',1513852,0),(10581,2,10559,'Шепетовка',6383,0),(10582,2,10559,'Ярмолинцы',18074,0),(10584,2,10583,'Ватутино',15587,0),(10585,2,10583,'Городище',1500988,0),(10586,2,10583,'Драбов',1513962,0),(10587,2,10583,'Ерки',1509898,0),(10588,2,10583,'Жашков',2650,0),(10590,2,10583,'Звенигородка',1161187,0),(10591,2,10583,'Золотоноша',5089,0),(10592,2,10583,'Ирдынь',1514427,0),(10593,2,10583,'Каменка',17602,0),(10594,2,10583,'Катеринополь',1502272,0),(10595,2,10583,'Корсунь-Шевченковский',3676,0),(10596,2,10583,'Лысянка',21909,0),(10597,2,10583,'Маньковка',1500659,0),(10598,2,10583,'Монастырище',1514269,0),(10599,2,10583,'Смела',4116,0),(10600,2,10583,'Тальное',14726,0),(10601,2,10583,'Умань',1711,0),(10602,2,10583,'Христиновка',9076,0),(10603,2,10583,'Черкассы',2642,0),(10604,2,10583,'Чернобай',1514510,0),(10605,2,10583,'Чигирин',12763,0),(10606,2,10583,'Шпола',14152,0),(10608,2,10607,'Батурин',15400,0),(10609,2,10607,'Бахмач',15401,0),(10610,2,10607,'Березна',1501391,0),(10611,2,10607,'Бобровица',1514929,0),(10612,2,10607,'Борзна',1514956,0),(10613,2,10607,'Варва',1514995,0),(10614,2,10607,'Вертиевка',1515235,0),(10615,2,10607,'Городня',9568,0),(10616,2,10607,'Замглай',1515379,0),(10617,2,10607,'Ичня',1515061,0),(10618,2,10607,'Козелец',1515096,0),(10619,2,10607,'Короп',1515138,0),(10620,2,10607,'Корюковка',12366,0),(10621,2,10607,'Куликовка',1514103,0),(10622,2,10607,'Мена',9308,0),(10623,2,10607,'Нежин',1515250,0),(10625,2,10607,'Носовка',20244,0),(10626,2,10607,'Прилуки',1870,0),(10627,2,10607,'Репки',8634,0),(10628,2,10607,'Семеновка',9723,0),(10629,2,10607,'Сосница',1515443,0),(10630,2,10607,'Талалаевка',5357,0),(10631,2,10607,'Чернигов',444,0),(10632,2,10607,'Щорс',7350,0),(10634,2,10633,'Берегомет',1514546,0),(10635,2,10633,'Вашковцы',1514550,0),(10636,2,10633,'Вижница',1514553,0),(10637,2,10633,'Герца',1514576,0),(10639,2,10633,'Заставна',9799,0),(10640,2,10633,'Кельменцы',21413,0),(10641,2,10633,'Кицмань',21600,0),(10642,2,10633,'Новоселица',17593,0),(10643,2,10633,'Путила',1514786,0),(10644,2,10633,'Сокиряны',17172,0),(10645,2,10633,'Сторожинец',1514851,0),(10646,2,10633,'Хотин',6275,0),(10647,2,10633,'Черновцы',1568,0);
/*!40000 ALTER TABLE `city` ENABLE KEYS */;
UNLOCK TABLES;

--
-- Table structure for table `contacts`
--

DROP TABLE IF EXISTS `contacts`;
/*!40101 SET @saved_cs_client     = @@character_set_client */;
/*!40101 SET character_set_client = utf8 */;
CREATE TABLE `contacts` (
  `id` int(11) NOT NULL AUTO_INCREMENT,
  `id_ra` int(11) NOT NULL DEFAULT '0',
  `id_empl` int(11) NOT NULL DEFAULT '0',
  `id_city` int(11) NOT NULL,
  `city` varchar(32) NOT NULL,
  `address` varchar(64) NOT NULL,
  `phones` varchar(48) NOT NULL,
  `email` varchar(32) NOT NULL,
  `web` varchar(32) NOT NULL,
  PRIMARY KEY (`id`)
) ENGINE=InnoDB DEFAULT CHARSET=utf8;
/*!40101 SET character_set_client = @saved_cs_client */;

--
-- Dumping data for table `contacts`
--

LOCK TABLES `contacts` WRITE;
/*!40000 ALTER TABLE `contacts` DISABLE KEYS */;
/*!40000 ALTER TABLE `contacts` ENABLE KEYS */;
UNLOCK TABLES;

--
-- Table structure for table `education_type`
--

DROP TABLE IF EXISTS `education_type`;
/*!40101 SET @saved_cs_client     = @@character_set_client */;
/*!40101 SET character_set_client = utf8 */;
CREATE TABLE `education_type` (
  `id` int(11) NOT NULL AUTO_INCREMENT,
  `name` varchar(64) NOT NULL,
  PRIMARY KEY (`id`)
) ENGINE=InnoDB AUTO_INCREMENT=4 DEFAULT CHARSET=utf8;
/*!40101 SET character_set_client = @saved_cs_client */;

--
-- Dumping data for table `education_type`
--

LOCK TABLES `education_type` WRITE;
/*!40000 ALTER TABLE `education_type` DISABLE KEYS */;
INSERT INTO `education_type` VALUES (1,'высшее'),(2,'среднее'),(3,'начальное');
/*!40000 ALTER TABLE `education_type` ENABLE KEYS */;
UNLOCK TABLES;

--
-- Table structure for table `employer`
--

DROP TABLE IF EXISTS `employer`;
/*!40101 SET @saved_cs_client     = @@character_set_client */;
/*!40101 SET character_set_client = utf8 */;
CREATE TABLE `employer` (
  `id` int(11) NOT NULL AUTO_INCREMENT,
  `id_user` int(11) NOT NULL,
  `id_city` int(11) NOT NULL,
  `birthday` date NOT NULL,
  `id_universiti` int(11) NOT NULL,
  `aboutme` text,
  `email` varchar(64) NOT NULL,
  `photo` varchar(32) DEFAULT NULL,
  `id_ra` int(11) NOT NULL DEFAULT '0',
  `lastname` varchar(64) NOT NULL,
  `firstname` varchar(64) NOT NULL,
  `surname` varchar(64) NOT NULL,
  `education_type` smallint(6) NOT NULL DEFAULT '1',
  `isman` tinyint(4) NOT NULL DEFAULT '1',
  `phone1` varchar(20) NOT NULL,
  `phone2` varchar(20) NOT NULL,
  `avg_rating` smallint(6) NOT NULL,
  PRIMARY KEY (`id`)
) ENGINE=InnoDB AUTO_INCREMENT=8 DEFAULT CHARSET=utf8;
/*!40101 SET character_set_client = @saved_cs_client */;

--
-- Dumping data for table `employer`
--

LOCK TABLES `employer` WRITE;
/*!40000 ALTER TABLE `employer` DISABLE KEYS */;
INSERT INTO `employer` VALUES (1,1,4400,'1970-07-20',18,'---','employ@mail.ru','20130925220613761.jpg',1,'Тест','Иван','Петрович',2,0,'800-2001456','800-2001457',4),(2,2,4400,'2011-07-20',18,'лыжи','demo4@mail.ru','',1,'Жданов','Михаил','Федорович',1,1,'','',0),(3,13,4400,'1970-08-15',21,'---','vk@mail.ru','',1,'Михалков','Сергей','Юрьевич',1,1,'095-1009898','',0),(4,14,4400,'1970-08-14',21,'','as@mail.ru','',1,'Патров','Антон','Юрьевич',1,1,'060-89902345','',0),(5,0,10184,'1990-01-01',21,'---','tr@mail.ru','',1,'Сидоров','Иван','Михайлович',1,1,'800-8989','900-8989',0),(6,15,10184,'1990-01-01',21,'---','op@mail.net','',1,'Жуков','Анатолий','Степанович',1,1,'800-9090','800-9090',0),(7,17,10184,'1990-04-09',21,'---','tita@mail.ru','',1,'Титаренко','Вадим','Петрович',1,1,'0900-10000','099-8002222',0);
/*!40000 ALTER TABLE `employer` ENABLE KEYS */;
UNLOCK TABLES;

--
-- Table structure for table `jobs`
--

DROP TABLE IF EXISTS `jobs`;
/*!40101 SET @saved_cs_client     = @@character_set_client */;
/*!40101 SET character_set_client = utf8 */;
CREATE TABLE `jobs` (
  `id_jobs` int(11) NOT NULL AUTO_INCREMENT,
  `id_ra` int(11) NOT NULL,
  `id_user` int(11) NOT NULL,
  `name_act` varchar(160) NOT NULL,
  `date_begin` datetime NOT NULL,
  `date_end` datetime NOT NULL,
  `id_city` int(11) NOT NULL,
  `mech` varchar(100) NOT NULL,
  `description` text,
  `iswork_room` tinyint(4) NOT NULL,
  `iswork_street` tinyint(4) NOT NULL,
  `work_twd_start` decimal(8,2) NOT NULL,
  `work_twd_end` decimal(8,2) NOT NULL,
  `work_twe_start` decimal(8,2) NOT NULL,
  `work_twe_end` decimal(8,2) NOT NULL,
  `pay` decimal(8,2) NOT NULL,
  `date_pay` date NOT NULL,
  `req` text,
  `resp` text,
  `ispublic` tinyint(4) NOT NULL DEFAULT '1',
  `date_public` timestamp NOT NULL DEFAULT CURRENT_TIMESTAMP ON UPDATE CURRENT_TIMESTAMP,
  `age_from` int(11) NOT NULL,
  `age_to` int(11) NOT NULL,
  `address` varchar(160) NOT NULL,
  `appoint` varchar(2) NOT NULL,
  `empl_type` smallint(6) NOT NULL DEFAULT '0',
  `narrow_req` varchar(2) NOT NULL,
  `jobs_lang` varchar(60) NOT NULL,
  PRIMARY KEY (`id_jobs`)
) ENGINE=InnoDB AUTO_INCREMENT=5 DEFAULT CHARSET=utf8;
/*!40101 SET character_set_client = @saved_cs_client */;

--
-- Dumping data for table `jobs`
--

LOCK TABLES `jobs` WRITE;
/*!40000 ALTER TABLE `jobs` DISABLE KEYS */;
INSERT INTO `jobs` VALUES (1,2,1,'EZ English','2013-08-02 00:00:00','2013-08-10 00:00:00',10184,'BA-CO-CS','Jean Domard, au travers d’une ballade, vous propose de le découvrir vivant.',0,1,'10.15','14.00','13.30','18.00','18.00','1989-07-20','от 18 до 40 лет, ответственные, опрятные ,активные.\nУсловия работы\\: 3 часа или 6 часов в день в утреннюю или вечернюю смену','-',1,'2014-06-02 19:52:37',16,28,'ул. Раисы Окипной, 3','PM',0,'AT','de-en'),(2,1,1,'Рекламному агентству \"Фулл Контакт\" требуются Хостесс-консультанты','2013-07-20 00:00:00','2013-07-31 00:00:00',10184,'229','Гибкий график работы (6 дней в неделю по 5 часов)\nС понедельника по субботу, с 8:00-13:00 или с 15:00-20:00\nВозможность совмещать работу с учебой\nПостоянная занятость\nПочасова оплата \nДостойная заработная плата, стабильность выплат',0,1,'9.30','12.15','19.30','23.15','50.00','2020-07-20','-Рост от 165 см\n-Приятная внешность\n-Коммуникабельность\n-Ответственность','Работа с посетителями магазинов, киосков',0,'2013-09-05 21:49:12',0,0,'','',0,'',''),(3,1,1,'фонд ЛАВРА','2013-12-15 00:00:00','2013-12-29 00:00:00',10184,'1','Мотивирование предпринимателей подключаться к новой дисконтной программе&#044; заключение и сопровождение договоров',0,1,'16.30','19.00','12.15','17.30','50.00','2013-09-12','Мотивирование предпринимателей подключаться к новой дисконтной программе&#044; заключение и сопровождение договоров','Мотивирование',1,'2014-03-27 21:47:16',17,30,'просп. Освободителей, 17','',0,'',''),(4,1,1,'Лидер-профи, КА','2013-07-20 00:00:00','2013-07-20 00:00:00',10184,'23','- Полная занятость\n\n- ЗП: ставка + бонус за выполнение плана\n\n- Цикл профессионального обучения\n\n- Возможность начать карьеру в успешной стабильной компании.',0,1,'9.00','14.00','15.00','19.00','35.50','2013-07-20','- Желание зарабатывать\n\n- Активная жизненная позиция\n\n- Грамотная речь\n\n- Коммуникабельность, уверенность в себе, желание получать новые знания и навыки.','- Проведение дегустации\n\n- Информирование клиентов о торговой марке\n\n- Проведение опросов среди потребителей',1,'2014-03-27 21:46:19',16,28,'ул. Раисы Окипной, 3','',0,'','');
/*!40000 ALTER TABLE `jobs` ENABLE KEYS */;
UNLOCK TABLES;

--
-- Table structure for table `jobs_lang`
--

DROP TABLE IF EXISTS `jobs_lang`;
/*!40101 SET @saved_cs_client     = @@character_set_client */;
/*!40101 SET character_set_client = utf8 */;
CREATE TABLE `jobs_lang` (
  `id` int(11) NOT NULL AUTO_INCREMENT,
  `key` varchar(2) NOT NULL,
  `name` varchar(64) NOT NULL,
  PRIMARY KEY (`id`)
) ENGINE=InnoDB AUTO_INCREMENT=10 DEFAULT CHARSET=utf8;
/*!40101 SET character_set_client = @saved_cs_client */;

--
-- Dumping data for table `jobs_lang`
--

LOCK TABLES `jobs_lang` WRITE;
/*!40000 ALTER TABLE `jobs_lang` DISABLE KEYS */;
INSERT INTO `jobs_lang` VALUES (1,'--','No speak (Не владею)'),(2,'en','English (Английский)'),(3,'de','Deutsch (Немецкий)'),(4,'fr','French (Французкий)'),(5,'pl','Polski (Польский)'),(6,'zh','Chinese (Китайский)'),(7,'ja','Japanese (Японский)'),(8,'ko','Korean (Корейский)'),(9,'tu','Turkish (Турецкий)');
/*!40000 ALTER TABLE `jobs_lang` ENABLE KEYS */;
UNLOCK TABLES;

--
-- Table structure for table `lang`
--

DROP TABLE IF EXISTS `lang`;
/*!40101 SET @saved_cs_client     = @@character_set_client */;
/*!40101 SET character_set_client = utf8 */;
CREATE TABLE `lang` (
  `id` int(11) NOT NULL AUTO_INCREMENT,
  `name` varchar(2) NOT NULL,
  `title` varchar(20) NOT NULL,
  PRIMARY KEY (`id`)
) ENGINE=InnoDB AUTO_INCREMENT=4 DEFAULT CHARSET=utf8;
/*!40101 SET character_set_client = @saved_cs_client */;

--
-- Dumping data for table `lang`
--

LOCK TABLES `lang` WRITE;
/*!40000 ALTER TABLE `lang` DISABLE KEYS */;
INSERT INTO `lang` VALUES (1,'ru','Рус'),(3,'en','Eng');
/*!40000 ALTER TABLE `lang` ENABLE KEYS */;
UNLOCK TABLES;

--
-- Table structure for table `lang_turbo`
--

DROP TABLE IF EXISTS `lang_turbo`;
/*!40101 SET @saved_cs_client     = @@character_set_client */;
/*!40101 SET character_set_client = utf8 */;
CREATE TABLE `lang_turbo` (
  `id` int(11) NOT NULL AUTO_INCREMENT,
  `grp` varchar(4) NOT NULL,
  `lang` varchar(2) NOT NULL,
  `key` varchar(12) NOT NULL,
  `value` varchar(512) NOT NULL,
  PRIMARY KEY (`id`)
) ENGINE=InnoDB AUTO_INCREMENT=275 DEFAULT CHARSET=utf8;
/*!40101 SET character_set_client = @saved_cs_client */;

--
-- Dumping data for table `lang_turbo`
--

LOCK TABLES `lang_turbo` WRITE;
/*!40000 ALTER TABLE `lang_turbo` DISABLE KEYS */;
INSERT INTO `lang_turbo` VALUES (1,'AL','ru','SAVE','Сохранить'),(2,'AL','en','SAVE','Save'),(3,'AL','ru','CANCEL','Отмена'),(4,'AL','en','CANCEL','Cancel'),(5,'AL','ru','CREATE','Создать'),(6,'AL','en','CREATE','Create'),(7,'AL','ru','INSERT','Вставить'),(8,'AL','en','INSERT','Insert'),(9,'AL','en','APPEND','Append'),(10,'AL','ru','APPEND','Добавить'),(11,'LKPR','en','ACT-NAME','action name'),(12,'LKPR','ru','ACT-NAME','название акции'),(15,'LKPR','en','ADS-AGENCY','ADS. agency'),(16,'LKPR','ru','ADS-AGENCY','рекл. агентство'),(17,'LKPR','en','MECH','mechanics'),(18,'LKPR','ru','MECH','механика'),(19,'LKPR','en','PAY','payment per hour'),(20,'LKPR','ru','PAY','оплата в час'),(21,'LKPR','en','TERMS','terms of the action'),(22,'LKPR','ru','TERMS','сроки акции'),(25,'AL','en','EDIT','edit'),(26,'AL','ru','EDIT','редактировать'),(29,'LKPR','en','DATE-PUBLIC','date of publication'),(30,'LKPR','ru','DATE-PUBLIC','дата публикации'),(31,'LKPR','en','TITLE','Private office'),(32,'LKPR','ru','TITLE','Личный кабинет'),(33,'AL','en','REVIEW','Review'),(34,'AL','ru','REVIEW','Просмотр'),(35,'AL','en','SHUT-OFF','Shut off'),(36,'AL','ru','SHUT-OFF','Отключить'),(37,'ANEM','en','LN','Last Name'),(38,'ANEM','ru','LN','Фамилия'),(39,'ANEM','en','FN','First Name'),(40,'ANEM','ru','FN','Имя'),(41,'ANEM','en','SN','SurName'),(42,'ANEM','ru','SN','Отчество'),(43,'ANEM','en','TITLE','Employer Registration Form'),(44,'ANEM','ru','TITLE','Форма регистрации работодателя'),(45,'ANEM','en','BIRTH','Date of birth'),(46,'ANEM','ru','BIRTH','День рождения'),(47,'ANEM','en','SEX','Sex'),(48,'ANEM','ru','SEX','Пол'),(49,'ANEM','en','MALE','Male'),(50,'ANEM','ru','MALE','Мужской'),(51,'ANEM','en','FEMALE','Female'),(52,'ANEM','ru','FEMALE','Женский'),(53,'ANEM','en','REGION','Region'),(54,'ANEM','ru','REGION','Регион'),(55,'ANEM','en','EDUCATION','Education'),(56,'ANEM','ru','EDUCATION','Образование'),(57,'ANEM','en','HIGH','High'),(58,'ANEM','ru','HIGH','Высшее'),(59,'ANEM','en','AVERAGE','Average'),(60,'ANEM','ru','AVERAGE','Среднее'),(61,'ANEM','en','ELEMENTARY','Elementary'),(62,'ANEM','ru','ELEMENTARY','Начальное'),(63,'ANEM','en','INTEREST','Interest'),(64,'ANEM','ru','INTEREST','Интересы/Увлечения'),(65,'ANEM','en','PHOTO','Photo'),(66,'ANEM','ru','PHOTO','Фото'),(67,'ANEM','en','EX-INTEREST','example: tennis, pool'),(68,'ANEM','ru','EX-INTEREST','пример: теннис, бассейн'),(69,'ANEM','en','EX-EDUCATION','example: the University. Shevchenko. faculty of Journalism'),(70,'ANEM','ru','EX-EDUCATION','пример: Университет им. Шевченко. Факультет журналистики'),(71,'ANEM','en','EX-CITY','examle: Kiev'),(72,'ANEM','ru','EX-CITY','пример: Киев'),(73,'AL','en','DOWNLOAD','Download'),(74,'AL','ru','DOWNLOAD','Загрузить'),(75,'ANEM','en','ADV','Advertising Agency'),(76,'ANEM','ru','ADV','Рекламное агенство'),(77,'ANEM','en','PAN2','Personal information:'),(78,'ANEM','ru','PAN2','Личные данные:'),(79,'ANEM','en','PROFILE','Profile'),(80,'ANEM','ru','PROFILE','Профайл'),(81,'ANEM','en','EX-ADV','example: Adv. Iskra'),(82,'ANEM','ru','EX-ADV','пример: РА Iskra'),(83,'ANEM','en','JOIN','Join'),(84,'ANEM','ru','JOIN','Присоединиться'),(85,'ANEM','en','REGADV','Register Advertising Agency'),(86,'ANEM','ru','REGADV','Зарегистрировать Рекламное Агентство'),(87,'ANEM','en','EX-LN','example: Petrov'),(88,'ANEM','ru','EX-LN','пример: Петров'),(89,'ANEM','en','EX-FN','example: Ivan'),(90,'ANEM','ru','EX-FN','пример: Иван'),(91,'ANEM','en','EX-SN','example: Fedorovich'),(92,'ANEM','ru','EX-SN','пример: Федорович'),(93,'ANEM','en','LOGIN','Login'),(94,'ANEM','ru','LOGIN','Логин'),(95,'ANEM','en','PASSW','Password'),(96,'ANEM','ru','PASSW','Пароль'),(97,'ANEM','en','CONFIRM','Confirm'),(98,'ANEM','ru','CONFIRM','Повтор пароля'),(99,'AL','en','EMAIL','Email'),(100,'AL','ru','EMAIL','Е-майл'),(101,'AL','en','PHONE','Phone'),(102,'AL','ru','PHONE','Телефон'),(103,'ANEM','en','ERR-USER','This user already exists'),(104,'ANEM','ru','ERR-USER','Такой пользователь уже существует'),(105,'ANEM','en','ERR-LOGIN','Enter a username'),(106,'ANEM','ru','ERR-LOGIN','Введите логин'),(107,'ANEM','en','ERR_PHONE','Enter your phone number'),(108,'ANEM','ru','ERR_PHONE','Введите телефон'),(109,'ANEM','en','ERR-CONFIRM','Passwords do not match'),(110,'ANEM','ru','ERR-CONFIRM','Пароли не совпадают'),(111,'ANEM','en','ERR-EMAIL','Incorrect email'),(112,'ANEM','ru','ERR-EMAIL','Некорректный email'),(113,'ANEM','en','ERR_LASTN','Enter the last name'),(114,'ANEM','ru','ERR_LASTN','Введите фамилию'),(115,'ANEM','en','ERR_FIRSTN','Enter the name'),(116,'ANEM','ru','ERR_FIRSTN','Введите имя'),(117,'ANEM','en','ERR_SURN','Enter first name'),(118,'ANEM','ru','ERR_SURN','Введите отчество'),(119,'ANEM','en','ERR_CITY','Enter the region / city'),(120,'ANEM','ru','ERR_CITY','Введите регион / город'),(121,'ANEM','en','ERR_ADV','Select Advertising Agency'),(122,'ANEM','ru','ERR_ADV','Выбeрите Рекламное Агентство'),(123,'ANEM','en','ERR_EDU','Enter your school / university'),(124,'ANEM','ru','ERR_EDU','Укажите учебное заведение'),(125,'ANEM','en','ERR_EDU_TYPE','Select the type of education'),(126,'ANEM','ru','ERR_EDU_TYPE','Выберите тип образования'),(127,'ANEM','en','ERR_BIRTH','Enter your date of birth'),(128,'ANEM','ru','ERR_BIRTH','Введите дату рождения'),(129,'ANEM','en','ERR_NETWORK','Data transfer error!'),(130,'ANEM','ru','ERR_NETWORK','Ошибка передачи данных!'),(131,'MS','en','ACTIVATE1','Congratulations, you\'ve got an account'),(132,'MS','ru','ACTIVATE1','Поздравляем, вы получили аккаунт'),(133,'MS','en','ACTIVATE2','to enter the private office'),(134,'MS','ru','ACTIVATE2','для входа в личный кабинет'),(135,'MS','en','ACTIVATE3','To activate the password - you send an email to'),(136,'MS','ru','ACTIVATE3','Для активации пароля - вам отправлено письмо на адрес'),(137,'MS','en','ACTIVATE4','Open the email and click the link'),(138,'MS','ru','ACTIVATE4','Откройте письмо и перейдите по ссылке'),(139,'ANEM','en','ERR_PASSW','Enter Password'),(140,'ANEM','ru','ERR_PASSW','Введите пароль'),(141,'LKPR','en','ADV','Advertising agencies'),(142,'LKPR','ru','ADV','Рекламные агентства'),(143,'LKPR','en','ADD-ADV','Add agency'),(144,'LKPR','ru','ADD-ADV','Добавить агентство'),(145,'LKPR','en','SEARCH-ADV','Search agencies'),(146,'LKPR','ru','SEARCH-ADV','Поиск агентства'),(147,'LKPR','en','ENTER','enter the name'),(148,'LKPR','ru','ENTER','Введите название'),(149,'LKPR','en','SEARCH-RES','Search results'),(150,'LKPR','ru','SEARCH-RES','Результаты поиска'),(151,'LKPR','en','CRT-VACANCY','Create vacancy'),(152,'LKPR','ru','CRT-VACANCY','Создать вакансию'),(153,'AL','en','BACK','Back'),(154,'AL','ru','BACK','Назад'),(157,'AL','en','MECH-DISTR','Distribution of leaflets'),(158,'AL','ru','MECH-DISTR','Раздача листовок'),(159,'AL','en','MECH-SAMPLIN','Sampling'),(160,'AL','ru','MECH-SAMPLIN','Сэмплинг'),(161,'AL','en','MECH-DEGUSTA','Degustation'),(162,'AL','ru','MECH-DEGUSTA','Дегустация'),(163,'AL','en','MECH-EX','Exhibitions / Presentations'),(164,'AL','ru','MECH-EX','Выставки/Презентации'),(165,'AL','en','MECH-HORECA','HoReCa'),(166,'AL','ru','MECH-HORECA','HoReCa'),(167,'AL','en','MECH-GWP','GWP'),(168,'AL','ru','MECH-GWP','ПЗП'),(169,'AL','en','MECH-CONS','Consultant'),(170,'AL','ru','MECH-CONS','Консультант'),(171,'LKPR','en','JOIN','join'),(172,'LKPR','ru','JOIN','присоединить'),(173,'SREM','en','TITLE','Search Resumes'),(174,'SREM','ru','TITLE','Поиск резюме'),(175,'SREM','en','FILTER','Filter your search'),(176,'SREM','ru','FILTER','Фильтр поиска'),(177,'SREM','en','RES','Search results'),(178,'SREM','ru','RES','Результаты поиска'),(179,'SREM','en','CITY','City'),(180,'SREM','ru','CITY','Город'),(181,'SREM','en','SEX','Sex'),(182,'SREM','ru','SEX','Пол'),(183,'SREM','en','MALE','M.'),(184,'SREM','ru','MALE','М.'),(185,'SREM','en','FEMALE','F.'),(186,'SREM','ru','FEMALE','Ж.'),(187,'SREM','en','ANY','Any'),(188,'SREM','ru','ANY','Любой'),(189,'SREM','en','AGE','Age (from - to):'),(190,'SREM','ru','AGE','Возраст (от - до):'),(191,'SREM','en','DRESS','Dress size:'),(192,'SREM','ru','DRESS','Размер одежды:'),(193,'SREM','en','HEIGHT','Height cm'),(194,'SREM','ru','HEIGHT','Рост см'),(195,'SREM','en','EXPERIENCE','Experience:'),(196,'SREM','ru','EXPERIENCE','Опыт работы:'),(197,'AL','en','YES','Yes'),(198,'AL','ru','YES','Есть'),(199,'AL','en','NO','No'),(200,'AL','ru','NO','Нет'),(201,'SREM','en','HBOOK','Having health books:'),(202,'SREM','ru','HBOOK','Наличие мед. книжки:'),(203,'AL','en','DNM','Does not matter'),(204,'AL','ru','DNM','Не важно'),(207,'AL','en','SEARCH','Search'),(208,'AL','ru','SEARCH','Искать'),(209,'SREM','en','EX-CITY','Kiev'),(210,'SREM','ru','EX-CITY','Киев'),(211,'SREM','en','FIO','LFS'),(212,'SREM','ru','FIO','ФИО'),(213,'SREM','en','MECH','Мechanics'),(214,'SREM','ru','MECH','Механика'),(215,'SREM','en','PAYMENT','Payment per hour'),(216,'SREM','ru','PAYMENT','Оплата в час'),(217,'SREM','en','AGE2','Age'),(218,'SREM','ru','AGE2','Возраст'),(219,'SREM','en','DATE','Date of placement'),(220,'SREM','ru','DATE','Дата размещения'),(221,'RES','en','TITLE','Resume'),(222,'RES','ru','TITLE','Резюме'),(223,'RES','en','AGE','Age'),(224,'RES','ru','AGE','Возраст'),(225,'RES','en','HEIGHT','Height cm'),(226,'RES','ru','HEIGHT','Рост см'),(227,'RES','en','DRESS','Dress size'),(228,'RES','ru','DRESS','Размер одежды'),(229,'RES','en','CONV','Convenient schedule (time)'),(230,'RES','ru','CONV','Удобный график работы (время)'),(231,'RES','en','MON-FRI','Mon-Fri'),(232,'RES','ru','MON-FRI','Пн-Пт'),(233,'RES','en','SAT-SUN','Sat-Sun'),(234,'RES','ru','SAT-SUN','Сб-Вс'),(235,'RES','en','HBOOK','The presence of honey books'),(236,'RES','ru','HBOOK','Наличие мед. книжки'),(237,'RES','en','ORGBOOK','The organization issued the book'),(238,'RES','ru','ORGBOOK','Организация выдавшая книжку'),(239,'RES','en','METRO','The nearest metro station'),(240,'RES','ru','METRO','Ближайшая станция метро'),(241,'RES','en','BIRTH','date of birth'),(242,'RES','ru','BIRTH','Дата рождения'),(243,'RES','en','EXP','Experience in promo'),(244,'RES','ru','EXP','Опыт работы в промо'),(245,'RES','en','EXP-MECH','Experience in the mechanics'),(246,'RES','ru','EXP-MECH','Опыт работы на механиках'),(247,'RES','en','READY-WORK','Mechanics which are ready to work'),(248,'RES','ru','READY-WORK','Механики на которых готовы работать'),(249,'RES','en','HPAY','Min. hourly pay'),(250,'RES','ru','HPAY','Мин. почасовая оплата'),(251,'RES','en','STREET','Willingness to work in the winter on the street'),(252,'RES','ru','STREET','Готовность работать в зимнее время на улице'),(253,'RES','en','FLANG','Foreign Language'),(254,'RES','ru','FLANG','Иностранный язык'),(255,'RES','en','ABOUT','About Me'),(256,'RES','ru','ABOUT','О себе'),(257,'RES','en','LANG-LEVEL','Language level'),(258,'RES','ru','LANG-LEVEL','Уровень языка'),(259,'VR','en','TITLE','Views and responses'),(260,'VR','ru','TITLE','Просмотры и отклики'),(261,'VR','en','ACT','Stock name'),(262,'VR','ru','ACT','Название акции'),(263,'VR','en','VISITS','visits'),(264,'VR','ru','VISITS','просмотров'),(265,'VR','en','RESP','responses'),(266,'VR','ru','RESP','откликов'),(267,'ANEM','en','PASSW-OLD','Old password'),(268,'ANEM','ru','PASSW-OLD','Старый пароль'),(269,'ANEM','en','PASSW-NEW','New password'),(270,'ANEM','ru','PASSW-NEW','Новый пароль'),(271,'VAC','en','ADV','Advertising agency'),(272,'VAC','ru','ADV','Рекламное агентство'),(273,'VAC','en','SHOW','View job'),(274,'VAC','ru','SHOW','Просмотр вакансии');
/*!40000 ALTER TABLE `lang_turbo` ENABLE KEYS */;
UNLOCK TABLES;

--
-- Table structure for table `languages`
--

DROP TABLE IF EXISTS `languages`;
/*!40101 SET @saved_cs_client     = @@character_set_client */;
/*!40101 SET character_set_client = utf8 */;
CREATE TABLE `languages` (
  `id` int(11) NOT NULL AUTO_INCREMENT,
  `keyword` varchar(32) NOT NULL,
  `value` varchar(128) NOT NULL,
  `page` varchar(32) NOT NULL,
  `lang` varchar(2) NOT NULL,
  PRIMARY KEY (`id`)
) ENGINE=InnoDB AUTO_INCREMENT=110 DEFAULT CHARSET=utf8;
/*!40101 SET character_set_client = @saved_cs_client */;

--
-- Dumping data for table `languages`
--

LOCK TABLES `languages` WRITE;
/*!40000 ALTER TABLE `languages` DISABLE KEYS */;
INSERT INTO `languages` VALUES (2,'TITLE','Управление языками','languages','ru'),(3,'TITLE','Авторизация','login','ru'),(4,'TITLE','Authorization','login','en'),(5,'NAME','Имя','login','ru'),(6,'NAME','Name','login','en'),(7,'PASSWORD','Пароль','login','ru'),(8,'PASSWORD','Password','login','en'),(9,'REMEMBER','Запомнить меня','login','ru'),(10,'REMEMBER','Remember me','login','en'),(11,'NOTE','Поля, отмеченные <span class=\"required\">*</span> обязательны для заполнения.','login','ru'),(12,'NOTE','Fields marked <span class=\"required\"> * </ span> are required.','login','en'),(13,'NAME','Iм\'я','login','ua'),(14,'PASSWORD','пароль','login','ua'),(15,'REMEMBER','Запам\'ятати мене','login','ua'),(16,'TITLE','Авторизація','login','ua'),(17,'NOTE','Поля, відмічені <span class=\"required\"> * </ span> обов\'язковими для заповнення.','login','ua'),(18,'ENTER','Войти','login','ru'),(19,'ENTER','Log-in','login','en'),(20,'SAVE','Сохранить','languages','ru'),(21,'CANCEL','Отмена','languages','ru'),(22,'SAVE','Save','languages','en'),(23,'CANCEL','Cancel','languages','en'),(24,'TITLE','Управління мовами','languages','ua'),(25,'SAVE','Зберегти','languages','ua'),(26,'CANCEL','Відміна','languages','ua'),(27,'TITLE','Language management','languages','en'),(28,'LANG','Язык','languages','ru'),(29,'LANG','Language','languages','en'),(30,'LANG','Мова','languages','ua'),(31,'PAGE','Страница','languages','ru'),(32,'PAGE','Сторінка','languages','ua'),(33,'PAGE','Page','languages','en'),(34,'KEY','Ключ','languages','ru'),(35,'KEY','Ключ','languages','ua'),(36,'KEY','Key','languages','en'),(37,'VALUE','Значение','languages','ru'),(38,'VALUE','Значення','languages','ua'),(39,'VALUE','Value','languages','en'),(40,'CREATE','Создать','languages','ru'),(41,'CREATE','Створити','languages','ua'),(42,'CREATE','Create','languages','en'),(43,'EDIT','Редактирование','languages','ru'),(44,'EDIT','Редагування','languages','ua'),(45,'EDIT','Editing','languages','en'),(46,'REGISTER','Регистрация','login','ru'),(47,'REGISTER','Реєстрація','login','ua'),(48,'REGISTER','Registration','login','en'),(49,'WHAT','ЗАЧЕМ РЕГИСТРИРОВАТЬСЯ ?','register','ru'),(50,'WHAT','НАВІЩО РЕЄСТРУВАТИСЯ?','register','ua'),(51,'WHAT','Why should I register?','register','en'),(52,'WHAT_TEXT','Зарегистрировавшись на сайте, Вы получите доступ к дополнительной информации и сможете пользоваться специальными сервисами сайта','register','ru'),(53,'WHAT_TEXT','Зареєструвавшись на сайті, Ви отримаєте доступ до додаткової інформації і зможете користуватися спеціальними сервісами сайту.','register','ua'),(54,'WHAT_TEXT','By registering online, you will have access to more information and to be able to use the special services of a site.','register','en'),(55,'BACK','Назад','register','ru'),(56,'BACK','Назад','register','ua'),(57,'BACK','Back','register','en'),(58,'OFF','Отключен','languages','ru'),(59,'OFF','Відключений','register','ua'),(60,'OFF','Off','register','en'),(61,'PROMOUTER','Промоутер','register','ru'),(62,'PROMOUTER','Промоутер','register','ua'),(63,'PROMOUTER','Promoter','register','en'),(64,'EMPLOYER','Работодатель','register','ru'),(65,'EMPLOYER','Роботодавець','register','ua'),(66,'EMPLOYER','Employer','register','en'),(67,'ADVERTISING_AGENCY','Рекламное агенство','register','ru'),(68,'ADVERTISING_AGENCY','Рекламное агенство','register','ua'),(69,'ADVERTISING_AGENCY','Advertising agency','register','en'),(70,'OFF','Отключен','register','ru'),(71,'STEP1','Регистрация: шаг 1 из 2','register','ru'),(72,'STEP1','Реєстрація: крок 1 з 2','register','ua'),(73,'STEP1','Sign Up: Step 1 of 2','register','en'),(74,'STEP2','Регистрация: шаг 2 из 2','register','ru'),(75,'STEP2','Реєстрація: крок 2 з 2','register','ua'),(76,'STEP2','Sign Up: Step 2 of 2','register','en'),(77,'LOGIN','Имя / Ник','register','ru'),(78,'LOGIN','Iм\'я','register','ua'),(79,'LOGIN','Nick name','register','en'),(80,'PASSW','Пароль','register','ru'),(81,'PASSW','Пароль','register','ua'),(82,'PASSW','Password','register','en'),(83,'EMAIL','Электронная почта','register','ru'),(84,'EMAIL','Електронна пошта','register','ua'),(85,'EMAIL','Email','register','en'),(86,'CONFIRM','Повторный пароль','register','ru'),(87,'CONFIRM','Повторний пароль','register','ua'),(88,'CONFIRM','Confirm password','register','en'),(89,'STATUS','Статус','register','ru'),(90,'STATUS','Статус','register','ua'),(91,'STATUS','Status','register','en'),(92,'NEXT','Далее','register','ru'),(93,'NEXT','Далі','register','ua'),(94,'NEXT','Next','register','en'),(95,'NAME_RA','Название Рекламного Агенства','register','ru'),(96,'NAME_RA','Назва рекламного агенства','register','ua'),(97,'WEB','Web сайт','register','ru'),(98,'WEB','Web сайт','register','ua'),(99,'WEB','Web','register','en'),(100,'POSITION','Ваша должность','register','ru'),(101,'POSITION','Ваша посада','register','ua'),(102,'LOGO','Логотип','register','ru'),(103,'LOGO','Логотип','register','ua'),(104,'LOGO','Logotype','register','en'),(105,'REGISTER','Регистрация','register','ru'),(106,'REGISTER','Реєстрація','register','ua'),(107,'REGISTER','Registration','register','en'),(108,'POSITION','Your position','register','en'),(109,'NAME_RA','Name of the advertising agency','register','en');
/*!40000 ALTER TABLE `languages` ENABLE KEYS */;
UNLOCK TABLES;

--
-- Table structure for table `linked_resume`
--

DROP TABLE IF EXISTS `linked_resume`;
/*!40101 SET @saved_cs_client     = @@character_set_client */;
/*!40101 SET character_set_client = utf8 */;
CREATE TABLE `linked_resume` (
  `id_lr` int(11) NOT NULL AUTO_INCREMENT,
  `id_ra` int(11) NOT NULL,
  `id_user` int(11) NOT NULL,
  `issend_email` tinyint(4) NOT NULL DEFAULT '0',
  `to_email_date` datetime NOT NULL,
  `issend_sms` tinyint(4) NOT NULL,
  `to_smsdate` datetime NOT NULL,
  `email_status` int(11) NOT NULL,
  `sms_status` int(11) NOT NULL,
  PRIMARY KEY (`id_lr`)
) ENGINE=InnoDB DEFAULT CHARSET=utf8;
/*!40101 SET character_set_client = @saved_cs_client */;

--
-- Dumping data for table `linked_resume`
--

LOCK TABLES `linked_resume` WRITE;
/*!40000 ALTER TABLE `linked_resume` DISABLE KEYS */;
/*!40000 ALTER TABLE `linked_resume` ENABLE KEYS */;
UNLOCK TABLES;

--
-- Table structure for table `mech`
--

DROP TABLE IF EXISTS `mech`;
/*!40101 SET @saved_cs_client     = @@character_set_client */;
/*!40101 SET character_set_client = utf8 */;
CREATE TABLE `mech` (
  `id` int(11) NOT NULL AUTO_INCREMENT,
  `key` varchar(2) NOT NULL,
  `name` varchar(64) NOT NULL,
  PRIMARY KEY (`id`),
  UNIQUE KEY `key` (`key`)
) ENGINE=InnoDB AUTO_INCREMENT=33 DEFAULT CHARSET=utf8;
/*!40101 SET character_set_client = @saved_cs_client */;

--
-- Dumping data for table `mech`
--

LOCK TABLES `mech` WRITE;
/*!40000 ALTER TABLE `mech` DISABLE KEYS */;
INSERT INTO `mech` VALUES (1,'RL','Розыгрыш/лотерея'),(2,'PR','Подарок за покупку'),(3,'DM','Демонстрация продукта'),(4,'SC','Массовка'),(5,'BA','Боди-Арт'),(6,'AM','Анимация'),(7,'SP','Семплинг'),(8,'TS','Телефонный опрос'),(9,'HS','Квартирный опрос'),(10,'AR','Агитация/митинг'),(11,'TT','Дегустация'),(12,'SR','Спреинг'),(13,'FM','Флеш-моб'),(14,'CS','Консультация'),(15,'HR','ХоРеКа'),(16,'PH','Фотосессия'),(17,'EV','Ивент'),(18,'VG','Видеосъемка'),(19,'DL','Раздача листовок'),(20,'SS','Уличный опрос'),(21,'DS','Прямые продажи'),(24,'SW','Показ/дефиле'),(25,'EB','Выставка'),(26,'PC','Презентация/Конференция'),(27,'QS','Анкетирование'),(28,'DH','Доставка/Развоз'),(29,'RP','Выкладка продукта'),(30,'VS','Проверка персонала'),(31,'DW','Разная работа'),(32,'CO','Проверка торговых точек');
/*!40000 ALTER TABLE `mech` ENABLE KEYS */;
UNLOCK TABLES;

--
-- Table structure for table `med`
--

DROP TABLE IF EXISTS `med`;
/*!40101 SET @saved_cs_client     = @@character_set_client */;
/*!40101 SET character_set_client = utf8 */;
CREATE TABLE `med` (
  `id` int(11) NOT NULL AUTO_INCREMENT,
  `id_city` int(11) NOT NULL,
  `name` varchar(160) NOT NULL,
  PRIMARY KEY (`id`)
) ENGINE=InnoDB AUTO_INCREMENT=7 DEFAULT CHARSET=utf8;
/*!40101 SET character_set_client = @saved_cs_client */;

--
-- Dumping data for table `med`
--

LOCK TABLES `med` WRITE;
/*!40000 ALTER TABLE `med` DISABLE KEYS */;
INSERT INTO `med` VALUES (1,1,' ООО «Дезсервис»'),(2,2,'ООО «Медпроф»'),(3,1,'СМ-клиника '),(4,1,' ГБУЗ МСЧ №51 '),(5,1,'san-medspravki'),(6,10184,'мобилмед');
/*!40000 ALTER TABLE `med` ENABLE KEYS */;
UNLOCK TABLES;

--
-- Table structure for table `menu_tree`
--

DROP TABLE IF EXISTS `menu_tree`;
/*!40101 SET @saved_cs_client     = @@character_set_client */;
/*!40101 SET character_set_client = utf8 */;
CREATE TABLE `menu_tree` (
  `id` int(11) NOT NULL AUTO_INCREMENT,
  `menu_id` int(11) NOT NULL,
  `module` varchar(30) CHARACTER SET cp1251 DEFAULT NULL,
  `show_auth` int(1) NOT NULL,
  `parent_id` int(11) NOT NULL,
  `page_id` int(11) NOT NULL,
  `link` varchar(100) CHARACTER SET cp1251 DEFAULT NULL,
  `link_type` int(1) NOT NULL,
  `hidden` int(1) NOT NULL DEFAULT '0',
  `del` int(1) NOT NULL DEFAULT '0',
  `pos` int(11) NOT NULL,
  PRIMARY KEY (`id`)
) ENGINE=InnoDB AUTO_INCREMENT=40 DEFAULT CHARSET=utf8;
/*!40101 SET character_set_client = @saved_cs_client */;

--
-- Dumping data for table `menu_tree`
--

LOCK TABLES `menu_tree` WRITE;
/*!40000 ALTER TABLE `menu_tree` DISABLE KEYS */;
INSERT INTO `menu_tree` VALUES (1,1,'page',0,0,1,'about',1,0,0,1),(2,1,'page',0,0,1,'paidservices',1,0,0,5),(3,1,'clients',0,0,1,'',1,0,1,4),(4,1,'menu',1,0,1,'',4,0,1,1),(5,1,'users',1,0,1,'',4,0,0,3),(6,1,'pages',1,0,1,'',4,0,0,4),(7,1,'languages',1,0,1,'',4,0,0,5),(8,1,'languages',1,0,1,'languages',4,0,1,6),(9,1,'logout',1,0,1,'',4,0,0,11),(10,1,'logout',1,0,1,'',4,0,1,8),(11,1,'menu',1,0,1,'',4,0,0,2),(12,1,'cities',1,0,1,'',4,0,0,7),(13,1,'university',1,0,1,'',4,0,0,9),(14,1,'banners',1,0,1,'',4,0,0,10),(15,1,'RegisterEmployer',1,0,1,'',6,0,0,1),(16,1,'VacationList',1,0,1,'',6,0,0,2),(17,1,'SearchEmpl',1,0,1,'',6,0,0,3),(18,1,'ResponseEmpl',1,0,1,'',6,0,0,4),(19,1,'Forum',1,0,1,'',6,0,0,5),(20,1,'Resume',1,0,1,'',5,0,0,1),(21,1,'RegisterPromo',1,0,1,'',5,0,0,2),(22,1,'Organizer',1,0,1,'',5,0,0,3),(23,1,'SearchPromo',1,0,1,'',5,0,0,4),(24,1,'rating',1,0,1,'',7,0,0,1),(25,1,'responsePromo',1,0,1,'',5,0,0,5),(26,1,'RatingPromo',1,0,1,'',5,0,0,6),(27,1,'RatingEmpl',1,0,1,'',6,0,0,6),(28,1,'Sitepage',1,0,1,'',7,0,0,2),(29,1,'EditRa',1,0,1,'',7,0,0,3),(30,1,'Forum',1,0,1,'',7,0,0,4),(31,1,'Forum',1,0,1,'',5,0,0,7),(32,1,'page',0,0,1,'rabotodatel',1,0,0,2),(33,1,'page',0,0,1,'rabotodatel',1,0,1,6),(34,1,'page',0,0,1,'soiskatelyam',1,0,0,3),(35,1,'page',0,34,1,'tips',1,0,0,7),(36,1,'page',0,32,1,'paidservices',1,0,0,7),(37,1,'',0,2,1,'services',1,0,1,7),(38,1,'page',0,2,1,'payservices',1,0,0,7),(39,1,'page',0,2,1,'contacts',1,0,0,7);
/*!40000 ALTER TABLE `menu_tree` ENABLE KEYS */;
UNLOCK TABLES;

--
-- Table structure for table `menu_tree_names`
--

DROP TABLE IF EXISTS `menu_tree_names`;
/*!40101 SET @saved_cs_client     = @@character_set_client */;
/*!40101 SET character_set_client = utf8 */;
CREATE TABLE `menu_tree_names` (
  `id` int(11) NOT NULL AUTO_INCREMENT,
  `menu_tree_id` int(11) NOT NULL,
  `name` varchar(50) NOT NULL,
  `lang` varchar(2) NOT NULL,
  PRIMARY KEY (`id`),
  KEY `menu_tree_id` (`menu_tree_id`),
  CONSTRAINT `menu_tree_names_ibfk_1` FOREIGN KEY (`menu_tree_id`) REFERENCES `menu_tree` (`id`) ON DELETE CASCADE ON UPDATE NO ACTION
) ENGINE=InnoDB AUTO_INCREMENT=104 DEFAULT CHARSET=utf8;
/*!40101 SET character_set_client = @saved_cs_client */;

--
-- Dumping data for table `menu_tree_names`
--

LOCK TABLES `menu_tree_names` WRITE;
/*!40000 ALTER TABLE `menu_tree_names` DISABLE KEYS */;
INSERT INTO `menu_tree_names` VALUES (1,1,'О проекте','ru'),(2,1,'About','en'),(3,2,'Услуги','ru'),(4,2,'Services','en'),(5,3,'Клиенты','ru'),(6,3,'Сlients','en'),(7,4,'Меню','ru'),(8,4,'Menu','en'),(9,5,'Пользователи','ru'),(10,5,'Users','en'),(11,6,'Страницы','ru'),(12,6,'Pages','en'),(13,7,'Локализация','ru'),(14,7,'Localization','en'),(15,8,'Локализация','ru'),(16,8,'Локализация','en'),(17,9,'Выход','ru'),(18,9,'Exit','en'),(19,10,'Выход','ru'),(20,10,'Выход','en'),(21,11,'Меню','ru'),(22,11,'Меню','ua'),(23,11,'Menu','en'),(24,5,'Користувачі','ua'),(25,6,'Сторінки','ua'),(26,7,'Локалізація','ua'),(27,9,'Вихід','ua'),(28,12,'Города','ru'),(29,12,'Города','ua'),(30,12,'Города','en'),(31,13,'Университеты','ru'),(32,13,'Университеты','ua'),(33,13,'Университеты','en'),(34,14,'Баннеры','ru'),(35,14,'Баннеры','ua'),(36,14,'Баннеры','en'),(37,15,'моя Анкета','ru'),(38,15,'моя Анкета','ua'),(39,15,'моя Анкета','en'),(40,16,'Личный кабинет','ru'),(41,16,'Личный кабинет','ua'),(42,16,'Личный кабинет','en'),(43,17,'Поиск резюме','ru'),(44,17,'Поиск резюме','ua'),(45,17,'Поиск резюме','en'),(46,18,'Просмотр и отклики','ru'),(47,18,'Просмотр и отклики','ua'),(48,18,'Просмотр и отклики','en'),(49,19,'Сообщения','ru'),(50,19,'Сообщения','ua'),(51,19,'Сообщения','en'),(52,20,'Личный кабинет','ru'),(53,20,'моя Анкета','ua'),(54,20,'моя Анкета','en'),(55,21,'Анкета','ru'),(56,21,'Резюме','ua'),(57,21,'Резюме','en'),(58,22,'Органайзер','ru'),(59,22,'Органайзер','ua'),(60,22,'Органайзер','en'),(61,23,'Поиск вакансий','ru'),(62,23,'Поиск вакансий','ua'),(63,23,'Поиск вакансий','en'),(64,24,'Оценки','ru'),(65,24,'Оценки','ua'),(66,24,'Оценки','en'),(67,25,'Отклики','ru'),(68,25,'Отклики','ua'),(69,25,'Отклики','en'),(70,26,'Оценки','ru'),(71,26,'Отклики','ua'),(72,26,'Отклики','en'),(73,27,'Оценки','ru'),(74,27,'Оценки','ua'),(75,27,'Оценки','en'),(76,28,'Визитка','ru'),(77,28,'Визитка','ua'),(78,28,'Визитка','en'),(79,29,'Анкета','ru'),(80,29,'Анкета','ua'),(81,29,'Анкета','en'),(82,30,'Отзывы','ru'),(83,30,'Форум/Отзывы','ua'),(84,30,'Форум/Отзывы','en'),(85,31,'Отзывы','ru'),(86,31,'Отзывы','ua'),(87,31,'Отзывы','en'),(88,32,'Работодателям','ru'),(89,32,'Работодателям','en'),(90,33,'Работодателям','ru'),(91,33,'Работодателям','en'),(92,34,'Соискателям','ru'),(93,34,'Соискателям','en'),(94,35,'Промословарь','ru'),(95,35,'Промословарь','en'),(96,36,'Платные услуги','ru'),(97,36,'Платные услуги','en'),(98,37,'Услуги','ru'),(99,37,'Услуги','en'),(100,38,'Платные услуги','ru'),(101,38,'Платные услуги','en'),(102,39,'Контакты','ru'),(103,39,'Контакты','en');
/*!40000 ALTER TABLE `menu_tree_names` ENABLE KEYS */;
UNLOCK TABLES;

--
-- Table structure for table `menu_type`
--

DROP TABLE IF EXISTS `menu_type`;
/*!40101 SET @saved_cs_client     = @@character_set_client */;
/*!40101 SET character_set_client = utf8 */;
CREATE TABLE `menu_type` (
  `id` int(11) NOT NULL AUTO_INCREMENT,
  `name` varchar(50) NOT NULL,
  `hidden` int(1) NOT NULL DEFAULT '0',
  `delete` int(1) NOT NULL DEFAULT '0',
  PRIMARY KEY (`id`)
) ENGINE=MyISAM AUTO_INCREMENT=8 DEFAULT CHARSET=utf8;
/*!40101 SET character_set_client = @saved_cs_client */;

--
-- Dumping data for table `menu_type`
--

LOCK TABLES `menu_type` WRITE;
/*!40000 ALTER TABLE `menu_type` DISABLE KEYS */;
INSERT INTO `menu_type` VALUES (1,'Главное меню',0,0),(2,'Правый сайдбар',0,0),(3,'Нижнее меню',0,0),(4,'Админ-панель',0,0),(5,'главное меню (промоутеры)',0,0),(6,'главное меню (работодатели)',0,0),(7,'главное меню (РА)',0,0);
/*!40000 ALTER TABLE `menu_type` ENABLE KEYS */;
UNLOCK TABLES;

--
-- Table structure for table `messages`
--

DROP TABLE IF EXISTS `messages`;
/*!40101 SET @saved_cs_client     = @@character_set_client */;
/*!40101 SET character_set_client = utf8 */;
CREATE TABLE `messages` (
  `id` int(11) NOT NULL AUTO_INCREMENT,
  `id_topic` int(11) NOT NULL,
  `id_user` int(11) NOT NULL,
  `status` int(11) NOT NULL,
  `parent` int(11) NOT NULL DEFAULT '0',
  `dt_create` timestamp NOT NULL DEFAULT CURRENT_TIMESTAMP ON UPDATE CURRENT_TIMESTAMP,
  `mess` varchar(512) DEFAULT NULL,
  PRIMARY KEY (`id`)
) ENGINE=InnoDB AUTO_INCREMENT=15 DEFAULT CHARSET=utf8;
/*!40101 SET character_set_client = @saved_cs_client */;

--
-- Dumping data for table `messages`
--

LOCK TABLES `messages` WRITE;
/*!40000 ALTER TABLE `messages` DISABLE KEYS */;
INSERT INTO `messages` VALUES (1,9,9,4,0,'2013-08-21 02:04:00','встреча в пн. в 10:00 возле ж.д. вокзала'),(2,10,8,2,0,'2013-08-21 01:49:09','когда будут костюмы?'),(3,10,8,2,0,'2013-08-21 01:59:35','На место добираться своим ходом, или будет развозка?'),(4,10,10,4,2,'2013-10-18 18:51:00','В субботу вечером, возле магазина. Примерка в 20:00'),(7,9,9,4,0,'2013-10-18 17:40:20','вагон 10'),(8,9,9,4,1,'2013-10-18 17:42:48','какой вагон?'),(13,9,9,4,7,'2013-10-18 18:21:49','при себе иметь: бутылку с водой и бутерброд'),(14,1,1,3,0,'2013-10-18 19:13:41','Сборы 20.10 в 19:30. При себе иметь ручку и блокнот');
/*!40000 ALTER TABLE `messages` ENABLE KEYS */;
UNLOCK TABLES;

--
-- Table structure for table `metro`
--

DROP TABLE IF EXISTS `metro`;
/*!40101 SET @saved_cs_client     = @@character_set_client */;
/*!40101 SET character_set_client = utf8 */;
CREATE TABLE `metro` (
  `id_metro` int(11) NOT NULL AUTO_INCREMENT,
  `id_city` int(11) NOT NULL,
  `station_name` varchar(120) NOT NULL,
  PRIMARY KEY (`id_metro`)
) ENGINE=InnoDB AUTO_INCREMENT=52 DEFAULT CHARSET=utf8;
/*!40101 SET character_set_client = @saved_cs_client */;

--
-- Dumping data for table `metro`
--

LOCK TABLES `metro` WRITE;
/*!40000 ALTER TABLE `metro` DISABLE KEYS */;
INSERT INTO `metro` VALUES (1,10184,'Лесная'),(2,10184,'Черниговская'),(3,10184,'Дарница'),(4,10184,'Левобережная'),(5,10184,'Гидропарк'),(6,10184,'Днепр'),(7,10184,'Арсенальная'),(8,10184,'Крещатик'),(9,10184,'Театральная'),(10,10184,'Университет'),(11,10184,'Вокзальная'),(12,10184,'Политехнический институт'),(13,10184,'Шулявская'),(14,10184,'Берестейская'),(15,10184,'Нивки'),(16,10184,'Святошин'),(17,10184,'Житомирская'),(18,10184,'Академгородок'),(19,10184,'Героев Днепра'),(20,10184,'Минская'),(21,10184,'Оболонь'),(22,10184,'Петровка'),(23,10184,'Тараса Шевченко'),(24,10184,'Контрактовая площадь'),(25,10184,'Почтовая площадь'),(26,10184,'Майдан Независимости'),(27,10184,'площадь Льва Толстого'),(28,10184,'Олимпийская'),(29,10184,'Дворец Украина'),(30,10184,'Лыбедская'),(31,10184,'Димеевская'),(32,10184,'Голосеевская'),(33,10184,'Васильковская'),(34,10184,'Выставочный центр'),(35,10184,'Ипподром'),(36,10184,'Сырецкая'),(37,10184,'Дорогожичи'),(38,10184,'Лукьяновская'),(39,10184,'Золотые ворота'),(40,10184,'Дворец Спорта'),(41,10184,'Кловская'),(42,10184,'Печерская'),(43,10184,'Дружбы Народов'),(44,10184,'Выдубичи'),(45,10184,'Славутич'),(46,10184,'Осокорки'),(47,10184,'Позняки'),(48,10184,'Харьковская'),(49,10184,'Вырлица'),(50,10184,'Бориспольская'),(51,10184,'Красный хутор');
/*!40000 ALTER TABLE `metro` ENABLE KEYS */;
UNLOCK TABLES;

--
-- Table structure for table `modules`
--

DROP TABLE IF EXISTS `modules`;
/*!40101 SET @saved_cs_client     = @@character_set_client */;
/*!40101 SET character_set_client = utf8 */;
CREATE TABLE `modules` (
  `id` int(11) NOT NULL AUTO_INCREMENT,
  `name` varchar(20) NOT NULL,
  `title` varchar(64) NOT NULL,
  `in_list` int(1) NOT NULL DEFAULT '1',
  `max_block` smallint(6) NOT NULL,
  `template` text NOT NULL,
  `setup` text NOT NULL,
  PRIMARY KEY (`id`)
) ENGINE=MyISAM AUTO_INCREMENT=30 DEFAULT CHARSET=utf8;
/*!40101 SET character_set_client = @saved_cs_client */;

--
-- Dumping data for table `modules`
--

LOCK TABLES `modules` WRITE;
/*!40000 ALTER TABLE `modules` DISABLE KEYS */;
INSERT INTO `modules` VALUES (1,'page','Страница с контентом',1,0,'',''),(2,'users','Пользователи',1,0,'',''),(3,'menu','Редактор меню',0,0,'',''),(4,'languages','Редактор языков',0,0,'',''),(5,'pages','Редактор страниц',0,0,'',''),(6,'logout','Logout',0,0,'',''),(7,'cities','редактор городов',0,0,'',''),(8,'university','редактор университет',0,0,'',''),(9,'clients','Клиенты таблоид',1,0,'',''),(10,'banners','редактор главного баннера',1,0,'',''),(11,'RegisterEmployer','Анкета работадателя',1,0,'',''),(12,'RegisterPromo','Анкета промоутера',1,0,'',''),(13,'RegisterRa','Анкета РА',1,0,'',''),(14,'Vacation','создание вакансии',1,0,'',''),(15,'VacationList','мои вакансии',1,0,'',''),(16,'Resume','Резюме (полное)',1,0,'',''),(17,'Organizer','Органайзер',1,0,'',''),(18,'SearchEmpl','поиск резюме Empl.',1,0,'',''),(19,'SearchPromo','Поиск вакансий',1,0,'',''),(20,'ResponseEmpl','отклики Employer',1,0,'',''),(21,'rating','Оценки',0,0,'',''),(22,'rating','Оценки',0,0,'',''),(23,'responsePromo','отклики (promo)',1,0,'',''),(24,'RatingEmpl','оценки работодатель',1,0,'',''),(25,'RatingPromo','оценки промоутер',1,0,'',''),(26,'Sitepage','Визитка (РА)',1,0,'',''),(27,'EditRa','Регистрация (РА)',1,0,'',''),(28,'Forum','Форум',1,0,'',''),(29,'ModSite','Общие настройки',1,0,'','YTo5OntzOjg6ImxvZ29fY3NzIjtzOjEzOToiI2xvZ28NCnsNCgliYWNrZ3JvdW5kOiB1cmwoL2NvbnRlbnQvMjAxNDAyMjQwODE4MTY4NzUucG5nKSBuby1yZXBlYXQ7DQoJaGVpZ2h0OjEzMHB4Ow0KICBwb3NpdGlvbjogcmVsYXRpdmU7DQogIG1hcmdpbjogMjBweCAwIDAgODBweDsNCn0NCiI7czo5OiJqc19mb290ZXIiO3M6MTA5MDoiPHNjcmlwdCB0eXBlPSJ0ZXh0L2phdmFzY3JpcHQiPg0KKGZ1bmN0aW9uIChkLCB3LCBjKSB7DQogICAgKHdbY10gPSB3W2NdIHx8IFtdKS5wdXNoKGZ1bmN0aW9uKCkgew0KICAgICAgICB0cnkgew0KICAgICAgICAgICAgdy55YUNvdW50ZXIyMzk0NTU0MiA9IG5ldyBZYS5NZXRyaWthKHtpZDoyMzk0NTU0MiwNCiAgICAgICAgICAgICAgICAgICAgd2Vidmlzb3I6dHJ1ZSwNCiAgICAgICAgICAgICAgICAgICAgY2xpY2ttYXA6dHJ1ZSwNCiAgICAgICAgICAgICAgICAgICAgdHJhY2tMaW5rczp0cnVlLA0KICAgICAgICAgICAgICAgICAgICBhY2N1cmF0ZVRyYWNrQm91bmNlOnRydWUsDQogICAgICAgICAgICAgICAgICAgIHRyYWNrSGFzaDp0cnVlLHBhcmFtczp3aW5kb3cueWFQYXJhbXN8fHsgfX0pOw0KICAgICAgICB9IGNhdGNoKGUpIHsgfQ0KICAgIH0pOw0KDQogICAgdmFyIG4gPSBkLmdldEVsZW1lbnRzQnlUYWdOYW1lKCJzY3JpcHQiKVswXSwNCiAgICAgICAgcyA9IGQuY3JlYXRlRWxlbWVudCgic2NyaXB0IiksDQogICAgICAgIGYgPSBmdW5jdGlvbiAoKSB7IG4ucGFyZW50Tm9kZS5pbnNlcnRCZWZvcmUocywgbik7IH07DQogICAgcy50eXBlID0gInRleHQvamF2YXNjcmlwdCI7DQogICAgcy5hc3luYyA9IHRydWU7DQogICAgcy5zcmMgPSAoZC5sb2NhdGlvbi5wcm90b2NvbCA9PSAiaHR0cHM6IiA/ICJodHRwczoiIDogImh0dHA6IikgKyAiLy9tYy55YW5kZXgucnUvbWV0cmlrYS93YXRjaC5qcyI7DQoNCiAgICBpZiAody5vcGVyYSA9PSAiW29iamVjdCBPcGVyYV0iKSB7DQogICAgICAgIGQuYWRkRXZlbnRMaXN0ZW5lcigiRE9NQ29udGVudExvYWRlZCIsIGYsIGZhbHNlKTsNCiAgICB9IGVsc2UgeyBmKCk7IH0NCn0pKGRvY3VtZW50LCB3aW5kb3csICJ5YW5kZXhfbWV0cmlrYV9jYWxsYmFja3MiKTsNCjwvc2NyaXB0Pg0KPG5vc2NyaXB0PjxkaXY+PGltZyBzcmM9Ii8vbWMueWFuZGV4LnJ1L3dhdGNoLzIzOTQ1NTQyIiBzdHlsZT0icG9zaXRpb246YWJzb2x1dGU7IGxlZnQ6LTk5OTlweDsiIGFsdD0iIiAvPjwvZGl2Pjwvbm9zY3JpcHQ+DQo8IS0tIC9ZYW5kZXguTWV0cmlrYSBjb3VudGVyIC0tPiI7czo5OiJsb2dvX2ZpbGUiO3M6MjE6IjIwMTQwMjI0MDgxODE2ODc1LnBuZyI7czo2OiJwaG9uZTEiO3M6MTc6IiszOCgwNDQpIDQ1MS01MTA1IjtzOjY6InBob25lMiI7czoxNzoiKzM4KDA5MykgNzY0LTAwNjUiO3M6MzoiaWNxIjtzOjA6IiI7czo1OiJza3lwZSI7czowOiIiO3M6NToiZW1haWwiO3M6MTg6InN1cHBvcnRAcHJvbW11LmNvbSI7czo3OiJhZGRyZXNzIjtzOjA6IiI7fQ==');
/*!40000 ALTER TABLE `modules` ENABLE KEYS */;
UNLOCK TABLES;

--
-- Table structure for table `narrow_req`
--

DROP TABLE IF EXISTS `narrow_req`;
/*!40101 SET @saved_cs_client     = @@character_set_client */;
/*!40101 SET character_set_client = utf8 */;
CREATE TABLE `narrow_req` (
  `id` int(11) NOT NULL AUTO_INCREMENT,
  `key` varchar(2) NOT NULL,
  `name` varchar(64) NOT NULL,
  PRIMARY KEY (`id`),
  UNIQUE KEY `key` (`key`)
) ENGINE=InnoDB AUTO_INCREMENT=30 DEFAULT CHARSET=utf8;
/*!40101 SET character_set_client = @saved_cs_client */;

--
-- Dumping data for table `narrow_req`
--

LOCK TABLES `narrow_req` WRITE;
/*!40000 ALTER TABLE `narrow_req` DISABLE KEYS */;
INSERT INTO `narrow_req` VALUES (1,'AT','Актер'),(2,'AR','Акробат'),(3,'AM','Аниматор'),(4,'MG','Фокусник'),(5,'JG','Жонглер'),(6,'MI','Мим'),(7,'LS','Живая скульптура'),(8,'DN','Танцор'),(13,'AI','Художник'),(14,'BU','Косметолог'),(15,'MS','Массажист'),(16,'HD','Парикмахер'),(17,'PH','Фотограф'),(18,'SI','Певец'),(19,'GU','Гитарист'),(20,'BR','Бармен'),(21,'RL','Роллер'),(22,'SK','Скейтер'),(23,'TR','Триал'),(24,'GM','Гимнаст'),(25,'GF','Граффити'),(26,'BA','Боди-арт'),(27,'AV','Аквагрим'),(28,'FS','Файер-шоу'),(29,'00','-- Нет --');
/*!40000 ALTER TABLE `narrow_req` ENABLE KEYS */;
UNLOCK TABLES;

--
-- Table structure for table `organizer`
--

DROP TABLE IF EXISTS `organizer`;
/*!40101 SET @saved_cs_client     = @@character_set_client */;
/*!40101 SET character_set_client = utf8 */;
CREATE TABLE `organizer` (
  `id` int(11) NOT NULL AUTO_INCREMENT,
  `id_user` int(11) NOT NULL,
  `year` int(11) NOT NULL DEFAULT '2013',
  `day` int(11) NOT NULL,
  `tm` int(10) unsigned NOT NULL,
  PRIMARY KEY (`id`)
) ENGINE=InnoDB AUTO_INCREMENT=107 DEFAULT CHARSET=utf8;
/*!40101 SET character_set_client = @saved_cs_client */;

--
-- Dumping data for table `organizer`
--

LOCK TABLES `organizer` WRITE;
/*!40000 ALTER TABLE `organizer` DISABLE KEYS */;
INSERT INTO `organizer` VALUES (22,5,2013,214,3584),(23,5,2013,215,253952),(24,5,2013,216,253952),(25,5,2013,217,3584),(26,5,2013,218,3584),(27,5,2013,219,3584),(28,5,2013,220,3584),(29,5,2013,221,3584),(30,5,2013,222,253952),(40,8,2013,277,96),(41,18,2013,307,0),(42,18,2013,309,65536),(43,18,2013,312,16384),(44,18,2013,214,3584),(45,18,2013,215,253952),(46,18,2013,216,253952),(47,18,2013,217,3584),(48,18,2013,218,3584),(49,18,2013,219,3584),(50,18,2013,220,3584),(51,18,2013,221,3584),(52,18,2013,222,253952),(62,8,2013,241,458752),(63,8,2013,242,458752),(64,8,2013,243,126976),(65,8,2013,244,126976),(66,8,2013,245,458752),(67,8,2013,246,458752),(68,8,2013,350,126976),(69,8,2013,351,458752),(70,8,2013,352,458752),(71,8,2013,353,458752),(72,8,2013,354,458752),(73,8,2013,355,458752),(74,8,2013,356,126976),(75,8,2013,357,126976),(76,8,2013,358,458752),(77,8,2013,359,458752),(78,8,2013,360,458752),(79,8,2013,361,458752),(80,8,2013,362,458752),(81,8,2013,363,126976),(82,8,2013,364,126976),(83,8,2013,214,3586),(84,8,2013,215,253954),(85,8,2013,216,253954),(86,8,2013,217,3584),(87,8,2013,218,3584),(88,8,2013,219,3584),(89,8,2013,220,3584),(90,8,2013,221,3584),(91,8,2013,222,253952),(95,32,2013,101,12),(96,32,2013,102,32),(97,32,2013,104,32),(98,32,2013,129,128),(99,32,2013,133,8192),(100,32,2013,142,32),(101,32,2013,137,65536),(102,40,2013,129,128),(103,40,2013,134,4352),(104,86,2013,293,1024),(105,86,2013,292,256),(106,86,2013,289,2128);
/*!40000 ALTER TABLE `organizer` ENABLE KEYS */;
UNLOCK TABLES;

--
-- Table structure for table `pages`
--

DROP TABLE IF EXISTS `pages`;
/*!40101 SET @saved_cs_client     = @@character_set_client */;
/*!40101 SET character_set_client = utf8 */;
CREATE TABLE `pages` (
  `id` int(11) NOT NULL AUTO_INCREMENT,
  `link` varchar(100) DEFAULT NULL,
  `group_id` varchar(200) DEFAULT '1',
  PRIMARY KEY (`id`)
) ENGINE=InnoDB AUTO_INCREMENT=32 DEFAULT CHARSET=utf8;
/*!40101 SET character_set_client = @saved_cs_client */;

--
-- Dumping data for table `pages`
--

LOCK TABLES `pages` WRITE;
/*!40000 ALTER TABLE `pages` DISABLE KEYS */;
INSERT INTO `pages` VALUES (7,'about','1'),(8,'news','1'),(9,'services','1'),(10,'clients','1'),(11,'Clients','1'),(12,'paidservices','1'),(13,'regulations','1'),(14,'students','1'),(15,'tips','1'),(16,'support','1'),(17,'help','1'),(18,'rabotodatel','1'),(19,'soiskatelyam','1'),(20,'tips1','1'),(22,'tips2','1'),(23,'tips3','1'),(25,'tips4','1'),(26,'tips5','1'),(27,'tips6','1'),(28,'tips7','1'),(29,'payservices','1'),(30,'contacts','1'),(31,'tips8','1');
/*!40000 ALTER TABLE `pages` ENABLE KEYS */;
UNLOCK TABLES;

--
-- Table structure for table `pages_content`
--

DROP TABLE IF EXISTS `pages_content`;
/*!40101 SET @saved_cs_client     = @@character_set_client */;
/*!40101 SET character_set_client = utf8 */;
CREATE TABLE `pages_content` (
  `id` int(11) NOT NULL AUTO_INCREMENT,
  `page_id` int(11) NOT NULL,
  `hidden` int(1) NOT NULL DEFAULT '0',
  `name` varchar(50) DEFAULT NULL,
  `html` text,
  `meta_title` varchar(190) DEFAULT NULL,
  `meta_description` varchar(255) DEFAULT NULL,
  `meta_keywords` varchar(190) DEFAULT NULL,
  `lang` varchar(2) NOT NULL DEFAULT 'ru',
  PRIMARY KEY (`id`),
  KEY `page_id` (`page_id`),
  CONSTRAINT `pages_content_ibfk_1` FOREIGN KEY (`page_id`) REFERENCES `pages` (`id`) ON DELETE CASCADE ON UPDATE NO ACTION
) ENGINE=InnoDB AUTO_INCREMENT=63 DEFAULT CHARSET=utf8;
/*!40101 SET character_set_client = @saved_cs_client */;

--
-- Dumping data for table `pages_content`
--

LOCK TABLES `pages_content` WRITE;
/*!40000 ALTER TABLE `pages_content` DISABLE KEYS */;
INSERT INTO `pages_content` VALUES (13,7,0,'О проекте','<p>\r\n	<span style=\"color:#000;\"><span lang=\"RU\" style=\"font-size: 14pt; font-family: Tahoma, sans-serif;\">О проекте</span></span><span lang=\"RU\" style=\"font-size:14.0pt;font-family:&quot;Tahoma&quot;,&quot;sans-serif&quot;;mso-fareast-font-family:\r\n&quot;Times New Roman&quot;;color:#444444;mso-font-kerning:18.0pt;mso-ansi-language:RU;\r\nmso-fareast-language:UK\"><o:p></o:p></span></p>\r\n<p>\r\n	<span style=\"color:#000;\"><b><span lang=\"RU\" style=\"font-family: Tahoma, sans-serif; border: 1pt none windowtext; padding: 0cm;\">Что такое Prommu.ru?</span></b></span><b><span lang=\"RU\" style=\"font-family:&quot;Tahoma&quot;,&quot;sans-serif&quot;;mso-fareast-font-family:&quot;Times New Roman&quot;;\r\ncolor:#7F7F7F;mso-ansi-language:RU;mso-fareast-language:UK\"><o:p></o:p></span></b></p>\r\n<p>\r\n	<b><span lang=\"RU\" style=\"font-family: Tahoma, sans-serif; border: 1pt none windowtext; padding: 0cm;\">Prommu.ru</span></b><span lang=\"RU\" style=\"line-height: 13.5pt; font-size: 10pt; font-family: Tahoma, sans-serif;\">&ndash; наш проект предназначен специально для тех, кто ищет временную работу на </span><span lang=\"EN-US\" style=\"line-height: 13.5pt; font-size: 10pt; font-family: Tahoma, sans-serif;\">btl</span><span lang=\"RU\" style=\"line-height: 13.5pt; font-size: 10pt; font-family: Tahoma, sans-serif;\">-проектах и промо-мероприятиях, а также, кто организует такие мероприятия. Говоря другими словами, МЫ создали площадку, где встречается работодатель и </span><span lang=\"EN-US\" style=\"line-height: 13.5pt; font-size: 10pt; font-family: Tahoma, sans-serif;\">promo</span><span lang=\"RU\" style=\"line-height: 13.5pt; font-size: 10pt; font-family: Tahoma, sans-serif;\">-персонал.</span></p>\r\n<p>\r\n	<b><span lang=\"RU\" style=\"font-family: Tahoma, sans-serif; border: 1pt none windowtext; padding: 0cm;\">Как устроен Prommu.ru?</span></b></p>\r\n<p>\r\n	<span lang=\"RU\" style=\"font-size: 10pt; font-family: Tahoma, sans-serif;\">Мы не стали изобретать велосипед в дизайне, так что интерфейс имеет интуитивно понятное решение. Подобно сайтам о поиске работы в </span><span style=\"color:#000;\"><b><span lang=\"RU\" style=\"font-family: Tahoma, sans-serif; border: 1pt none windowtext; padding: 0cm;\">Prommu.ru </span></b></span><span lang=\"RU\" style=\"font-size: 10pt; font-family: Tahoma, sans-serif;\">соискатели &ndash; те кто ищет работу (проекты), и работодатели &ndash; те, кто ищет </span><span lang=\"EN-US\" style=\"font-size: 10pt; font-family: Tahoma, sans-serif;\">promo</span><span lang=\"RU\" style=\"font-size: 10pt; font-family: Tahoma, sans-serif;\">-персонал.<o:p></o:p></span></p>\r\n<p>\r\n	<b><span lang=\"RU\" style=\"font-family:&quot;Tahoma&quot;,&quot;sans-serif&quot;;\r\nmso-fareast-font-family:&quot;Times New Roman&quot;;color:#7F7F7F;border:none windowtext 1.0pt;\r\nmso-border-alt:none windowtext 0cm;padding:0cm;mso-ansi-language:RU;mso-fareast-language:\r\nUK\">Соискатели</span></b><span lang=\"RU\" style=\"font-size: 10pt; font-family: Tahoma, sans-serif;\"> - </span><span lang=\"EN-US\" style=\"font-size: 10pt; font-family: Tahoma, sans-serif;\">promo</span><span lang=\"RU\" style=\"font-size: 10pt; font-family: Tahoma, sans-serif;\">-персонал, который создает свою анкету, внося в нее определенные критерии и информацию.<o:p></o:p></span></p>\r\n<p>\r\n	<b><span lang=\"RU\" style=\"font-family:&quot;Tahoma&quot;,&quot;sans-serif&quot;;\r\nmso-fareast-font-family:&quot;Times New Roman&quot;;color:#7F7F7F;border:none windowtext 1.0pt;\r\nmso-border-alt:none windowtext 0cm;padding:0cm;mso-ansi-language:RU;mso-fareast-language:\r\nUK\">Работодатели &ndash; </span></b><span lang=\"RU\" style=\"font-size: 10pt; font-family: Tahoma, sans-serif;\">компании (любой формы хозяйствования) и рекламные агентства, которые публикуют информацию о предстоящих </span><span lang=\"EN-US\" style=\"font-size: 10pt; font-family: Tahoma, sans-serif;\">btl</span><span lang=\"RU\" style=\"font-size: 10pt; font-family: Tahoma, sans-serif;\">-проектах и находят кандидатов под свои ивенты.<o:p></o:p></span></p>\r\n<p>\r\n	<span lang=\"RU\" style=\"font-size: 10pt; font-family: Tahoma, sans-serif;\">Специалисты </span><span style=\"color:#000;\"><b><span lang=\"RU\" style=\"font-family: Tahoma, sans-serif; border: 1pt none windowtext; padding: 0cm;\">Prommu.ru </span></b></span><span lang=\"RU\" style=\"font-size: 10pt; font-family: Tahoma, sans-serif;\">прикладывают массу усилий, что бы в базу проекта попадали только актуальные, реальные, правдивые анкеты и вакансии. Мы систематически чистим информационную кладовую от фальшивых анкет, несуществующих работодателей и фиктивных вакансий. </span><span style=\"color:#000;\"><b><span lang=\"RU\" style=\"font-family: Tahoma, sans-serif; border: 1pt none windowtext; padding: 0cm;\">Prommu.ru </span></b></span><span lang=\"RU\" style=\"font-size: 10pt; font-family: Tahoma, sans-serif;\">содержит только проверенную и подлинную информацию.</span><b><span lang=\"RU\" style=\"font-family:&quot;Tahoma&quot;,&quot;sans-serif&quot;;mso-fareast-font-family:&quot;Times New Roman&quot;;\r\ncolor:#7F7F7F;border:none windowtext 1.0pt;mso-border-alt:none windowtext 0cm;\r\npadding:0cm;mso-ansi-language:RU;mso-fareast-language:UK\"><o:p></o:p></span></b></p>\r\n<p>\r\n	<span style=\"color:#000;\"><b><span lang=\"RU\" style=\"font-family: Tahoma, sans-serif; border: 1pt none windowtext; padding: 0cm;\">Кто создает анкеты в Prommu.ru?</span></b></span><b><span lang=\"RU\" style=\"font-family:&quot;Tahoma&quot;,&quot;sans-serif&quot;;mso-fareast-font-family:&quot;Times New Roman&quot;;\r\ncolor:#7F7F7F;mso-ansi-language:RU;mso-fareast-language:UK\"><o:p></o:p></span></b></p>\r\n<p>\r\n	<span lang=\"RU\" style=\"font-size: 10pt; font-family: Tahoma, sans-serif;\">Ежедневно работу на </span><span lang=\"EN-US\" style=\"font-size: 10pt; font-family: Tahoma, sans-serif;\">btl</span><span lang=\"RU\" style=\"font-size: 10pt; font-family: Tahoma, sans-serif;\">-проектах и промо-акциях смогут найти:<o:p></o:p></span></p>\r\n<p>\r\n<!--[if !supportLists]-->	<span lang=\"RU\" style=\"font-size: 10pt; font-family: Symbol;\">&middot;<span style=\"font-size: 7pt; font-family: \'Times New Roman\';\">&nbsp;&nbsp;&nbsp;&nbsp;&nbsp;&nbsp;&nbsp;&nbsp; </span></span><!--[endif]--><span lang=\"RU\" style=\"font-size: 10pt; font-family: Tahoma, sans-serif;\">Молодое поколение - Студенты и школьники, которые могут работать в свободное от учебы время;<o:p></o:p></span></p>\r\n<p>\r\n<!--[if !supportLists]-->	<span lang=\"RU\" style=\"font-size: 10pt; font-family: Symbol;\">&middot;<span style=\"font-size: 7pt; font-family: \'Times New Roman\';\">&nbsp;&nbsp;&nbsp;&nbsp;&nbsp;&nbsp;&nbsp;&nbsp; </span></span><!--[endif]--><span lang=\"RU\" style=\"font-size: 10pt; font-family: Tahoma, sans-serif;\">Профессиональные модели и промо-модели с хорошими внешними данными;<o:p></o:p></span></p>\r\n<p>\r\n<!--[if !supportLists]-->	<span lang=\"RU\" style=\"font-size: 10pt; font-family: Symbol;\">&middot;<span style=\"font-size: 7pt; font-family: \'Times New Roman\';\">&nbsp;&nbsp;&nbsp;&nbsp;&nbsp;&nbsp;&nbsp;&nbsp; </span></span><!--[endif]--><span lang=\"RU\" style=\"font-size: 10pt; font-family: Tahoma, sans-serif;\">Ростовые куклы, аниматоры, актеры проф. училищ, бармены, фокусники, танцоры, а также акробаты, роллеры, джамперы и эквилибристы. <o:p></o:p></span></p>\r\n<p>\r\n	<span style=\"color:#000;\"><b><span lang=\"RU\" style=\"font-family: Tahoma, sans-serif;\">Какие работодатели зарегистрированы в <span style=\"border:none windowtext 1.0pt;mso-border-alt:\r\nnone windowtext 0cm;padding:0cm\">Prommu.ru</span>?</span></b></span><b><span lang=\"RU\" style=\"font-family:&quot;Tahoma&quot;,&quot;sans-serif&quot;;mso-fareast-font-family:&quot;Times New Roman&quot;;\r\ncolor:#7F7F7F;mso-ansi-language:RU;mso-fareast-language:UK\"><o:p></o:p></span></b></p>\r\n<p>\r\n	<span lang=\"RU\" style=\"font-size: 10pt; font-family: Tahoma, sans-serif;\">Все субьекты хозяйствования: рекламные агентства, модельные агентства, ивент агентства и прямые работодатели, которые организовывают промо-мероприятия своими силами без агентств.<o:p></o:p></span></p>\r\n<p>\r\n	<span style=\"color:#000;\"><b><span lang=\"RU\" style=\"font-family: Tahoma, sans-serif;\">В чем особенность <span style=\"border:none windowtext 1.0pt;mso-border-alt:none windowtext 0cm;\r\npadding:0cm\">Prommu.ru</span> от других сайтов по поиску работы?</span></b></span><b><span lang=\"RU\" style=\"font-family:&quot;Tahoma&quot;,&quot;sans-serif&quot;;mso-fareast-font-family:&quot;Times New Roman&quot;;\r\ncolor:#7F7F7F;mso-ansi-language:RU;mso-fareast-language:UK\"><o:p></o:p></span></b></p>\r\n<p>\r\n	<span style=\"color:#000;\"><b><span lang=\"RU\" style=\"font-family: Tahoma, sans-serif; border: 1pt none windowtext; padding: 0cm;\">Prommu.ru</span></b></span><span lang=\"RU\" style=\"font-size: 10pt; font-family: Tahoma, sans-serif;\"> ставит перед собой главной задачей поиск временной работы и работников на </span><span lang=\"EN-US\" style=\"font-size: 10pt; font-family: Tahoma, sans-serif;\">btl</span><span lang=\"RU\" style=\"font-size: 10pt; font-family: Tahoma, sans-serif;\">-мероприятиях. Анкеты и вакансии содержат узкоспециализированную информацию, которой нет на сайтах о поиске работы. Как правило, анкета содержит информацию о внешних данных кандидата, узнать его параметры и размеры, посмотреть фотографии. Каждая вакансия содержит точные данные о времени и месте работе, количестве рабочих дней, типе мероприятия, опыте работы на различных видах механик, особых требованиях и конечно оплате. В целом эта информация открывает полную картину о предлагаемой работе и кандидате, а &nbsp;у Вас отпадает необходимости задавать лишние уточняющих вопросов, чтобы определиться с выбором работы или работника.<o:p></o:p></span></p>\r\n<p>\r\n	&nbsp;</p>\r\n<p>\r\n	<span lang=\"RU\">&nbsp;</span></p>\r\n','временная работа для студентов','временная работа для студентов','временная работа для студентов','ru'),(14,7,0,'About','<h3 style=\"font-family: Arial, Helvetica, sans-serif; font-style: normal; font-variant: normal;\"> <i> EURO-ASIAN SALES PROMOTION SERVICE&nbsp;</i><i style=\"font-family: inherit; font-size: 1.4em; font-variant: inherit; line-height: 1;\"><p style=\"font-family: Arial, Helvetica, sans-serif; font-size: 16px; font-style: normal; font-variant: normal; line-height: normal; display: inline !important;\">- a team of young, creative and highly motivated and qualified professionals.</p></i><i><h4 style=\"font-family: Arial, Helvetica, sans-serif; font-style: normal; font-variant: normal;\"> <i> Philosophy <!-- i--> <!-- h4--> <p style=\"font-family: Arial, Helvetica, sans-serif; font-size: 16px; font-style: normal; font-variant: normal; line-height: normal;\"> - the development of Ukrainian market of advertising marketing services, improve its information content in order to reduce risks and costs and thus improve the quality of the shares of sales promotion. <!-- p--></p></i></h4></i></h3>','','','','en'),(15,8,0,'Новости','<p>\r\n	Новости</p>\r\n<p>\r\n	<img alt=\"\" height=\"100\" src=\"/content/20130820131131684.gif\" width=\"100\" /></p>\r\n','','','','ru'),(16,8,0,'News','News','','','','en'),(17,9,0,'Услуги','<div style=\"width:400px; margin:0 auto\">\r\n	<h3>\r\n		Мобильная версия сайта. Тестовый вариант</h3>\r\n	<h3>\r\n		<img src=\"/images/promo.gif\" /><br />\r\n		<a href=\"/mobile/EuroAsian.apk\"><img src=\"/images/download.jpg\"/></a></h3>\r\n</div>\r\n','','','','ru'),(18,9,0,'services','services','','','','en'),(19,10,0,'Клиенты','<table>\r\n<tr>\r\n<td><img src=\"/images/clients/1.jpg\"/></td>\r\n<td><img src=\"/images/clients/2.jpg\"/></td>\r\n<td><img src=\"/images/clients/3.jpg\"/></td>\r\n<tr>\r\n<tr>\r\n<td><img src=\"/images/clients/4.jpg\"/></td>\r\n<td><img src=\"/images/clients/5.jpg\"/></td>\r\n<td><img src=\"/images/clients/6.jpg\"/></td>\r\n<tr>\r\n<tr>\r\n<td><img src=\"/images/clients/7.jpg\"/></td>\r\n<td><img src=\"/images/clients/8.jpg\"/></td>\r\n<td><img src=\"/images/clients/9.jpg\"/></td>\r\n<tr>\r\n</table>','','','','ru'),(20,10,0,NULL,NULL,NULL,NULL,NULL,'en'),(21,11,0,'Клиенты','<table>\r\n<tbody>\r\n<tr>\r\n<td><img src=\"file:///D:/images/clients/1.jpg\"></td>\r\n<td><img src=\"file:///D:/images/clients/2.jpg\"></td>\r\n<td><img src=\"file:///D:/images/clients/3.jpg\"></td>\r\n</tr><tr>\r\n</tr><tr>\r\n<td><img src=\"file:///D:/images/clients/4.jpg\"></td>\r\n<td><img src=\"file:///D:/images/clients/5.jpg\"></td>\r\n<td><img src=\"file:///D:/images/clients/6.jpg\"></td>\r\n</tr><tr>\r\n</tr><tr>\r\n<td><img src=\"file:///D:/images/clients/7.jpg\"></td>\r\n<td><img src=\"file:///D:/images/clients/8.jpg\"></td>\r\n<td><img src=\"file:///D:/images/clients/9.jpg\"></td>\r\n</tr><tr></tr></tbody></table>','','','','ru'),(22,11,0,NULL,NULL,NULL,NULL,NULL,'en'),(23,12,0,'Платные услуги','<h1>\r\n	Платные услуги</h1>\r\n','','','','ru'),(24,12,0,NULL,NULL,NULL,NULL,NULL,'en'),(25,13,0,'Правила','<h1>Правила</h1>','','','','ru'),(26,13,0,NULL,NULL,NULL,NULL,NULL,'en'),(27,14,0,'Работа для студентов','<h1>Работа для студентов</h1>','','','','ru'),(28,14,0,NULL,NULL,NULL,NULL,NULL,'en'),(29,15,0,'Промословарь','<p>\r\n	<strong><span style=\"font-size:26px;\">Промословарь<br />\r\n	</span></strong></p>\r\n<p>\r\n	<span style=\"color:#b22222;\">Виды специальностей:</span></p>\r\n<p>\r\n	<span lang=\"RU\" style=\"margin: 0px; padding: 0px; border: 0px; font-family: Tahoma, sans-serif; font-size: 14pt; font-style: inherit; font-variant: inherit; font-weight: inherit; line-height: inherit; vertical-align: baseline;\"><strong>Промоутер </strong>-</span><strong><span lang=\"RU\" style=\"margin: 0px; padding: 0px; border: 0px; font-family: Tahoma, sans-serif; font-size: 14pt; font-style: inherit; font-variant: inherit; font-weight: inherit; line-height: inherit; vertical-align: baseline;\">&nbsp;</span></strong><span lang=\"RU\" style=\"font-size: 10pt; margin: 0px; padding: 0cm; border: 1pt none windowtext; font-family: Tahoma, sans-serif; font-style: inherit; font-variant: inherit; font-weight: inherit; line-height: inherit; vertical-align: baseline;\">&nbsp;</span><span style=\"font-family: inherit; font-size: inherit; margin: 0px; padding: 0px; border: 0px; font-style: inherit; font-variant: inherit; font-weight: inherit; line-height: inherit; vertical-align: baseline;\">частное лицо или группа лиц, который рекламирует товары, но не через медиа или радио, а непосредственно обращаясь к покупателю в магазинах, на улице или в любых других местах</span>&nbsp;скопления людей. <a href=\"http://prommu.ru/site/page/tips1\">Подробнее....</a></p>\r\n<p>\r\n	<strong style=\"color: rgb(85, 85, 85); font-family: Arial, Helvetica, sans-serif; font-size: 13px; background-color: rgb(247, 247, 247);\"><span lang=\"RU\" style=\"margin: 0px; padding: 0px; border: 0px; font-family: Tahoma, sans-serif; font-size: 14pt; font-style: inherit; font-variant: inherit; font-weight: inherit; line-height: inherit; vertical-align: baseline;\">Супервайзер</span></strong><strong style=\"color: rgb(85, 85, 85); font-family: Arial, Helvetica, sans-serif; font-size: 13px; background-color: rgb(247, 247, 247);\"><span lang=\"RU\" style=\"margin: 0px; padding: 0px; border: 0px; font-family: Tahoma, sans-serif; font-size: 14pt; font-style: inherit; font-variant: inherit; font-weight: inherit; line-height: inherit; vertical-align: baseline;\">&nbsp;</span></strong><span style=\"margin: 0px; padding: 0px; border: 0px; font-family: Tahoma, sans-serif; font-size: 10pt; line-height: 13.5pt; vertical-align: baseline; color: rgb(85, 85, 85); background-color: rgb(247, 247, 247);\">&mdash; связующие звено между промо персоналом и агентством. &nbsp;Супервайзер организует работу промоутеров&nbsp; в полях, распределяет задачи и контролирует результат, после чего предоставляет отчет за проделанную работу менеджеру проекта из агентства.&nbsp;</span><a href=\"http://prommu.ru/site/page/tips2\">Подробнее....</a></p>\r\n<p>\r\n	<b style=\"color: rgb(85, 85, 85); font-family: Arial, Helvetica, sans-serif; font-size: 13px; background-color: rgb(247, 247, 247);\"><span lang=\"RU\" style=\"margin: 0px; padding: 0px; border: 0px; font-family: Tahoma, sans-serif; font-size: 14pt; font-style: inherit; font-variant: inherit; font-weight: inherit; line-height: inherit; vertical-align: baseline;\">Промо-модель</span></b><span lang=\"RU\" style=\"margin: 0px; padding: 0px; border: 0px; font-family: Tahoma, sans-serif; font-size: 10pt; vertical-align: baseline; color: rgb(85, 85, 85); background-color: rgb(247, 247, 247);\">&nbsp;&mdash; это промоутеры, обладающими хорошими внешними данными и ростом от 170 сантиметров. Эти параметры дают возможность промо-моделям претендовать на высокооплачиваемую работу.</span><a href=\"http://prommu.ru/site/page/tips3\">Подробнее....</a></p>\r\n<p>\r\n	<strong><span lang=\"RU\" style=\"margin: 0px; padding: 0cm; border: 1pt none windowtext; font-family: Tahoma, sans-serif; font-size: 16pt; vertical-align: baseline; color: rgb(85, 85, 85); background-color: rgb(247, 247, 247);\">Хостес</span></strong><span lang=\"RU\" style=\"margin: 0px; padding: 0cm; border: 1pt none windowtext; font-family: Tahoma, sans-serif; font-size: 10pt; vertical-align: baseline; color: rgb(85, 85, 85); background-color: rgb(247, 247, 247);\">&nbsp;&mdash;</span><span style=\"margin: 0px; padding: 0px; border: 0px; font-family: Arial, Helvetica, sans-serif; font-size: inherit; font-style: inherit; font-variant: inherit; font-weight: inherit; line-height: inherit; vertical-align: baseline; color: rgb(85, 85, 85); background-color: rgb(247, 247, 247);\">&nbsp;</span><span style=\"margin: 0px; padding: 0px; border: 0px; font-family: Arial, Helvetica, sans-serif; font-size: inherit; font-style: inherit; font-variant: inherit; font-weight: inherit; line-height: inherit; vertical-align: baseline; color: rgb(85, 85, 85); background-color: rgb(247, 247, 247);\">девушки или юноши</span><span style=\"margin: 0px; padding: 0px; border: 0px; font-family: Arial, Helvetica, sans-serif; font-size: inherit; font-style: inherit; font-variant: inherit; font-weight: inherit; line-height: inherit; vertical-align: baseline; color: rgb(85, 85, 85); background-color: rgb(247, 247, 247);\">, которые обладают хорошими внешними данными, в обязанность которых, входит: встреча гостей при входе в ресторан, на корпоративное мероприятие, семинар, вечеринку.&nbsp;</span><a href=\"http://prommu.ru/site/page/tips4\">Подробнее....</a></p>\r\n<p>\r\n	<strong><span lang=\"RU\" style=\"margin: 0px; padding: 0cm; border: 1pt none windowtext; font-family: Tahoma, sans-serif; font-size: 14pt; vertical-align: baseline; color: rgb(85, 85, 85); background-color: rgb(247, 247, 247);\">Ростовая кукла&nbsp;</span></strong><span lang=\"RU\" style=\"margin: 0px; padding: 0cm; border: 1pt none windowtext; font-family: Tahoma, sans-serif; font-size: 10pt; vertical-align: baseline; color: rgb(85, 85, 85); background-color: rgb(247, 247, 247);\">&mdash;&nbsp;</span><span style=\"margin: 0px; padding: 0px; border: 0px; font-family: Arial, Helvetica, sans-serif; font-size: inherit; font-style: inherit; font-variant: inherit; font-weight: inherit; line-height: inherit; vertical-align: baseline; color: rgb(85, 85, 85); background-color: rgb(247, 247, 247);\">это промоутер, которого переодевают в костюм персонажа из сказки, мультфильма или героя рекламной кампании. Кукла выполняется в человеческий рост, внутри куклы находится актер, который проводит представление.&nbsp;</span><a href=\"http://prommu.ru/site/page/tips5\">Подробнее....</a></p>\r\n<p>\r\n	<span style=\"margin: 0px; padding: 0px; border: 0px; font-family: Arial, Helvetica, sans-serif; font-size: 13px; vertical-align: baseline; background-color: rgb(247, 247, 247);\"><span lang=\"RU\" style=\"margin: 0px; padding: 0px; border: 0px; font-family: Arial, sans-serif; font-size: 10pt; font-style: inherit; font-variant: inherit; font-weight: inherit; line-height: inherit; vertical-align: baseline;\"><span style=\"font-size:20px;\"><b style=\"font-size: 20px;\"><span lang=\"RU\">Мерчанда?йзер (мерчендайзер)</span></b>&nbsp;</span>(</span><span lang=\"RU\" style=\"margin: 0px; padding: 0px; border: 0px; font-family: Arial, sans-serif; font-size: 10pt; font-style: inherit; font-variant: inherit; font-weight: inherit; line-height: inherit; vertical-align: baseline;\">англ.</span><span lang=\"RU\" style=\"margin: 0px; padding: 0px; border: 0px; font-family: Arial, sans-serif; font-size: 10pt; font-style: inherit; font-variant: inherit; font-weight: inherit; line-height: inherit; vertical-align: baseline;\">&nbsp;<i>merchandiser - торговец</i>)&nbsp;&mdash; товаровед или помощник товароведа, человек, представляющий торговую компанию в торговых сетях (чаще всего&nbsp;<span style=\"margin: 0px; padding: 0px; border: 0px; font-family: inherit; font-size: inherit; font-style: inherit; font-variant: inherit; font-weight: inherit; line-height: inherit; vertical-align: baseline;\">супер-</span>&nbsp;и&nbsp;</span><span lang=\"RU\" style=\"margin: 0px; padding: 0px; border: 0px; font-family: Arial, sans-serif; font-size: 10pt; font-style: inherit; font-variant: inherit; font-weight: inherit; line-height: inherit; vertical-align: baseline;\">гипермаркетах</span><span lang=\"RU\" style=\"margin: 0px; padding: 0px; border: 0px; font-family: Arial, sans-serif; font-size: 10pt; font-style: inherit; font-variant: inherit; font-weight: inherit; line-height: inherit; vertical-align: baseline;\">). Отвечает за&nbsp;<span style=\"margin: 0px; padding: 0px; border: 0px; font-family: inherit; font-size: inherit; font-style: inherit; font-variant: inherit; font-weight: inherit; line-height: inherit; vertical-align: baseline;\">выкладку товара</span>, установку сопутствующего необходимого оборудования (холодильники, дополнительные витрины, поддоны промоакций), размещает&nbsp;</span><span lang=\"RU\" style=\"margin: 0px; padding: 0px; border: 0px; font-family: Arial, sans-serif; font-size: 10pt; font-style: inherit; font-variant: inherit; font-weight: inherit; line-height: inherit; vertical-align: baseline;\">POS-материалы</span><span lang=\"RU\" style=\"margin: 0px; padding: 0px; border: 0px; font-family: Arial, sans-serif; font-size: 10pt; font-style: inherit; font-variant: inherit; font-weight: inherit; line-height: inherit; vertical-align: baseline;\">.&nbsp;</span></span><a href=\"http://prommu.ru/site/page/tips6\">Подробнее....</a></p>\r\n<p>\r\n	<span style=\"margin: 0px; padding: 0px; border: 0px; font-family: Arial, Helvetica, sans-serif; font-size: 13px; vertical-align: baseline; background-color: rgb(247, 247, 247);\"><b><span lang=\"RU\" style=\"margin: 0px; padding: 0px; border: 0px; font-family: Tahoma, sans-serif; font-size: 14pt; font-style: inherit; font-variant: inherit; font-weight: inherit; line-height: inherit; vertical-align: baseline;\">Аниматор</span></b></span><span lang=\"RU\" style=\"margin: 0px; padding: 0px; border: 0px; font-family: Tahoma, sans-serif; font-size: 10pt; vertical-align: baseline; color: rgb(85, 85, 85); background-color: rgb(247, 247, 247);\">&nbsp;&mdash;&nbsp;<span style=\"margin: 0px; padding: 0cm; border: 1pt none windowtext; font-family: inherit; font-size: inherit; font-style: inherit; font-variant: inherit; font-weight: inherit; line-height: inherit; vertical-align: baseline;\"><span style=\"margin: 0px; padding: 0px; border: 0px; font-family: inherit; font-size: inherit; font-style: inherit; font-variant: inherit; font-weight: inherit; line-height: inherit; vertical-align: baseline;\">этот термин становится более понятен, если Вы представите себе некого массовик затейника, который развлекает публику на различного рода промо мероприятиях. &nbsp;Слово аниматор &nbsp;означает нужно быть крайне &laquo;живым&raquo;, жизнерадостным и активным человеком, способным зарядить окружающую публику энергией и позитивом.</span></span></span><a href=\"http://prommu.ru/site/page/tips7\">Подробнее....</a></p>\r\n<p>\r\n	<span style=\"color: rgb(178, 34, 34);\">Виды мероприятий:</span></p>\r\n<p>\r\n	<span style=\"margin: 0px; padding: 0px; border: 0px; font-family: Arial, Helvetica, sans-serif; font-size: 13px; vertical-align: baseline; background-color: rgb(247, 247, 247);\"><b><span lang=\"RU\" style=\"margin: 0px; padding: 0px; border: 0px; font-family: Tahoma, sans-serif; font-size: 14pt; font-style: inherit; font-variant: inherit; font-weight: inherit; line-height: inherit; vertical-align: baseline;\">Выставка</span></b></span><span lang=\"RU\" style=\"margin: 0px; padding: 0px; border: 0px; font-family: Tahoma, sans-serif; font-size: 10pt; vertical-align: baseline; color: rgb(85, 85, 85); background-color: rgb(247, 247, 247);\"><span style=\"margin: 0px; padding: 0px; border: 0px; font-family: inherit; font-size: inherit; font-style: inherit; font-variant: inherit; font-weight: inherit; line-height: inherit; vertical-align: baseline; color: rgb(0, 0, 0);\">&nbsp;</span>&mdash; это&nbsp;<span style=\"margin: 0px; padding: 0px; border: 0px; font-family: inherit; font-size: inherit; font-style: inherit; font-variant: inherit; font-weight: inherit; line-height: inherit; vertical-align: baseline;\">особенноя форма маркетинговой коммуникации (рекламы и PR, стимулирования продаж), при которой на относительно небольшой по размерам оборудованной территории демонстрируются для продажи образцы новых товаров или предлагаются услуги с целью их послед<span style=\"margin: 0px; padding: 0px; border: 0px; font-family: inherit; font-size: inherit; font-style: inherit; font-variant: inherit; font-weight: inherit; line-height: inherit; vertical-align: baseline;\">ующей реализации.<span style=\"margin: 0px; padding: 0px; border: 0px; font-family: inherit; font-size: inherit; font-style: inherit; font-variant: inherit; font-weight: inherit; line-height: inherit; vertical-align: baseline;\">важный инструмент маркетинговой кампании, позволяющий рекламировать&nbsp; продукцию компании, знакомиться с партнерами и конкурентами, делать оценку состояния рынка и своего места в нем, устанавливать новые бизнес-контакты.</span></span></span></span><a href=\"http://prommu.ru/site/page/tips8\">Подробнее....</a></p>\r\n','Промословарь','Промословарь','промословарь все о профессии промоутер','ru'),(30,15,0,NULL,NULL,NULL,NULL,NULL,'en'),(31,16,0,'Служба поддержки','<p>\r\n	Служба поддержки</p>\r\n','','','','ru'),(32,16,0,NULL,NULL,NULL,NULL,NULL,'en'),(33,17,0,'Помощь','<h1>Помощь</h1>','','','','ru'),(34,17,0,NULL,NULL,NULL,NULL,NULL,'en'),(35,18,0,'Работодателям','<p>\r\n	<span lang=\"RU\" style=\"font-size:14.0pt;font-family:&quot;Tahoma&quot;,&quot;sans-serif&quot;;\r\nmso-ansi-language:RU;font-weight:normal\">Работодателям<o:p></o:p></span></p>\r\n<p>\r\n	<strong><span lang=\"RU\" style=\"font-size:11.0pt;font-family:&quot;Tahoma&quot;,&quot;sans-serif&quot;;mso-ansi-language:\r\nRU\">Для чего необходим Prommu.ru</span>?</strong><span style=\"color:#7F7F7F\"><o:p></o:p></span></p>\r\n<p>\r\n	<b><span lang=\"RU\" style=\"font-size:11.0pt;\r\nfont-family:&quot;Tahoma&quot;,&quot;sans-serif&quot;;mso-ansi-language:RU\">Prommu.ru</span></b><span lang=\"RU\" style=\"font-size: 10pt; font-family: Tahoma, sans-serif;\"> &ndash; это площадка, на которой Вы сможете быстро и удобно находить персонал для успешного проведения ваших </span><span lang=\"EN-US\" style=\"font-size: 10pt; font-family: Tahoma, sans-serif;\">btl</span><span lang=\"RU\" style=\"font-size: 10pt; font-family: Tahoma, sans-serif;\">-мероприятий.<o:p></o:p></span></p>\r\n<p>\r\n	<span style=\"color:#(color);\"><strong><span lang=\"RU\" style=\"font-size:11.0pt;font-family:&quot;Tahoma&quot;,&quot;sans-serif&quot;;mso-ansi-language:\r\nRU\">Какой персонал можно найти в Prommu.ru</span>?</strong></span><span style=\"color:#7F7F7F\"><o:p></o:p></span></p>\r\n<p>\r\n	<span lang=\"RU\" style=\"font-size: 10pt; font-family: Tahoma, sans-serif;\">Промоутеры, промо-модели, хостес, супервайзеры, интервьюеры, мерчендайзеры, курьеры, ростовые куклы и аниматоры, роллеры, джамперы, профессиональные модели. </span><b><span lang=\"RU\" style=\"font-size:\r\n11.0pt;font-family:&quot;Tahoma&quot;,&quot;sans-serif&quot;;mso-ansi-language:RU\">Prommu.ru</span> </b><span lang=\"RU\" style=\"font-size: 10pt; font-family: Tahoma, sans-serif;\">объединяет быстро и успешно два вектора: Вашу потребность в полевом персонале и потребность кандидатов во временной работе.<o:p></o:p></span></p>\r\n<p>\r\n	<span style=\"color:#(color);\"><strong><span lang=\"RU\" style=\"font-size:11.0pt;font-family:&quot;Tahoma&quot;,&quot;sans-serif&quot;;mso-ansi-language:\r\nRU\">Как искать работников в Prommu.ru</span>?</strong></span><o:p></o:p></p>\r\n<p>\r\n	<span lang=\"RU\" style=\"font-size: 10pt; font-family: Tahoma, sans-serif;\">Требуемых кандидатов можно найти двумя способами:<o:p></o:p></span></p>\r\n<p>\r\n<!--[if !supportLists]-->	<span lang=\"RU\" style=\"font-size: 10pt; line-height: 115%; font-family: Tahoma, sans-serif;\">1.<span style=\"font-size: 7pt; line-height: normal; font-family: \'Times New Roman\';\">&nbsp;&nbsp;&nbsp;&nbsp; </span></span><!--[endif]--><span lang=\"RU\" style=\"font-size: 10pt; line-height: 115%; font-family: Tahoma, sans-serif;\"><span style=\"font-style:inherit;font-variant:inherit;font-weight:inherit;line-height:\r\ninherit\">Разместить вакансию или информацию о мероприятии&nbsp;и дождаться отклика по ней.</span><span lang=\"RU\">&nbsp;</span><span lang=\"RU\" style=\"font-size: 10pt; line-height: 115%; font-family: Tahoma, sans-serif;\">Опубликованную вакансию увидят все пользователи </span><b><span lang=\"RU\" style=\"font-family:&quot;Tahoma&quot;,&quot;sans-serif&quot;;mso-ansi-language:RU\">Prommu.ru</span>. </b></span><span lang=\"RU\" style=\"font-size: 10pt; line-height: 115%; font-family: Tahoma, sans-serif;\">&nbsp;<o:p></o:p></span></p>\r\n<p>\r\n<!--[if !supportLists]-->	<span style=\"font-style:inherit;\r\nfont-variant:inherit;font-weight:inherit;line-height:inherit\"><span lang=\"RU\" style=\"font-size: 10pt; font-family: Tahoma, sans-serif;\">2.<span style=\"font-size: 7pt; line-height: normal; font-family: \'Times New Roman\';\">&nbsp;&nbsp;&nbsp;&nbsp; </span></span><!--[endif]--><span lang=\"RU\" style=\"font-size: 10pt; font-family: Tahoma, sans-serif;\">Найти интересующего Вас кандидата в базе анкет.</span><span lang=\"RU\">&nbsp;</span><span lang=\"RU\" style=\"font-size: 10pt; font-family: Tahoma, sans-serif;\">Поисковая система предлагает широкий выбор критериев запроса: возраст, пол, место жительства, наличие медицинской книжки, внешним данным, параметрам и размерам, особым навыкам. С заинтересовавшими Вас кандидатами, можно связаться по номеру телефона, указанному в его контактной информации</span> или отправить смс, </span><span lang=\"EN-US\" style=\"font-size: 10pt; font-family: Tahoma, sans-serif;\">mail</span><span lang=\"RU\" style=\"font-size: 10pt; font-family: Tahoma, sans-serif;\">.<o:p></o:p></span></p>\r\n<p>\r\n	<span style=\"color:#(color);\"><strong><span style=\"font-size:\r\ninherit;font-style:inherit;font-variant:inherit;font-weight:inherit;line-height:\r\ninherit\"><span lang=\"RU\" style=\"font-size:11.0pt;font-family:&quot;Tahoma&quot;,&quot;sans-serif&quot;;\r\nmso-ansi-language:RU\">Какова стоимость доступа к анкетам и другим услугам?</span></span></strong></span><span style=\"font-size:\r\ninherit;font-style:inherit;font-variant:inherit;font-weight:inherit;line-height:\r\ninherit\"><o:p></o:p></span></p>\r\n<p>\r\n	<span lang=\"RU\" style=\"font-size: 10pt; font-family: Tahoma, sans-serif;\">Со стоимостью услуг,&nbsp;</span><span lang=\"RU\" style=\"font-size:10.0pt;font-family:&quot;Tahoma&quot;,&quot;sans-serif&quot;;color:#00B0F0;\r\nmso-ansi-language:RU\"><a href=\"http://prommu.ru/site/page/payservices\">можно&nbsp;ознакомиться на странице платных услуг</a>.&nbsp;&nbsp;</span><span lang=\"RU\" style=\"font-size: 10pt; font-family: Tahoma, sans-serif;\"><o:p></o:p></span></p>\r\n<p>\r\n	<span style=\"color:#(color);\"><strong><span lang=\"RU\" style=\"font-size:11.0pt;font-family:&quot;Tahoma&quot;,&quot;sans-serif&quot;;mso-ansi-language:\r\nRU\">Нужно ли регистрироваться в Prommu.ru</span>?</strong></span><o:p></o:p></p>\r\n<p>\r\n	<span lang=\"RU\" style=\"font-size: 10pt; font-family: Tahoma, sans-serif;\">Регистрация в нашем сервисе обязательна. Пользоваться услугами и сервисами </span><b><span lang=\"RU\" style=\"font-size:11.0pt;\r\nfont-family:&quot;Tahoma&quot;,&quot;sans-serif&quot;;mso-ansi-language:RU\">Prommu.ru</span></b><span lang=\"RU\" style=\"font-size: 10pt; font-family: Tahoma, sans-serif;\"> могуть только зарегистрированные работодатели.</span></p>\r\n','временная работа для школьников и студентов','Prommu.ru — работа для школьников и студентов и поиск промо-персонала. Вакансии промоутер, промо-модель, супервайзер, мерчендайзеров и другая подработка для студентов и молодежи','временная работа для школьников и студентов','ru'),(36,18,0,NULL,NULL,NULL,NULL,NULL,'en'),(37,19,0,'Соискателям','<p>\r\n	<span lang=\"RU\" style=\"font-size:14.0pt;font-family:&quot;Tahoma&quot;,&quot;sans-serif&quot;;\r\nmso-ansi-language:RU;font-weight:normal\">Соискателям<o:p></o:p></span></p>\r\n<p>\r\n	<span lang=\"RU\" style=\"font-size:11.0pt;font-family:&quot;Tahoma&quot;,&quot;sans-serif&quot;;mso-ansi-language:\r\nRU\"><span style=\"color:#000;\">Prommu.ru</span> для тех, кто ищет временную работу или подработку.<o:p></o:p></span></p>\r\n<p>\r\n	<b><span lang=\"RU\" style=\"font-size:11.0pt;font-family:&quot;Tahoma&quot;,&quot;sans-serif&quot;;mso-ansi-language:\r\nRU\">Prommu.ru</span></b><span lang=\"RU\" style=\"font-size: 10pt; font-family: Tahoma, sans-serif;\"> поможет быстро, а главное удобно находить временную работу на различных промо-мероприятиях. </span><b><span lang=\"RU\" style=\"font-size:11.0pt;font-family:&quot;Tahoma&quot;,&quot;sans-serif&quot;;mso-ansi-language:\r\nRU\">Prommu.ru</span></b><span lang=\"RU\" style=\"font-size: 10pt; font-family: Tahoma, sans-serif;\"> используют как инструмент все самые крупные работодатели: рекламные агентства, модельные агентства, прямые заказчики. У нас самая большая и актуальная база в сфере BTL.<o:p></o:p></span></p>\r\n<p>\r\n	<span style=\"color:#000;\"><strong><span lang=\"RU\" style=\"font-size:11.0pt;font-family:&quot;Tahoma&quot;,&quot;sans-serif&quot;;mso-ansi-language:\r\nRU\">Что конкретно можно найти в Prommu.ru?</span></strong></span><span lang=\"RU\" style=\"font-size:11.0pt;font-family:&quot;Tahoma&quot;,&quot;sans-serif&quot;;mso-ansi-language:\r\nRU\"><o:p></o:p></span><span style=\"color:#000;\"><strong><br />\r\n	</strong></span></p>\r\n<p>\r\n	<span lang=\"RU\" style=\"font-size: 10pt; font-family: Tahoma, sans-serif;\">Вы найдете вакансии: промоутеров, промо-моделей, супервайзеров, роллеров, тайных покупателей, аниматоров, ростовых кукол и другое. Более подробную информацию о должностях и типах мероприятий можно узнать в&nbsp;</span><a href=\"http://prommu.ru/?r=site/page/tips\"><span lang=\"RU\" style=\"font-size:10.0pt;font-family:&quot;Tahoma&quot;,&quot;sans-serif&quot;;\r\ncolor:#00B0F0;mso-ansi-language:RU\">помощь новичку</span><span lang=\"RU\" style=\"font-size: 10pt; font-family: Tahoma, sans-serif;\">.</span></a><span lang=\"RU\" style=\"font-size: 10pt; font-family: Tahoma, sans-serif;\"><o:p></o:p></span></p>\r\n<p>\r\n	<span style=\"color:#000;\"><strong><span lang=\"RU\" style=\"font-size:11.0pt;font-family:&quot;Tahoma&quot;,&quot;sans-serif&quot;;mso-ansi-language:\r\nRU\">Как искать работу в Prommu.ru?</span></strong></span><span lang=\"RU\" style=\"font-size:11.0pt;font-family:&quot;Tahoma&quot;,&quot;sans-serif&quot;;mso-ansi-language:\r\nRU\"><o:p></o:p></span><span style=\"color:#000;\"><strong><br />\r\n	</strong></span></p>\r\n<p>\r\n<!--[if !supportLists]-->	<span lang=\"RU\" style=\"font-size: 10pt; font-family: Tahoma, sans-serif;\">1.<span style=\"font-size: 7pt; line-height: normal; font-family: \'Times New Roman\';\">&nbsp;&nbsp;&nbsp;&nbsp; </span></span><!--[endif]--><span lang=\"RU\" style=\"font-size: 10pt; font-family: Tahoma, sans-serif;\">Используя&nbsp;</span><a href=\"/site/SearchPromo/\">поиск вакансий</a><span lang=\"RU\" style=\"font-size: 10pt; font-family: Tahoma, sans-serif;\">.<o:p></o:p></span></p>\r\n<p>\r\n<!--[if !supportLists]-->	<span lang=\"RU\" style=\"font-size: 10pt; font-family: Tahoma, sans-serif;\">2.<span style=\"font-size: 7pt; line-height: normal; font-family: \'Times New Roman\';\">&nbsp;&nbsp;&nbsp;&nbsp; </span></span><!--[endif]--><span lang=\"RU\" style=\"font-size: 10pt; font-family: Tahoma, sans-serif;\">Советуем Вам создать свою анкету в </span><span lang=\"RU\" style=\"font-size:11.0pt;font-family:&quot;Tahoma&quot;,&quot;sans-serif&quot;;mso-ansi-language:\r\nRU\">Prommu.ru </span><span lang=\"RU\" style=\"font-size: 10pt; font-family: Tahoma, sans-serif;\">и работа сама найдет Вас.<o:p></o:p></span></p>\r\n<p>\r\n	<span style=\"color:#000;\"><strong><span lang=\"RU\" style=\"font-size:11.0pt;font-family:&quot;Tahoma&quot;,&quot;sans-serif&quot;;mso-ansi-language:\r\nRU\">Для чего создавать анкету в Prommu.ru?</span></strong></span><span lang=\"RU\" style=\"font-size:11.0pt;font-family:&quot;Tahoma&quot;,&quot;sans-serif&quot;;mso-ansi-language:\r\nRU\"><o:p></o:p></span><span style=\"color:#000;\"><strong><br />\r\n	</strong></span></p>\r\n<p>\r\n	<span style=\"font-style:inherit;font-variant:inherit;font-weight:inherit\"><span lang=\"RU\" style=\"font-size:11.5pt;font-family:&quot;Arial&quot;,&quot;sans-serif&quot;;color:#444444;\r\nborder:none windowtext 1.0pt;mso-border-alt:none windowtext 0cm;padding:0cm;\r\nmso-ansi-language:RU\">&mdash;<span class=\"apple-converted-space\">&nbsp;</span></span></span><span style=\"font-size:inherit;font-style:inherit;font-variant:inherit;line-height:\r\ninherit\"><span lang=\"RU\" style=\"font-size: 10pt; font-family: Tahoma, sans-serif; border: 1pt none windowtext; padding: 0cm;\">для получения предложения от работодателей, которых заинтересовала ваша кандидатура;</span></span><span lang=\"RU\" style=\"font-size: 10pt; font-family: Tahoma, sans-serif;\"><o:p></o:p></span></p>\r\n<p>\r\n	<span style=\"font-style:inherit;font-variant:inherit;font-weight:inherit\"><span lang=\"RU\" style=\"font-size:11.5pt;font-family:&quot;Arial&quot;,&quot;sans-serif&quot;;color:#444444;\r\nborder:none windowtext 1.0pt;mso-border-alt:none windowtext 0cm;padding:0cm;\r\nmso-ansi-language:RU\">&mdash;&nbsp;</span></span><span style=\"font-size:inherit;\r\nfont-style:inherit;font-variant:inherit;line-height:inherit\"><span lang=\"RU\" style=\"font-size: 10pt; font-family: Tahoma, sans-serif; border: 1pt none windowtext; padding: 0cm;\">для &nbsp;получения возможности откликаться на понравившиеся вакансии и видеть контактную информацию работодателей;</span></span><span lang=\"RU\" style=\"font-size: 10pt; font-family: Tahoma, sans-serif;\"><o:p></o:p></span></p>\r\n<p>\r\n	<span style=\"font-style: inherit; font-variant: inherit; font-weight: inherit;\"><span lang=\"RU\" style=\"font-size:11.5pt;font-family:&quot;Arial&quot;,&quot;sans-serif&quot;;color:#444444;\r\nborder:none windowtext 1.0pt;mso-border-alt:none windowtext 0cm;padding:0cm;\r\nmso-ansi-language:RU\">&mdash;&nbsp;</span></span><span style=\"font-size: inherit; font-style: inherit; font-variant: inherit; line-height: inherit;\"><span lang=\"RU\" style=\"font-size: 10pt; font-family: Tahoma, sans-serif; border: 1pt none windowtext; padding: 0cm;\">чтобы избавить себя от систематического заполнения анкет в каждом агентстве. Одна анкета со всеми данными, которые интересуют работодателей;</span></span></p>\r\n','Prommu.ru - временная работа для студентов','Prommu.ru - временная работа для студентов','Prommu.ru - временная работа для студентов','ru'),(38,19,0,NULL,NULL,NULL,NULL,NULL,'en'),(39,20,0,'Промоутер','<p>\r\n	<strong><span lang=\"RU\" style=\"font-size:\r\n14.0pt;font-family:&quot;Tahoma&quot;,&quot;sans-serif&quot;;mso-ansi-language:RU;mso-bidi-font-weight:\r\nnormal\">Промоутер</span></strong></p>\r\n<p>\r\n	<span lang=\"RU\" style=\"font-size: 10pt; font-family: Tahoma, sans-serif; border: 1pt none windowtext; padding: 0cm;\">&mdash;&nbsp;</span><span style=\"font-size:inherit;font-style:inherit;font-variant:inherit;font-weight:\r\ninherit;line-height:inherit\">частное лицо или группа лиц, который рекламирует товары, но не через медиа или радио, а непосредственно обращаясь к покупателю в магазинах, на улице или в любых других местах</span> скопления людей.<span lang=\"RU\" style=\"font-size: 10pt; font-family: Tahoma, sans-serif;\"><o:p></o:p></span></p>\r\n<p>\r\n	<span lang=\"RU\" style=\"font-size: 10pt; font-family: Tahoma, sans-serif; border: 1pt none windowtext; padding: 0cm;\"><span style=\"font-size:inherit;font-style:inherit;\r\nfont-variant:inherit;font-weight:inherit;line-height:inherit\">&nbsp;&laquo;Промоутер&raquo; в переводе с английского означает &laquo;тот, кто продвигает&raquo;. Это прекрасно раскрывает суть работы промоутера: продвинуть продукт, то есть сделать его узнаваемым, востребованным и, в итоге, обеспечить рост продаж и прибыли.</span></span><span lang=\"RU\" style=\"font-size: 10pt; font-family: Tahoma, sans-serif;\"><o:p></o:p></span></p>\r\n<p>\r\n	<span style=\"font-size:inherit;\r\nfont-style:inherit;font-variant:inherit;font-weight:inherit;line-height:inherit\"><span lang=\"RU\" style=\"font-size: 10pt; font-family: Tahoma, sans-serif; border: 1pt none windowtext; padding: 0cm;\">Промоутерами, за частую, работают молодые люди или девушки в возрасте от 14 и до 25 лет. Это связанно с тем, что можно подобрать относительно гибкий график и почасовую оплату труда. Но данный факт абсолютно не означает, что люди более старшего возраста не могут работать промоутером. Встречается, очень много проектов, в которых работодатели охотнее берут на работу промоутеров более зрелого возраста.</span><span lang=\"RU\" style=\"font-size: 10pt; font-family: Tahoma, sans-serif;\"><o:p></o:p></span></span></p>\r\n<p>\r\n	<span style=\"font-size:inherit;\r\nfont-style:inherit;font-variant:inherit;font-weight:inherit;line-height:inherit\"><span lang=\"RU\" style=\"font-size: 10pt; font-family: Tahoma, sans-serif; border: 1pt none windowtext; padding: 0cm;\">Поиск и выбор промоутеров, как правило, проходит в несколько этапов: кандидата на работу&nbsp; приглашают приехать на собеседование в офис агентства, которое публикует вакансию, там ознакомится и заполнить анкету, далее кандидат в промоутеры общается с представителем РА. На данном этапе кандидаты отсеиваются &ndash; потому что, работать промоутером может не каждый. </span><span lang=\"RU\" style=\"font-size: 10pt; font-family: Tahoma, sans-serif;\"><o:p></o:p></span></span></p>\r\n<p>\r\n	<span style=\"font-size:inherit;\r\nfont-style:inherit;font-variant:inherit;font-weight:inherit;line-height:inherit\"><span lang=\"RU\" style=\"font-size: 10pt; font-family: Tahoma, sans-serif; border: 1pt none windowtext; padding: 0cm;\">Если агентство выбрало Вашу кандидатуру подходящей для работы &nbsp;промоутером, то в дальнейшем Вас приглашают на кастинг для участия в конкретной акции, в присутствии представителей компании-заказчика. </span><span lang=\"RU\" style=\"font-size: 10pt; font-family: Tahoma, sans-serif;\"><o:p></o:p></span></span></p>\r\n<p>\r\n	<span style=\"font-size:inherit;\r\nfont-style:inherit;font-variant:inherit;font-weight:inherit;line-height:inherit\"><span lang=\"RU\" style=\"font-size: 10pt; font-family: Tahoma, sans-serif; border: 1pt none windowtext; padding: 0cm;\">Функции промоутера зависят от механики акции, на которой он работает.</span></span><span lang=\"RU\" style=\"font-size: 10pt; font-family: Tahoma, sans-serif;\"><o:p></o:p></span></p>\r\n<p>\r\n	<span style=\"font-size:inherit;\r\nfont-style:inherit;font-variant:inherit;font-weight:inherit;line-height:inherit\"><span lang=\"RU\" style=\"font-size: 10pt; font-family: Tahoma, sans-serif; border: 1pt none windowtext; padding: 0cm;\">Заработная плата промоутера зависит от множества факторов: типа акции, опыта работы промоутера, времени работы и условий работы, города проведения акции. Сегодня &nbsp;минимальная ставка промоутера в Москве и области составляет&nbsp; от 170 рублей в час ( при минимальной квалификации) и до 550 рублей&nbsp; в час (ставка промо-модели). По стандарту, промо-акция длится 4 часа в день от 2-х до 4-х недель. Заработная плата, как правило выплачиваться каждый день, либо через какое-то время после окончания акции. </span><span lang=\"RU\" style=\"font-size: 10pt; font-family: Tahoma, sans-serif;\"><o:p></o:p></span></span></p>\r\n<p>\r\n	<span lang=\"RU\" style=\"font-size: 10pt; font-family: Tahoma, sans-serif;\">В среднем, жизнь промоутера длится около года-двух, затем &laquo;уходят&raquo; во взрослую жизнь. <o:p></o:p></span></p>\r\n<p>\r\n	<span lang=\"RU\" style=\"font-size: 10pt; font-family: Tahoma, sans-serif;\">&nbsp;</span></p>\r\n','промословарь','промословарь все о профессии промоутер','промословарь все о профессии промоутер','ru'),(40,20,0,NULL,NULL,NULL,NULL,NULL,'en'),(43,22,0,'Супервайзер','<p>\r\n	&nbsp;</p>\r\n<p>\r\n	<strong><span lang=\"RU\" style=\"font-size:\r\n14.0pt;font-family:&quot;Tahoma&quot;,&quot;sans-serif&quot;;mso-ansi-language:RU;mso-bidi-font-weight:\r\nnormal\">Супервайзер&nbsp;</span></strong><span style=\"font-family: Tahoma, sans-serif; font-size: 10pt; line-height: 13.5pt;\">&mdash; связующие звено между промо персоналом и агентством. &nbsp;Супервайзер организует работу промоутеров&nbsp; в полях, распределяет задачи и контролирует результат, после чего предоставляет отчет за проделанную работу менеджеру проекта из агентства.&nbsp;</span></p>\r\n<p>\r\n	<span lang=\"RU\" style=\"font-size: 10pt; font-family: Tahoma, sans-serif;\">Задача супервайзера (супера), обеспечить промоутеров рекламными материалами, развозит оборудование по точкам, собирает отчеты по проекту, делать фотоотчеты и сдавать их в агентство. Так же супервайзер следит за работой промоутеров, а если в их работе произошли какие-то нарушения, он их исправляет, а к промоутеру применяет санкции в виде штрафа. Встречается и так, что супервайзер выполняет функции <u><span style=\"color:#0000cd;\">мерчендайзера</span>,</u> как правило это в проекте без участия промоутеров ( например, разместить рекламное оборудование в магазинах). <o:p></o:p></span></p>\r\n<p>\r\n	<span lang=\"RU\" style=\"font-size: 10pt; font-family: Tahoma, sans-serif; border: 1pt none windowtext; padding: 0cm;\">Различают несколько видов - Супервайзеры бывают на автомобиле и пешие. &laquo;Автомобильные&raquo; супервайзеры всегда зарабатывают больше своих пеших коллег (либо получают доплату за бензин). Средняя ставка супервайзера по Москве -250 руб в час, также нужно учитывать, что некоторые агентства предоставляют компенсацию на оплату мобильного телефона, доплачивают за приезды и загрузку на складе или просто оплачивают дополнительные часы. В среднем, на одной акции супервайзер зарабатывает около 15000 - 25000 рублей в месяц. Матерые супервайзеры работают на &nbsp;3-4 акциях &nbsp;в месяц.</span><span lang=\"RU\" style=\"font-size: 10pt; font-family: Tahoma, sans-serif;\"><o:p></o:p></span></p>\r\n<p>\r\n	<span lang=\"RU\" style=\"font-size: 10pt; font-family: Tahoma, sans-serif; border: 1pt none windowtext; padding: 0cm;\">Для работы супервайзером на промо-акцию, необходимо иметь автомобиль, действующие автомобильные права и желание работать. Супервайзеры с хорошей репутацией будут постоянно обеспечены работой, потому, что агентства крайне нуждаются в надежных сотрудниках.&nbsp;</span><span lang=\"RU\" style=\"font-size: 10pt; font-family: Tahoma, sans-serif;\"><o:p></o:p></span></p>\r\n','Супервайзер термен, определение','Супервайзер связующие звено между промо персоналом и агентством.','Супервайзер, промоутер, агенство, промо-акция','ru'),(44,22,0,NULL,NULL,NULL,NULL,NULL,'en'),(45,23,0,'Промо-модель','<p>\r\n	&nbsp;</p>\r\n<p>\r\n	<b><span lang=\"RU\" style=\"font-size: 14pt; font-family: Tahoma, sans-serif;\">Промо-модель</span></b><span lang=\"RU\" style=\"font-size: 10pt; font-family: Tahoma, sans-serif;\"> &mdash; это промоутеры, обладающими хорошими внешними данными и ростом от 170 сантиметров. Эти параметры дают возможность промо-моделям претендовать на высокооплачиваемую работу.<o:p></o:p></span></p>\r\n<p>\r\n	<span lang=\"RU\" style=\"font-size: 10pt; font-family: Tahoma, sans-serif;\">Модели участвуют в выставках, презентациях, работают как хостес. Не редко промо-моделями работают начинающие модели, которые по мере приобретения опыта перетекают в категорию &laquo;модели&raquo;.<o:p></o:p></span></p>\r\n<p>\r\n	<span style=\"font-size:inherit;font-style:inherit;font-variant:\r\ninherit;font-weight:inherit;line-height:inherit\"><b><span lang=\"RU\" style=\"font-size: 10pt; font-family: Tahoma, sans-serif; border: 1pt none windowtext; padding: 0cm;\">Выделяют несколько подвидов промо-моделей:</span></b></span><span lang=\"RU\" style=\"font-size: 10pt; font-family: Tahoma, sans-serif;\"><o:p></o:p></span></p>\r\n<p>\r\n	<span style=\"font-size:inherit;font-style:inherit;font-variant:inherit;font-weight:\r\ninherit;line-height:inherit\"><span lang=\"RU\" style=\"font-size: 10pt; font-family: Tahoma, sans-serif; border: 1pt none windowtext; padding: 0cm;\">&middot;<span style=\"font-size:\r\ninherit;font-style:inherit;font-variant:inherit;font-weight:inherit;line-height:\r\ninherit\"><span class=\"apple-converted-space\">&nbsp;</span></span></span><span style=\"font-size:inherit;font-style:inherit;font-variant:inherit;font-weight:\r\ninherit;line-height:inherit\">Бодиарт-модели. Тело модели используют как холс и на него наносят различные рисунки. Это &nbsp;очень эффективный прием, так как привлекает к себе много внимания.</span></span><span lang=\"RU\" style=\"font-size: 10pt; font-family: Tahoma, sans-serif;\"><o:p></o:p></span></p>\r\n<p>\r\n	<span style=\"font-size:inherit;font-style:inherit;font-variant:inherit;font-weight:\r\ninherit;line-height:inherit\"><span lang=\"RU\" style=\"font-size: 10pt; font-family: Tahoma, sans-serif; border: 1pt none windowtext; padding: 0cm;\">&middot;<span style=\"font-size:\r\ninherit;font-style:inherit;font-variant:inherit;font-weight:inherit;line-height:\r\ninherit\"><span class=\"apple-converted-space\">&nbsp;</span></span></span><span style=\"font-size:inherit;font-style:inherit;font-variant:inherit;font-weight:\r\ninherit;line-height:inherit\">Модели &laquo;go-go&raquo; или &laquo;пиджейство&raquo;. Эти ребята, должны иметь хорошие хореографические навыки, потому, что их основное занятие - танцы на сцене<o:p></o:p></span></span></p>\r\n<p>\r\n	<span lang=\"RU\" style=\"font-size: 10pt; font-family: Tahoma, sans-serif; border: 1pt none windowtext; padding: 0cm;\">&middot;<span style=\"font-size:inherit;font-style:inherit;\r\nfont-variant:inherit;font-weight:inherit;line-height:inherit\"><span class=\"apple-converted-space\">&nbsp;</span></span></span><span style=\"font-size:\r\ninherit;font-style:inherit;font-variant:inherit;font-weight:inherit;line-height:\r\ninherit\">Модели на стенде. Этот персонал в основном фотографируется с посетителями, общаются с ними, а также принимает участие в презентациях товара.</span><span lang=\"RU\" style=\"font-size: 10pt; font-family: Tahoma, sans-serif;\"><o:p></o:p></span></p>\r\n<p>\r\n	<span style=\"font-size:inherit;font-style:inherit;font-variant:inherit;font-weight:\r\ninherit;line-height:inherit\"><span lang=\"RU\" style=\"font-size: 10pt; font-family: Tahoma, sans-serif; border: 1pt none windowtext; padding: 0cm;\">&middot;<span style=\"font-size:\r\ninherit;font-style:inherit;font-variant:inherit;font-weight:inherit;line-height:\r\ninherit\"><span class=\"apple-converted-space\">&nbsp;</span></span></span><span style=\"font-size:inherit;font-style:inherit;font-variant:inherit;font-weight:\r\ninherit;line-height:inherit\">Костюмированные модели. Часто, модели переодеваются в специальные тематические костюмы. Это требуется на выставках и конференциях, посвященных узкой теме, чтобы всё соответствовало тематики самой выставки, включая и обслуживающий персонал. </span><span lang=\"RU\" style=\"font-size: 10pt; font-family: Tahoma, sans-serif;\"><o:p></o:p></span></span></p>\r\n<p>\r\n	<span style=\"font-size:inherit;font-style:inherit;font-variant:\r\ninherit;font-weight:inherit;line-height:inherit\"><span lang=\"RU\" style=\"font-size: 10pt; font-family: Tahoma, sans-serif; border: 1pt none windowtext; padding: 0cm;\">Даже если у девушки или юноши имеются превосходные внешние данные, но не имеется опыта работы на промо-акциях, им &nbsp;не стоит сразу претендовать на должность промо-модели. На первом этапе лучше поработать несколько проектов в качестве обычного промоутера. Приобретенный опыт с подходящими внешними данными позволят постепенно &laquo;вырасти&raquo; из ряда промоутеров в промо-модель.</span></span><span lang=\"RU\" style=\"font-size: 10pt; font-family: Tahoma, sans-serif;\"><o:p></o:p></span></p>\r\n<p>\r\n	<span style=\"font-size:inherit;font-style:inherit;font-variant:\r\ninherit;font-weight:inherit;line-height:inherit\"><span lang=\"RU\" style=\"font-size: 10pt; font-family: Tahoma, sans-serif; border: 1pt none windowtext; padding: 0cm;\">Средняя ставка промо-модели в Москве&nbsp; от 350 до 600 рублей в час. Если агентство, разместившее данную вакансию, предлагает&nbsp; часовую ставку выше указанной, видимо, речь идет о профессиональной <span style=\"color:#00f;\"><u>модели</u></span> с вытекающими из этого требованиями к кандидату.</span></span><span lang=\"RU\" style=\"font-size: 10pt; font-family: Tahoma, sans-serif;\"><o:p></o:p></span></p>\r\n','Промо-модель термент','Промо-модель — это промоутеры, обладающими хорошими внешними данными и ростом от 170 сантиметров. ','Промо-модель, промо','ru'),(46,23,0,NULL,NULL,NULL,NULL,NULL,'en'),(49,25,0,'Хостес','<p>\r\n	<span lang=\"RU\" style=\"font-size: 16pt; font-family: Tahoma, sans-serif; border: 1pt none windowtext; padding: 0cm;\">Хостес</span><span lang=\"RU\" style=\"font-size: 10pt; font-family: Tahoma, sans-serif; border: 1pt none windowtext; padding: 0cm;\"> &mdash;</span><span style=\"font-size:inherit;font-style:inherit;font-variant:inherit;font-weight:\r\ninherit;line-height:inherit\">&nbsp;</span><span style=\"font-size:inherit;\r\nfont-style:inherit;font-variant:inherit;font-weight:inherit;line-height:inherit\">девушки или юноши</span><span style=\"font-size:inherit;font-style:inherit;font-variant:\r\ninherit;font-weight:inherit;line-height:inherit\">, которые обладают хорошими внешними данными, в обязанность которых, входит: встреча гостей при входе в ресторан, на корпоративное мероприятие, семинар, вечеринку. Они объясняют порядок проведения мероприятия, вручают рекламные материалы, канцелярию, провожают гостя до его места, оперативно решают возникающие вопросы или докладывают о проблемах своему руководству.&nbsp;</span><span lang=\"RU\" style=\"font-size: 10pt; font-family: Tahoma, sans-serif;\"><o:p></o:p></span></p>\r\n<p>\r\n	<span style=\"font-size:inherit;font-style:inherit;font-variant:inherit;font-weight:\r\ninherit;line-height:inherit\"><span lang=\"RU\" style=\"font-size: 10pt; font-family: Tahoma, sans-serif; border: 1pt none windowtext; padding: 0cm;\">Хостес как правило бывают штатными (то есть работают на постоянной основе) или привлеченными под конкретное мероприятие. Если говорить о штатных сотрудниках - хостес - их чаще всего можно встретить в дорогих ресторанах. Тут&nbsp; хостес - хозяйка зала. Она лицо ресторана. Хостес встречает гостей, сопровождает к столику, подает меню, провожает уходящих посетителей. От первого приема во многом зависит впечатление о заведении в целом. На различного рода мероприятиях, выставках и&nbsp; конференциях обычно на роль хостес приглашают моделей и промо-моделей. Здесь хостес часто играют роль зазывал и развлекают посетителей, а также привлекают внимание гостей к рекламным стендам.</span></span><span lang=\"RU\" style=\"font-size: 10pt; font-family: Tahoma, sans-serif;\"><o:p></o:p></span></p>\r\n<p>\r\n	<span style=\"font-size:inherit;font-style:inherit;font-variant:inherit;font-weight:\r\ninherit;line-height:inherit\"><span lang=\"RU\" style=\"font-size: 10pt; font-family: Tahoma, sans-serif; border: 1pt none windowtext; padding: 0cm;\">Во всех случаях хостес<span class=\"apple-converted-space\">&nbsp;</span><b style=\"font-size:inherit;\r\nfont-style:inherit;font-variant:inherit;line-height:inherit\">-<span class=\"apple-converted-space\">&nbsp;</span></b>это первый человек, с которым встречается посетитель мероприятия. Хостес обязан уметь хорошо общаться с людьми и поддерживать деловое настроение или рабочую атмосферу. Иногда от хостеса требуется знание иностранного языка, это зависит от формата мероприятия. Как правило, на должность хостес приглашают <span style=\"color:#00f;\"><u>промо-моделей</u></span><span class=\"apple-converted-space\">&nbsp;</span>или<span class=\"apple-converted-space\">&nbsp;</span><u>п<span style=\"color:#00f;\">ромоутеров с модельной внешностью</span></u>, в основном девушек (реже - юношей). Требования к кандидатам на роль хостес стандартны - высокий рост (от 170 см), привлекательная внешность, грамотная речь и при необходимости владение иностранными языками.</span></span><span lang=\"RU\" style=\"font-size: 10pt; font-family: Tahoma, sans-serif;\"><o:p></o:p></span></p>\r\n<p>\r\n	&nbsp;</p>\r\n<p>\r\n	<span style=\"font-size:inherit;font-style:inherit;font-variant:inherit;font-weight:\r\ninherit;line-height:inherit\"><span lang=\"RU\" style=\"font-size: 10pt; font-family: Tahoma, sans-serif; border: 1pt none windowtext; padding: 0cm;\">Средняя ставка хостес в Москве (на промо-акциях и мероприятиях) - 500 рублей в час и выше, если к кандидатам предъявляются дополнительные требования (например, владение иностранными языками). Также нужно учесть, что хостес часто работают в весьма откровенных нарядах, причем, как показывает практика, чем откровеннее наряд, тем выше у хостес ставка в час.</span></span><span lang=\"RU\" style=\"font-size: 10pt; font-family: Tahoma, sans-serif;\"><o:p></o:p></span></p>\r\n','Хостес','Хостес — девушки или юноши, которые обладают хорошими внешними данными','Хостес, промоутер, акция, выставки','ru'),(50,25,0,NULL,NULL,NULL,NULL,NULL,'en'),(51,26,0,'Ростовая кукла','<p>\r\n	&nbsp;</p>\r\n<p>\r\n	<span lang=\"RU\" style=\"font-size: 14pt; font-family: Tahoma, sans-serif; border: 1pt none windowtext; padding: 0cm;\">Ростовая кукла </span><span lang=\"RU\" style=\"font-size: 10pt; font-family: Tahoma, sans-serif; border: 1pt none windowtext; padding: 0cm;\">&mdash;&nbsp;</span><span style=\"font-size:inherit;font-style:inherit;font-variant:inherit;font-weight:\r\ninherit;line-height:inherit\">это промоутер, которого переодевают в костюм персонажа из сказки, мультфильма или героя рекламной кампании. Кукла выполняется в человеческий рост, внутри куклы находится актер, который проводит представление.&nbsp;</span><span lang=\"RU\" style=\"font-size: 10pt; font-family: Tahoma, sans-serif;\"><o:p></o:p></span></p>\r\n<p>\r\n	<span style=\"font-size:inherit;font-style:inherit;font-variant:inherit;font-weight:\r\ninherit;line-height:inherit\"><span lang=\"RU\" style=\"font-size: 10pt; font-family: Tahoma, sans-serif; border: 1pt none windowtext; padding: 0cm;\">Ростовая кукла - важная составляющая детских праздников,&nbsp; развлекательных и рекламных мероприятий,&nbsp; корпоративных и тематических вечеринок. Использование куклы на мероприятиях позволяет создать праздничную и веселую атмосферу, особенной популярностью куклы пользуются у детей.</span></span><span lang=\"RU\" style=\"font-size: 10pt; font-family: Tahoma, sans-serif;\"><o:p></o:p></span></p>\r\n<p>\r\n	<span style=\"font-size:inherit;font-style:inherit;font-variant:inherit;font-weight:\r\ninherit;line-height:inherit\"><span lang=\"RU\" style=\"font-size: 10pt; font-family: Tahoma, sans-serif; border: 1pt none windowtext; padding: 0cm;\">На рекламных мероприятиях ростовая кукла может раздавать листовки, различные сувениры, а также просто фотографироваться с гостями.</span></span><span lang=\"RU\" style=\"font-size: 10pt; font-family: Tahoma, sans-serif;\"><o:p></o:p></span></p>\r\n<p>\r\n	<span style=\"font-size:inherit;font-style:inherit;font-variant:inherit;font-weight:\r\ninherit;line-height:inherit\"><span lang=\"RU\" style=\"font-size: 10pt; font-family: Tahoma, sans-serif; border: 1pt none windowtext; padding: 0cm;\">Артисты, которые находятся внутри ростовой куклы - это, как правило, юноши. Ведь работать в таком костюме достаточно тяжело (для сравнения, попробуйте надеть на себя тяжелый скафандр и двигаться в нем хотя бы в течение 15-ти минут). Поэтому существует технический регламент по работе в таком костюме - оптимально время работы артиста &nbsp;10-20 минут, затем необходим 10 минутный перерыв. Главное требование, предъявляемое к артистам в костюмах ростовых кукол это, конечно, физическая выносливость и немного артистизма. Ведь артисту недостаточно просто стоять, его главная функция заключается в том, чтобы еще и развлекать гостей.</span></span><span lang=\"RU\" style=\"font-size: 10pt; font-family: Tahoma, sans-serif;\"><o:p></o:p></span></p>\r\n<p>\r\n	<span style=\"font-size:inherit;font-style:inherit;font-variant:inherit;font-weight:\r\ninherit;line-height:inherit\"><span lang=\"RU\" style=\"font-size: 10pt; font-family: Tahoma, sans-serif; border: 1pt none windowtext; padding: 0cm;\">Средняя ставка артиста в костюме ростовой куклы по Москве составляет от 300 рублей в час.</span></span><span lang=\"RU\" style=\"font-size: 10pt; font-family: Tahoma, sans-serif;\"><o:p></o:p></span></p>\r\n','Ростовая кукла','Ростовая кукла','Ростовая кукла','ru'),(52,26,0,NULL,NULL,NULL,NULL,NULL,'en'),(53,27,0,'Мерчанда́йзер','<p>\r\n	<span style=\"font-size:20px;\"><b><span lang=\"RU\" style=\"font-family: Arial, sans-serif;\">Мерчанда́йзер (мерчендайзер)</span></b></span><span lang=\"RU\" style=\"font-size: 10pt; font-family: Arial, sans-serif;\">&nbsp;(</span><span lang=\"RU\" style=\"font-size: 10pt; font-family: Arial, sans-serif;\">англ.</span><span lang=\"RU\" style=\"font-size: 10pt; font-family: Arial, sans-serif;\">&nbsp;<i>merchandiser - торговец</i>)&nbsp;&mdash; товаровед или помощник товароведа, человек, представляющий торговую компанию в торговых сетях (чаще всего&nbsp;супер-&nbsp;и&nbsp;</span><span lang=\"RU\" style=\"font-size: 10pt; font-family: Arial, sans-serif;\">гипермаркетах</span><span lang=\"RU\" style=\"font-size: 10pt; font-family: Arial, sans-serif;\">). Отвечает за&nbsp;выкладку товара, установку сопутствующего необходимого оборудования (холодильники, дополнительные витрины, поддоны промоакций), размещает&nbsp;</span><span lang=\"RU\" style=\"font-size: 10pt; font-family: Arial, sans-serif;\">POS-материалы</span><span lang=\"RU\" style=\"font-size: 10pt; font-family: Arial, sans-serif;\">. Основная задача&nbsp;&mdash; контроль наличия всего ассортимента компании на полках магазина и расположение его в наиболее благоприятных для покупки местах.</span></p>\r\n<p>\r\n	<span lang=\"RU\" style=\"font-size: 10pt; font-family: Arial, sans-serif;\">Также в обязанности может входить:<o:p></o:p></span></p>\r\n<p>\r\n<!--[if !supportLists]-->	<span lang=\"RU\" style=\"font-size: 10pt; font-family: Symbol;\">&middot;<span style=\"font-size: 7pt; line-height: normal; font-family: \'Times New Roman\';\">&nbsp;&nbsp;&nbsp;&nbsp;&nbsp;&nbsp;&nbsp;&nbsp; </span></span><!--[endif]--><span lang=\"RU\" style=\"font-size: 10pt; font-family: Arial, sans-serif;\">увеличение доли полки товара;<o:p></o:p></span></p>\r\n<p>\r\n<!--[if !supportLists]-->	<span lang=\"RU\" style=\"font-size: 10pt; font-family: Symbol;\">&middot;<span style=\"font-size: 7pt; line-height: normal; font-family: \'Times New Roman\';\">&nbsp;&nbsp;&nbsp;&nbsp;&nbsp;&nbsp;&nbsp;&nbsp; </span></span><!--[endif]--><span lang=\"RU\" style=\"font-size: 10pt; font-family: Arial, sans-serif;\">выкладка товара согласно корпоративной планограмме;<o:p></o:p></span></p>\r\n<p>\r\n<!--[if !supportLists]-->	<span lang=\"RU\" style=\"font-size: 10pt; font-family: Symbol;\">&middot;<span style=\"font-size: 7pt; line-height: normal; font-family: \'Times New Roman\';\">&nbsp;&nbsp;&nbsp;&nbsp;&nbsp;&nbsp;&nbsp;&nbsp; </span></span><!--[endif]--><span lang=\"RU\" style=\"font-size: 10pt; font-family: Arial, sans-serif;\">размещение POS-материалов;<o:p></o:p></span></p>\r\n<p>\r\n<!--[if !supportLists]-->	<span lang=\"RU\" style=\"font-size: 10pt; font-family: Symbol;\">&middot;<span style=\"font-size: 7pt; line-height: normal; font-family: \'Times New Roman\';\">&nbsp;&nbsp;&nbsp;&nbsp;&nbsp;&nbsp;&nbsp;&nbsp; </span></span><!--[endif]--><span lang=\"RU\" style=\"font-size: 10pt; font-family: Arial, sans-serif;\">помощь в организации промоакций (взаимодействие с внутренним персоналом магазина);<o:p></o:p></span></p>\r\n<p>\r\n<!--[if !supportLists]-->	<span lang=\"RU\" style=\"font-size: 10pt; font-family: Symbol;\">&middot;<span style=\"font-size: 7pt; line-height: normal; font-family: \'Times New Roman\';\">&nbsp;&nbsp;&nbsp;&nbsp;&nbsp;&nbsp;&nbsp;&nbsp; </span></span><!--[endif]--><span lang=\"RU\" style=\"font-size: 10pt; font-family: Arial, sans-serif;\">поддержание торгового запаса;<o:p></o:p></span></p>\r\n<p>\r\n<!--[if !supportLists]-->	<span lang=\"RU\" style=\"font-size: 10pt; font-family: Symbol;\">&middot;<span style=\"font-size: 7pt; line-height: normal; font-family: \'Times New Roman\';\">&nbsp;&nbsp;&nbsp;&nbsp;&nbsp;&nbsp;&nbsp;&nbsp; </span></span><!--[endif]--><span lang=\"RU\" style=\"font-size: 10pt; font-family: Arial, sans-serif;\">составление заказов;<o:p></o:p></span></p>\r\n<p>\r\n<!--[if !supportLists]-->	<span lang=\"RU\" style=\"font-size: 10pt; font-family: Symbol;\">&middot;<span style=\"font-size: 7pt; line-height: normal; font-family: \'Times New Roman\';\">&nbsp;&nbsp;&nbsp;&nbsp;&nbsp;&nbsp;&nbsp;&nbsp; </span></span><!--[endif]--><span lang=\"RU\" style=\"font-size: 10pt; font-family: Arial, sans-serif;\">корректировка розничных цен на товар;<o:p></o:p></span></p>\r\n<p>\r\n<!--[if !supportLists]-->	<span lang=\"RU\" style=\"font-size: 10pt; font-family: Symbol;\">&middot;<span style=\"font-size: 7pt; line-height: normal; font-family: \'Times New Roman\';\">&nbsp;&nbsp;&nbsp;&nbsp;&nbsp;&nbsp;&nbsp;&nbsp; </span></span><!--[endif]--><span lang=\"RU\" style=\"font-size: 10pt; font-family: Arial, sans-serif;\">аудит цен, долей полок и промоакций конкурентов;<o:p></o:p></span></p>\r\n<p>\r\n<!--[if !supportLists]-->	<span lang=\"RU\" style=\"font-size: 10pt; font-family: Symbol;\">&middot;<span style=\"font-size: 7pt; line-height: normal; font-family: \'Times New Roman\';\">&nbsp;&nbsp;&nbsp;&nbsp;&nbsp;&nbsp;&nbsp;&nbsp; </span></span><!--[endif]--><span lang=\"RU\" style=\"font-size: 10pt; font-family: Arial, sans-serif;\">решение локальных проблем в точке продажи;<o:p></o:p></span></p>\r\n<p>\r\n<!--[if !supportLists]-->	<span lang=\"RU\" style=\"font-size: 10pt; font-family: Symbol;\">&middot;<span style=\"font-size: 7pt; line-height: normal; font-family: \'Times New Roman\';\">&nbsp;&nbsp;&nbsp;&nbsp;&nbsp;&nbsp;&nbsp;&nbsp; </span></span><!--[endif]--><span lang=\"RU\" style=\"font-size: 10pt; font-family: Arial, sans-serif;\">размещение товара на промодисплеях (в том числе и неоплаченных);<o:p></o:p></span></p>\r\n<p>\r\n<!--[if !supportLists]-->	<span lang=\"RU\" style=\"font-size: 10pt; font-family: Symbol;\">&middot;<span style=\"font-size: 7pt; line-height: normal; font-family: \'Times New Roman\';\">&nbsp;&nbsp;&nbsp;&nbsp;&nbsp;&nbsp;&nbsp;&nbsp; </span></span><!--[endif]--><span lang=\"RU\" style=\"font-size: 10pt; font-family: Arial, sans-serif;\">поддержание товарного вида упаковки;<o:p></o:p></span></p>\r\n<p>\r\n<!--[if !supportLists]-->	<span lang=\"RU\" style=\"font-size: 10pt; font-family: Symbol;\">&middot;<span style=\"font-size: 7pt; line-height: normal; font-family: \'Times New Roman\';\">&nbsp;&nbsp;&nbsp;&nbsp;&nbsp;&nbsp;&nbsp;&nbsp; </span></span><!--[endif]--><span lang=\"RU\" style=\"font-size: 10pt; font-family: Arial, sans-serif;\">поддержание имиджа торговой марки (бренда).<o:p></o:p></span></p>\r\n<p>\r\n	<span lang=\"RU\" style=\"font-size: 10pt; font-family: Arial, sans-serif;\">Мерчандайзер является одним из элементов механизма&nbsp;</span><span lang=\"RU\" style=\"font-size:10.0pt;font-family:&quot;Arial&quot;,&quot;sans-serif&quot;;mso-fareast-font-family:\r\n&quot;Times New Roman&quot;;color:#0B0080;mso-ansi-language:RU;mso-fareast-language:UK\">мерчендайзинга</span><span lang=\"RU\" style=\"font-size: 10pt; font-family: Arial, sans-serif;\">.<o:p></o:p></span></p>\r\n<p>\r\n	<span lang=\"RU\" style=\"font-size: 10pt; font-family: Arial, sans-serif;\">Мерчандайзеров можно разделить на три вида:<o:p></o:p></span></p>\r\n<p>\r\n<!--[if !supportLists]-->	<span lang=\"RU\" style=\"font-size: 10pt; font-family: Symbol;\">&middot;<span style=\"font-size: 7pt; line-height: normal; font-family: \'Times New Roman\';\">&nbsp;&nbsp;&nbsp;&nbsp;&nbsp;&nbsp;&nbsp;&nbsp; </span></span><!--[endif]--><span lang=\"RU\" style=\"font-size: 10pt; font-family: Arial, sans-serif;\">мобильный (визитный) мерчандайзер, в течение рабочего времени посещающий несколько магазинов, последовательно переходя из одного в другой;<o:p></o:p></span></p>\r\n<p>\r\n<!--[if !supportLists]-->	<span lang=\"RU\" style=\"font-size: 10pt; font-family: Symbol;\">&middot;<span style=\"font-size: 7pt; line-height: normal; font-family: \'Times New Roman\';\">&nbsp;&nbsp;&nbsp;&nbsp;&nbsp;&nbsp;&nbsp;&nbsp; </span></span><!--[endif]--><span lang=\"RU\" style=\"font-size: 10pt; font-family: Arial, sans-serif;\">стационарный мерчандайзер, осуществляющий мерчендайзинг в течение всего рабочего времени в одном магазине;<o:p></o:p></span></p>\r\n<p>\r\n<!--[if !supportLists]-->	<span lang=\"RU\" style=\"font-size: 10pt; font-family: Symbol;\">&middot;<span style=\"font-size: 7pt; line-height: normal; font-family: \'Times New Roman\';\">&nbsp;&nbsp;&nbsp;&nbsp;&nbsp;&nbsp;&nbsp;&nbsp; </span></span><!--[endif]--><span lang=\"RU\" style=\"font-size: 10pt; font-family: Arial, sans-serif;\">универсальный (гибридный) мерчендайзер с плавающим день ото дня графиком, осуществляющий функции мобильного или стационарного мерчендайзера в зависимости от текущей необходимости.<o:p></o:p></span></p>\r\n<p>\r\n	<span lang=\"RU\">&nbsp;<img alt=\"\" src=\"imgis/1.jpg\" /></span></p>\r\n','Мерчанда́йзер','Мерчанда́йзер','Мерчанда́йзер','ru'),(54,27,0,NULL,NULL,NULL,NULL,NULL,'en'),(55,28,0,'Аниматор ','<p>\r\n	&nbsp;</p>\r\n<p>\r\n	<span style=\"color:#000;\"><b><span lang=\"RU\" style=\"font-size: 14pt; font-family: Tahoma, sans-serif;\">Аниматор</span></b></span><span lang=\"RU\" style=\"font-size: 10pt; font-family: Tahoma, sans-serif;\"> &mdash;&nbsp;<span style=\"border:none windowtext 1.0pt;\r\nmso-border-alt:none windowtext 0cm;padding:0cm\"><span style=\"font-size:inherit;\r\nfont-style:inherit;font-variant:inherit;font-weight:inherit;line-height:inherit\">этот термин становится более понятен, если Вы представите себе некого массовик затейника, который развлекает публику на различного рода промо мероприятиях. &nbsp;Слово аниматор &nbsp;означает нужно быть крайне &laquo;живым&raquo;, жизнерадостным и активным человеком, способным зарядить окружающую публику энергией и позитивом.</span></span><o:p></o:p></span></p>\r\n<p>\r\n	<span style=\"font-size:inherit;font-style:inherit;font-variant:inherit;font-weight:\r\ninherit;line-height:inherit\"><span lang=\"RU\" style=\"font-size: 10pt; font-family: Tahoma, sans-serif; border: 1pt none windowtext; padding: 0cm;\">Аниматоры как правило общаются живо с публикой на праздниках, открытых массовых, корпоративных и рекламных мероприятиях. Чаще всего, аниматоры работаю в костюмах. Виды костюмов зависят от темы мероприятия. Могут быть костюмы клоуна на детском празднике, официальные торжественные костюмы на корпоративных мероприятиях или тематические костюмы на рекламных ивент-акциях. Сегодня большой популярностью пользуются аниматоры и в промоакциях: лотереях, презентациях, а также в туристическом бизнесе, на отечественных и зарубежных турбазах и курортах.</span></span><span lang=\"RU\" style=\"font-size: 10pt; font-family: Tahoma, sans-serif;\"><o:p></o:p></span></p>\r\n<p>\r\n	<span style=\"font-size:inherit;font-style:inherit;font-variant:inherit;font-weight:\r\ninherit;line-height:inherit\"><span lang=\"RU\" style=\"font-size: 10pt; font-family: Tahoma, sans-serif; border: 1pt none windowtext; padding: 0cm;\">Для работы в качестве аниматора необходим опыт работы&nbsp; и актерские способности. Поэтому, чаще всего аниматорами работают студенты театральных ВУЗов и начинающие актеры. Но есть и такие промоутеры, которые не получают специальное образование, а просто по складу характера могут завести, зарядить публику. </span><span lang=\"RU\" style=\"font-size: 10pt; font-family: Tahoma, sans-serif;\"><o:p></o:p></span></span></p>\r\n<p>\r\n	<span style=\"font-size:inherit;font-style:inherit;font-variant:inherit;font-weight:\r\ninherit;line-height:inherit\"><span lang=\"RU\" style=\"font-size: 10pt; font-family: Tahoma, sans-serif; border: 1pt none windowtext; padding: 0cm;\">Средняя ставка для аниматора в Москве начинается от 350 рублей в час и может достигать 1500 рублей.</span><span lang=\"RU\" style=\"font-size: 10pt; font-family: Tahoma, sans-serif;\"><o:p></o:p></span></span></p>\r\n','Аниматор ','Аниматор ','Аниматор, аниматоры','ru'),(56,28,0,NULL,NULL,NULL,NULL,NULL,'en'),(57,29,0,'Платные услуги','<h3>Платные услуги</h3>\r\n','','','','ru'),(58,29,0,NULL,NULL,NULL,NULL,NULL,'en'),(59,30,0,'Контакты','<h3>\r\n	Контакты</h3>\r\n<table>\r\n	<tbody>\r\n		<tr>\r\n			<td>\r\n				Наши контакты</td>\r\n			<td>\r\n				+38(044) 451-5105</td>\r\n		</tr>\r\n		<tr>\r\n			<td>\r\n				Для клиентов</td>\r\n			<td>\r\n				+38(093) 764-0065</td>\r\n		</tr>\r\n		<tr>\r\n			<td>\r\n				Email</td>\r\n			<td>\r\n				support@prommu.com</td>\r\n		</tr>\r\n	</tbody>\r\n</table>\r\n','','','','ru'),(60,30,0,NULL,NULL,NULL,NULL,NULL,'en'),(61,31,0,'Выставка','<p>\r\n	&nbsp;</p>\r\n<p>\r\n	<span style=\"color:#000;\"><b><span lang=\"RU\" style=\"font-size: 14pt; font-family: Tahoma, sans-serif;\">Выставка</span></b></span><span lang=\"RU\" style=\"font-size: 10pt; font-family: Tahoma, sans-serif;\"><span style=\"color:#000;\"> </span>&mdash; это <span style=\"font-size:inherit;font-style:inherit;\r\nfont-variant:inherit;font-weight:inherit;line-height:inherit\">особенноя форма маркетинговой коммуникации (рекламы и PR, стимулирования продаж), при которой на относительно небольшой по размерам оборудованной территории демонстрируются для продажи образцы новых товаров или предлагаются услуги с целью их послед<span style=\"font-size:inherit;font-style:inherit;font-variant:inherit;font-weight:\r\ninherit;line-height:inherit\">ующей реализации.<span style=\"font-size:inherit;\r\nfont-style:inherit;font-variant:inherit;font-weight:inherit;line-height:inherit\"> важный инструмент маркетинговой кампании, позволяющий рекламировать&nbsp; продукцию компании, знакомиться с партнерами и конкурентами, делать оценку состояния рынка и своего места в нем, устанавливать новые бизнес-контакты.<o:p></o:p></span></span></span></span></p>\r\n<p>\r\n	<span lang=\"RU\" style=\"font-size: 10pt; font-family: Tahoma, sans-serif; border: 1pt none windowtext; padding: 0cm;\"><span style=\"font-size:inherit;font-style:inherit;\r\nfont-variant:inherit;font-weight:inherit;line-height:inherit\">Как правило на выставках концентрируется целевая аудитория. Нужно понимать, что на выставку люди пришли получить нужную информацию, а зачастую и приобрести нужный продукт. Выставка - это также и эффективный инструмент сбыта. Выставки хороши еще и тем, что это живой полигон для маркетинговых исследования. Таким образом, Вы можете изучить реакцию целевой аудитории на Ваш продукт, понять сильные и слабы стороны как своих товаров и услуг так и конкурентов.</span><span lang=\"RU\" style=\"font-size: 10pt; font-family: Tahoma, sans-serif;\"><o:p></o:p></span></span></p>\r\n<p>\r\n	<span style=\"font-size:inherit;font-style:inherit;font-variant:inherit;font-weight:\r\ninherit;line-height:inherit\"><span lang=\"RU\" style=\"font-size: 10pt; font-family: Tahoma, sans-serif; border: 1pt none windowtext; padding: 0cm;\">Каждая компания, принимающая участие в выставке, устанавливает стенд-экспозицию, где посетители выставки могут подробнее познакомиться с продукцией компании, узнать интересующую их информацию, возможно, получить бесплатные образцы и т.д. </span><span lang=\"RU\" style=\"font-size: 10pt; font-family: Tahoma, sans-serif;\"><o:p></o:p></span></span></p>\r\n<p>\r\n	<span style=\"font-size:inherit;font-style:inherit;font-variant:inherit;font-weight:\r\ninherit;line-height:inherit\"><span lang=\"RU\" style=\"font-size: 10pt; font-family: Tahoma, sans-serif; border: 1pt none windowtext; padding: 0cm;\">Обычно стенд разделяют на три зоны: основную (презентационную), офисную, вспомогательную. Основная зона предназначена, собственно, для презентации продуктов компании заинтересованным посетителям. Офисная часть должна быть обособлена, она предназначена для ведения переговоров, подписания контрактов (поэтому нужно заранее позаботиться &nbsp;о наличии всех необходимых канцтоваров, розетки для ноутбука, принтера). Здесь же стендисты могут выпить кофе, пообедать (когда нет посетителей в этой части). Во вспомогательной хранятся все запасы материалов для выставки и личные вещи стендистов</span></span><span lang=\"RU\" style=\"font-size: 10pt; font-family: Tahoma, sans-serif;\"><o:p></o:p></span></p>\r\n<p>\r\n	<span style=\"font-size:inherit;font-style:inherit;font-variant:inherit;font-weight:\r\ninherit;line-height:inherit\"><span lang=\"RU\" style=\"font-size: 10pt; font-family: Tahoma, sans-serif; border: 1pt none windowtext; padding: 0cm;\">На стенде работает промоперсонал, обязанности которого зависят от требований заказчика и специфики выставки. Как правило, промоутер, работающий на стенде, раздает различные полиграфические материалы (буклеты, листовки), сувениры, рекламные образцы.&nbsp; Промоутеры&nbsp; приглашают посетителей посетить стенд, демонстрируют продукцию компании, консультируют по различным вопросам.</span></span><span lang=\"RU\" style=\"font-size: 10pt; font-family: Tahoma, sans-serif;\"><o:p></o:p></span></p>\r\n<p>\r\n	<span style=\"font-size:inherit;font-style:inherit;font-variant:inherit;font-weight:\r\ninherit;line-height:inherit\"><span lang=\"RU\" style=\"font-size: 10pt; font-family: Tahoma, sans-serif; border: 1pt none windowtext; padding: 0cm;\">Можно организовать на стенде &nbsp;различные акции конкурсы, лотереи и тому подобные развлечения. Так же эффективна установка демонстрационного оборудования, если компания занимается его производством или продвижением. На своем стенде можно использовать любые методы привлечения: визуальное оформление стенда (в сочных цветах, в старинном стиле), освещение, звуки (классика, известные мелодии ).Кстати, некоторые даже используют нюх посетителей. Их приманивают запахами: цитрусовых, кофе, свежеиспеченной сдобы, цветов.</span></span><span lang=\"RU\" style=\"font-size: 10pt; font-family: Tahoma, sans-serif;\"><o:p></o:p></span></p>\r\n<p>\r\n	<span style=\"font-size:inherit;font-style:inherit;font-variant:inherit;font-weight:\r\ninherit;line-height:inherit\"><span lang=\"RU\" style=\"font-size: 10pt; font-family: Tahoma, sans-serif; border: 1pt none windowtext; padding: 0cm;\">На каждой профессионально организованной выставке всегда царит особая атмосфера легкости, активности, праздничности. Обычно работа на выставке продолжается от 1 дня до недели.</span></span><span lang=\"RU\" style=\"font-size: 10pt; font-family: Tahoma, sans-serif;\"><o:p></o:p></span></p>\r\n<p>\r\n	<span lang=\"RU\">&nbsp;</span></p>\r\n','Выставка','Выставка как комплекс маркетинга','Выставка','ru'),(62,31,0,NULL,NULL,NULL,NULL,NULL,'en');
/*!40000 ALTER TABLE `pages_content` ENABLE KEYS */;
UNLOCK TABLES;

--
-- Table structure for table `photo`
--

DROP TABLE IF EXISTS `photo`;
/*!40101 SET @saved_cs_client     = @@character_set_client */;
/*!40101 SET character_set_client = utf8 */;
CREATE TABLE `photo` (
  `id` int(11) NOT NULL AUTO_INCREMENT,
  `id_user` int(11) NOT NULL,
  `photo` varchar(64) NOT NULL,
  PRIMARY KEY (`id`)
) ENGINE=InnoDB AUTO_INCREMENT=12 DEFAULT CHARSET=utf8;
/*!40101 SET character_set_client = @saved_cs_client */;

--
-- Dumping data for table `photo`
--

LOCK TABLES `photo` WRITE;
/*!40000 ALTER TABLE `photo` DISABLE KEYS */;
INSERT INTO `photo` VALUES (3,8,'20131206072929908.jpg'),(4,8,'20131206072936296.jpg'),(5,8,'20131206072944408.jpg'),(6,8,'20131206072950956.jpg'),(7,8,'20131206072955313.jpg'),(8,8,'20131206073002674.jpg'),(9,18,'20131210091642414.JPG'),(10,18,'20131210091650444.jpg'),(11,8,'20140219222242995.jpg');
/*!40000 ALTER TABLE `photo` ENABLE KEYS */;
UNLOCK TABLES;

--
-- Table structure for table `point_rating`
--

DROP TABLE IF EXISTS `point_rating`;
/*!40101 SET @saved_cs_client     = @@character_set_client */;
/*!40101 SET character_set_client = utf8 */;
CREATE TABLE `point_rating` (
  `id` smallint(6) NOT NULL AUTO_INCREMENT,
  `grp` smallint(6) NOT NULL,
  `value` smallint(6) NOT NULL,
  `descr` varchar(128) COLLATE utf8_unicode_ci NOT NULL,
  PRIMARY KEY (`id`)
) ENGINE=InnoDB AUTO_INCREMENT=11 DEFAULT CHARSET=utf8 COLLATE=utf8_unicode_ci;
/*!40101 SET character_set_client = @saved_cs_client */;

--
-- Dumping data for table `point_rating`
--

LOCK TABLES `point_rating` WRITE;
/*!40000 ALTER TABLE `point_rating` DISABLE KEYS */;
INSERT INTO `point_rating` VALUES (1,1,7,'Качество выполненной работы-1'),(2,1,1,'Контактность'),(3,1,1,'Пунктуальность'),(4,2,1,'Соблюдение сроков оплаты'),(5,2,1,'Размер оплаты'),(6,2,1,'Четкость постановки задач'),(7,2,1,'Четкость требований'),(8,2,1,'Контактность'),(9,1,2,'Ответственность'),(10,2,2,'---');
/*!40000 ALTER TABLE `point_rating` ENABLE KEYS */;
UNLOCK TABLES;

--
-- Table structure for table `projects`
--

DROP TABLE IF EXISTS `projects`;
/*!40101 SET @saved_cs_client     = @@character_set_client */;
/*!40101 SET character_set_client = utf8 */;
CREATE TABLE `projects` (
  `id` int(11) NOT NULL AUTO_INCREMENT,
  `id_ra` int(11) NOT NULL,
  `id_empl` int(11) NOT NULL,
  `id_promo` int(11) NOT NULL,
  `date_end` datetime NOT NULL,
  `id_vac` int(11) NOT NULL,
  `rating` smallint(6) NOT NULL DEFAULT '0',
  `rating_promo` smallint(6) NOT NULL DEFAULT '0',
  `point` varchar(256) NOT NULL,
  `point_promo` varchar(256) NOT NULL,
  PRIMARY KEY (`id`)
) ENGINE=InnoDB AUTO_INCREMENT=4 DEFAULT CHARSET=utf8;
/*!40101 SET character_set_client = @saved_cs_client */;

--
-- Dumping data for table `projects`
--

LOCK TABLES `projects` WRITE;
/*!40000 ALTER TABLE `projects` DISABLE KEYS */;
INSERT INTO `projects` VALUES (1,1,1,8,'2013-09-03 00:00:00',3,3,5,'[1,1,2,1,3,1]','[4,1,5,1,6,1,7,1,8,1]'),(2,2,1,8,'2013-08-10 00:00:00',1,1,-2,'[]','[]'),(3,2,1,8,'2013-08-10 00:00:00',1,0,1,'[]','[4,0,5,0,6,1,7,0,8,0]');
/*!40000 ALTER TABLE `projects` ENABLE KEYS */;
UNLOCK TABLES;

--
-- Table structure for table `ra`
--

DROP TABLE IF EXISTS `ra`;
/*!40101 SET @saved_cs_client     = @@character_set_client */;
/*!40101 SET character_set_client = utf8 */;
CREATE TABLE `ra` (
  `id_ra` int(11) NOT NULL AUTO_INCREMENT,
  `name` varchar(128) NOT NULL,
  `web` varchar(128) DEFAULT NULL,
  `position` varchar(64) NOT NULL,
  `logo` varchar(64) NOT NULL,
  `id_user` int(11) NOT NULL,
  `avg_rating` smallint(6) NOT NULL DEFAULT '0',
  PRIMARY KEY (`id_ra`)
) ENGINE=InnoDB AUTO_INCREMENT=13 DEFAULT CHARSET=utf8;
/*!40101 SET character_set_client = @saved_cs_client */;

--
-- Dumping data for table `ra`
--

LOCK TABLES `ra` WRITE;
/*!40000 ALTER TABLE `ra` DISABLE KEYS */;
INSERT INTO `ra` VALUES (1,'IPTV','iptv.com.ua','manager','iptv.jpg',9,0),(2,'BORIS & Company2','boriscompany.com.ua','зам. директора','bc.jpg',10,60),(3,'Galla Group Ukraine','galla.com.ua','директор','gl.gif',22,0),(4,'Хайтексити','htcity.com.ua','xxxxxxx','hk.jpg',23,0),(5,'Звезда','xxxx','cccc','20130626013733762.png ',24,0),(6,'eee','eee.ru','q','',51,0),(7,'qweqwe','qqq','qwe','',55,0),(8,'ewq','ewq','ewq','',56,0),(9,'ewq','ewq','ewq','',57,0),(10,'ЧП Козак','www.work.ua','Менеджер','',83,0),(11,'777','www.i.ua','Менеджер','',84,0),(12,'Днепропетровск','www.i.ua','менеджер','',87,0);
/*!40000 ALTER TABLE `ra` ENABLE KEYS */;
UNLOCK TABLES;

--
-- Table structure for table `ra_content`
--

DROP TABLE IF EXISTS `ra_content`;
/*!40101 SET @saved_cs_client     = @@character_set_client */;
/*!40101 SET character_set_client = utf8 */;
CREATE TABLE `ra_content` (
  `id_ra` int(11) NOT NULL,
  `content` text NOT NULL,
  UNIQUE KEY `id_ra` (`id_ra`)
) ENGINE=InnoDB DEFAULT CHARSET=utf8;
/*!40101 SET character_set_client = @saved_cs_client */;

--
-- Dumping data for table `ra_content`
--

LOCK TABLES `ra_content` WRITE;
/*!40000 ALTER TABLE `ra_content` DISABLE KEYS */;
INSERT INTO `ra_content` VALUES (1,'<table border=\"0\" cellpadding=\"0\" cellspacing=\"0\" width=\"100%\">\r\n	<tbody>\r\n		<tr>\r\n			<td width=\"50%\">\r\n				<h3>\r\n					&nbsp;</h3>\r\n			</td>\r\n			<td>\r\n				&nbsp;</td>\r\n			<td width=\"50%\">\r\n				<h3>\r\n					<b style=\"text-align: -webkit-center;\">Тендер</b></h3>\r\n			</td>\r\n		</tr>\r\n		<tr>\r\n			<td>\r\n				<center style=\"background-color: rgb(245, 240, 241);\">\r\n					<h3>\r\n						<b>Добро пожаловать на кастинг!</b></h3>\r\n				</center>\r\n				<p>\r\n					<span style=\"font-size:14px;\"><span style=\"font-family:courier new, courier, monospace;\"><br style=\"background-color: rgb(245, 240, 241);\" />\r\n					<br style=\"background-color: rgb(245, 240, 241);\" />\r\n					<b style=\"background-color: rgb(245, 240, 241);\">&nbsp;&nbsp;&nbsp;&nbsp;&nbsp;Нам всё время необходимы свежие кадры для съёмок в клипах, рекламных роликах, художественных фильмах. Если хотите, можете предложить свою кандидатуру в нашу базу данных кастинга. При отборе под конкректный проект вы будете приглашены на реальный кастинг, потому внимательно заполняйте свои контакты. Особых требований к вам мы не выдвигаем, бывает так, что нужны совершенно разные и даже необычные люди, потому главное чтобы желание участвовать было у вас!<br />\r\n					<br />\r\n					&nbsp;&nbsp;&nbsp;&nbsp;&nbsp;С Уважанием и пожеланием удачи<br />\r\n					&nbsp;&nbsp;&nbsp;&nbsp;&nbsp;Генеральный продюсер IPTV Production<br />\r\n					&nbsp;&nbsp;&nbsp;&nbsp;&nbsp;Александр Шайда</b></span></span></p>\r\n			</td>\r\n			<td>\r\n				&nbsp;</td>\r\n			<td>\r\n				<b style=\"text-align: -webkit-center;\">Тендер.</b><span style=\"text-align: -webkit-center;\">&nbsp;Если вы хотите получить лучшие ценовые и профессиональные условия обслуживания -&nbsp;</span><a href=\"http://iptv.com.ua/iptv.html?name=Tender&amp;action=new\" style=\"font-family: Arial, Helvetica, sans-serif; font-size: 12px; color: rgb(0, 0, 102); text-align: -webkit-center;\">объявите тендер</a><span style=\"text-align: -webkit-center;\">&nbsp;Мы со своей стороны позаботимся о том, чтобы о вашем тендере узнало как можно больше людей и компаний, таких, которые действительно заинтересованы в сотрудничестве с вами и могут вам помочь.</span><br style=\"text-align: -webkit-center;\" />\r\n				<br style=\"text-align: -webkit-center;\" />\r\n				<b style=\"text-align: -webkit-center;\">Рекламный тендер</b><span style=\"text-align: -webkit-center;\">&nbsp;- Тендер на размещеиие рекламы в СМИ или на съёмку рекламного ролика / изготовление рекламной продукции.</span><br style=\"text-align: -webkit-center;\" />\r\n				<span style=\"text-align: -webkit-center;\">Правила использования данного сервиса:</span><br style=\"text-align: -webkit-center;\" />\r\n				<span style=\"text-align: -webkit-center;\">- Вы заполняете&nbsp;</span><a href=\"http://iptv.com.ua/iptv.html?name=Tender&amp;action=new\" style=\"font-family: Arial, Helvetica, sans-serif; font-size: 12px; color: rgb(0, 0, 102); text-align: -webkit-center;\">бриф</a><span style=\"text-align: -webkit-center;\">;</span><br style=\"text-align: -webkit-center;\" />\r\n				<span style=\"text-align: -webkit-center;\">- Ваш бриф проверяет модератор, он может поправить его либо удалить, если тендер не удовлетворяет морально-этическим или другим нормам. Критерии соответствия модератор определяет самостоятельно.;</span><br style=\"text-align: -webkit-center;\" />\r\n				<span style=\"text-align: -webkit-center;\">- С вами связываются специалисты нашей компании, чтобы удостоверится в подлиности размещённого тендера.</span><br style=\"text-align: -webkit-center;\" />\r\n				<span style=\"text-align: -webkit-center;\">- любой желающий может принять участие в тендере и заполнить форму ответа. Ответ придёт на почту объявителя тендера, ответы не публикуются, но хранятся в нашей базе, отвечающий по желанию может выбрать варианты будет ли отображатся его ответ, будет он отображатся после завершения тендера или не будет отображатся вообще.</span><br style=\"text-align: -webkit-center;\" />\r\n				<span style=\"text-align: -webkit-center;\">- Администрация даёт полную гарантию, того, что ответы объявителю будут доставлены моментально и неизменно в том виде в котором они были написаны участником тендера. Ни Администрация сайта, ни любой член коллектива IPTV Production не будет использовать никаких идей или суждений, которые были предложены учасниками данного сервиса.</span><br style=\"text-align: -webkit-center;\" />\r\n				<span style=\"text-align: -webkit-center;\">- IPTV Production будет выступать в качестве арбитра при объявлении победителя тендера. IPTV Production не несёт ответственности за добросовестность объявившей тендер компании.</span><br style=\"text-align: -webkit-center;\" />\r\n				<br style=\"text-align: -webkit-center;\" />\r\n				<span style=\"text-align: -webkit-center;\">Участвуя в данном сервисе, вы автоматически принимаете все вышеперечисленные условия.</span></td>\r\n		</tr>\r\n	</tbody>\r\n</table>'),(2,'<table border=\"0\" cellpadding=\"0\" cellspacing=\"0\" width=\"100%\">\r\n	<tbody>\r\n		<tr>\r\n			<td width=\"50%\">\r\n				<h3>\r\n					&nbsp;</h3>\r\n			</td>\r\n			<td>\r\n				<span style=\"background-color:#(color);\"><br />\r\n				</span></td>\r\n			<td width=\"50%\">\r\n				<h3>\r\n					&nbsp;</h3>\r\n			</td>\r\n		</tr>\r\n		<tr>\r\n			<td>\r\n				<span style=\"background-color:#(color);\"><img alt=\"\" height=\"450\" src=\"http://michurin.com.ua/userfiles/michurin_promo_site.png\" width=\"318\" /><br />\r\n				</span></td>\r\n			<td>\r\n				<span style=\"background-color:#(color);\"><br />\r\n				</span></td>\r\n			<td>\r\n				<p class=\"MsoNormal\" style=\"font-family: Tahoma, Verdana, Arial, Helvetica, sans-serif; font-size: 12px; color: rgb(35, 31, 32);  margin-left: 40px;\">\r\n					<span style=\"background-color:#fff;\"><span style=\"font-size: 12pt; font-family: \'Times New Roman\', serif;\">Будьте селективны!&nbsp;</span></span></p>\r\n				<p class=\"MsoNormal\" style=\"font-family: Tahoma, Verdana, Arial, Helvetica, sans-serif; font-size: 12px; color: rgb(35, 31, 32);  margin-left: 40px;\">\r\n					<span style=\"background-color:#fff;\"><span style=\"font-size: 12pt; font-family: \'Times New Roman\', serif;\">В душЕ мы, креативное агентс</span><span lang=\"UK\" style=\"font-size: 12pt; font-family: \'Times New Roman\', serif;\">т</span><span style=\"font-size: 12pt; font-family: \'Times New Roman\', serif;\">во &laquo;Мичурин&raquo;, &ndash; селекционеры.</span></span></p>\r\n				<p class=\"MsoNormal\" style=\"font-family: Tahoma, Verdana, Arial, Helvetica, sans-serif; font-size: 12px; color: rgb(35, 31, 32);  margin-left: 40px;\">\r\n					<span style=\"background-color:#fff;\"><span style=\"font-size: 12pt; font-family: \'Times New Roman\', serif;\">Нас тянет к хорошим клиентам, которые попадают к нам, проходя строгий жизненный отбор.</span></span></p>\r\n				<p class=\"MsoNormal\" style=\"font-family: Tahoma, Verdana, Arial, Helvetica, sans-serif; font-size: 12px; color: rgb(35, 31, 32);  margin-left: 40px;\">\r\n					<span style=\"background-color:#fff;\"><span style=\"font-size: 12pt; font-family: \'Times New Roman\', serif;\">Мы выбираем только лучшие идеи для ваших рекламных кампаний.</span></span></p>\r\n				<p class=\"MsoNormal\" style=\"font-family: Tahoma, Verdana, Arial, Helvetica, sans-serif; font-size: 12px; color: rgb(35, 31, 32);  margin-left: 40px;\">\r\n					<span style=\"background-color:#fff;\"><span style=\"font-size: 12pt; font-family: \'Times New Roman\', serif;\">Работаем с самыми профессиональными подрядчиками, чтобы решить ваши задачи наилучшим образом.</span></span></p>\r\n				<p class=\"MsoNormal\" style=\"font-family: Tahoma, Verdana, Arial, Helvetica, sans-serif; font-size: 12px; color: rgb(35, 31, 32);  margin-left: 40px;\">\r\n					<span style=\"background-color:#fff;\"><span style=\"font-size: 12pt; font-family: \'Times New Roman\', serif;\">Отбираем только самые талантливые кадры, которые задерживаются у нас исключительно благодаря своим умениям.</span></span></p>\r\n				<p class=\"MsoNormal\" style=\"font-family: Tahoma, Verdana, Arial, Helvetica, sans-serif; font-size: 12px; color: rgb(35, 31, 32);  margin-left: 40px;\">\r\n					<span style=\"background-color:#fff;\"><span style=\"font-size: 12pt; font-family: \'Times New Roman\', serif;\">Отслеживаем новейшие тренды и предлагаем собственные рекламные решения.</span></span></p>\r\n			</td>\r\n		</tr>\r\n	</tbody>\r\n</table>\r\n<p>\r\n	More text goes here.</p>\r\n');
/*!40000 ALTER TABLE `ra_content` ENABLE KEYS */;
UNLOCK TABLES;

--
-- Table structure for table `ra_employer`
--

DROP TABLE IF EXISTS `ra_employer`;
/*!40101 SET @saved_cs_client     = @@character_set_client */;
/*!40101 SET character_set_client = utf8 */;
CREATE TABLE `ra_employer` (
  `id` int(11) NOT NULL AUTO_INCREMENT,
  `id_ra` int(11) NOT NULL,
  `id_empl` int(11) NOT NULL,
  `isdisable` tinyint(4) NOT NULL DEFAULT '0',
  PRIMARY KEY (`id`)
) ENGINE=InnoDB AUTO_INCREMENT=5 DEFAULT CHARSET=utf8;
/*!40101 SET character_set_client = @saved_cs_client */;

--
-- Dumping data for table `ra_employer`
--

LOCK TABLES `ra_employer` WRITE;
/*!40000 ALTER TABLE `ra_employer` DISABLE KEYS */;
INSERT INTO `ra_employer` VALUES (1,1,1,0),(2,2,1,0),(3,4,1,0),(4,3,1,0);
/*!40000 ALTER TABLE `ra_employer` ENABLE KEYS */;
UNLOCK TABLES;

--
-- Table structure for table `rating`
--

DROP TABLE IF EXISTS `rating`;
/*!40101 SET @saved_cs_client     = @@character_set_client */;
/*!40101 SET character_set_client = utf8 */;
CREATE TABLE `rating` (
  `id_rating` int(11) NOT NULL AUTO_INCREMENT,
  `id_user` int(11) NOT NULL,
  `id_ra` int(11) NOT NULL,
  `value` smallint(6) DEFAULT NULL,
  `description` text,
  PRIMARY KEY (`id_rating`)
) ENGINE=InnoDB DEFAULT CHARSET=utf8;
/*!40101 SET character_set_client = @saved_cs_client */;

--
-- Dumping data for table `rating`
--

LOCK TABLES `rating` WRITE;
/*!40000 ALTER TABLE `rating` DISABLE KEYS */;
/*!40000 ALTER TABLE `rating` ENABLE KEYS */;
UNLOCK TABLES;

--
-- Table structure for table `rating_details`
--

DROP TABLE IF EXISTS `rating_details`;
/*!40101 SET @saved_cs_client     = @@character_set_client */;
/*!40101 SET character_set_client = utf8 */;
CREATE TABLE `rating_details` (
  `id` int(10) unsigned NOT NULL AUTO_INCREMENT,
  `point` int(11) NOT NULL,
  `id_point` int(11) NOT NULL,
  `is_promo` tinyint(4) NOT NULL DEFAULT '0',
  `id_prj` int(11) NOT NULL,
  PRIMARY KEY (`id`)
) ENGINE=InnoDB AUTO_INCREMENT=25 DEFAULT CHARSET=utf8 COLLATE=utf8_unicode_ci;
/*!40101 SET character_set_client = @saved_cs_client */;

--
-- Dumping data for table `rating_details`
--

LOCK TABLES `rating_details` WRITE;
/*!40000 ALTER TABLE `rating_details` DISABLE KEYS */;
INSERT INTO `rating_details` VALUES (9,1,4,1,1),(10,1,5,1,1),(11,1,6,1,1),(12,1,7,1,1),(13,1,8,1,1),(22,1,1,0,2),(23,1,2,0,2),(24,-1,3,0,2);
/*!40000 ALTER TABLE `rating_details` ENABLE KEYS */;
UNLOCK TABLES;

--
-- Table structure for table `region`
--

DROP TABLE IF EXISTS `region`;
/*!40101 SET @saved_cs_client     = @@character_set_client */;
/*!40101 SET character_set_client = utf8 */;
CREATE TABLE `region` (
  `region_id` int(10) unsigned NOT NULL AUTO_INCREMENT,
  `country_id` int(10) unsigned NOT NULL DEFAULT '0',
  `city_id` int(10) unsigned NOT NULL DEFAULT '0',
  `name` varchar(64) NOT NULL DEFAULT '',
  PRIMARY KEY (`region_id`),
  KEY `country_id` (`country_id`),
  KEY `city_id` (`city_id`)
) ENGINE=MyISAM AUTO_INCREMENT=15789406 DEFAULT CHARSET=cp1251;
/*!40101 SET character_set_client = @saved_cs_client */;

--
-- Dumping data for table `region`
--

LOCK TABLES `region` WRITE;
/*!40000 ALTER TABLE `region` DISABLE KEYS */;
INSERT INTO `region` VALUES (4312,3159,0,'Москва и Московская обл.'),(4925,3159,0,'Санкт-Петербург и область'),(1998532,3159,0,'Адыгея'),(3160,3159,0,'Алтайский край'),(3223,3159,0,'Амурская обл.'),(3251,3159,0,'Архангельская обл.'),(3282,3159,0,'Астраханская обл.'),(3296,3159,0,'Башкортостан(Башкирия)'),(3352,3159,0,'Белгородская обл.'),(3371,3159,0,'Брянская обл.'),(3407,3159,0,'Бурятия'),(3437,3159,0,'Владимирская обл.'),(3468,3159,0,'Волгоградская обл.'),(3503,3159,0,'Вологодская обл.'),(3529,3159,0,'Воронежская обл.'),(3630,3159,0,'Дагестан'),(3673,3159,0,'Еврейская обл.'),(3675,3159,0,'Ивановская обл.'),(3703,3159,0,'Иркутская обл.'),(3751,3159,0,'Кабардино-Балкария'),(3761,3159,0,'Калининградская обл.'),(3827,3159,0,'Калмыкия'),(3841,3159,0,'Калужская обл.'),(3872,3159,0,'Камчатская обл.'),(3892,3159,0,'Карелия'),(3921,3159,0,'Кемеровская обл.'),(3952,3159,0,'Кировская обл.'),(3994,3159,0,'Коми'),(4026,3159,0,'Костромская обл.'),(4052,3159,0,'Краснодарский край'),(4105,3159,0,'Красноярский край'),(4176,3159,0,'Курганская обл.'),(4198,3159,0,'Курская обл.'),(4227,3159,0,'Липецкая обл.'),(4243,3159,0,'Магаданская обл.'),(4270,3159,0,'Марий Эл'),(4287,3159,0,'Мордовия'),(4481,3159,0,'Мурманская обл.'),(3563,3159,0,'Нижегородская (Горьковская)'),(4503,3159,0,'Новгородская обл.'),(4528,3159,0,'Новосибирская обл.'),(4561,3159,0,'Омская обл.'),(4593,3159,0,'Оренбургская обл.'),(4633,3159,0,'Орловская обл.'),(4657,3159,0,'Пензенская обл.'),(4689,3159,0,'Пермская обл.'),(4734,3159,0,'Приморский край'),(4773,3159,0,'Псковская обл.'),(4800,3159,0,'Ростовская обл.'),(4861,3159,0,'Рязанская обл.'),(4891,3159,0,'Самарская обл.'),(4969,3159,0,'Саратовская обл.'),(5011,3159,0,'Саха (Якутия)'),(5052,3159,0,'Сахалин'),(5080,3159,0,'Свердловская обл.'),(5151,3159,0,'Северная Осетия'),(5161,3159,0,'Смоленская обл.'),(5191,3159,0,'Ставропольский край'),(5225,3159,0,'Тамбовская обл.'),(5246,3159,0,'Татарстан'),(3784,3159,0,'Тверская обл.'),(5291,3159,0,'Томская обл.'),(5312,3159,0,'Тува (Тувинская Респ.)'),(5326,3159,0,'Тульская обл.'),(5356,3159,0,'Тюменская обл.'),(5404,3159,0,'Удмуртия'),(5432,3159,0,'Ульяновская обл.'),(5458,3159,0,'Уральская обл.'),(5473,3159,0,'Хабаровский край'),(2316497,3159,0,'Хакасия'),(2499002,3159,0,'Ханты-Мансийский АО'),(5507,3159,0,'Челябинская обл.'),(5543,3159,0,'Чечено-Ингушетия'),(5555,3159,0,'Читинская обл.'),(5600,3159,0,'Чувашия'),(2415585,3159,0,'Чукотский АО'),(5019394,3159,0,'Ямало-Ненецкий АО'),(5625,3159,0,'Ярославская обл.'),(5,4,0,'Виктория'),(16,4,0,'Западная Австралия'),(23,4,0,'Кинсленд'),(35,4,0,'Новый Южный Уэльс'),(51,4,0,'Северная Территория'),(54,4,0,'Тасмания'),(58,4,0,'Территория Федеральной столицы'),(60,4,0,'Южная Австралия'),(277659,63,0,'Австрия'),(64,63,0,'Вена'),(66,63,0,'Верхняя Австрия'),(70,63,0,'Зальцбург'),(72,63,0,'Каринтия'),(75,63,0,'Нижняя Австрия'),(77,63,0,'Штирия'),(82,81,0,'Азербайджан'),(164,81,0,'Нагорный Карабах'),(167,81,0,'Нахичеванская обл.'),(174,173,0,'Anguilla'),(178,177,0,'Буэнос-Айрес'),(194,177,0,'Жужуй'),(196,177,0,'Катамарка'),(198,177,0,'Кордоба'),(204,177,0,'Корриентес'),(207,177,0,'Ла-Пампа'),(210,177,0,'Ла-Риоха'),(212,177,0,'Мендоса'),(215,177,0,'Мисьонес'),(217,177,0,'Неукен'),(219,177,0,'Сальта'),(221,177,0,'Сан-Луис'),(223,177,0,'Сан-Хуан'),(225,177,0,'Санта-Крус'),(227,177,0,'Санта-Фе'),(230,177,0,'Сантьяго-дель-Эстеро'),(232,177,0,'Тукуман'),(234,177,0,'Формоса'),(236,177,0,'Чако'),(239,177,0,'Чубут'),(241,177,0,'Энтре-Риос'),(277654,245,0,'Армения'),(246,245,0,'Ереванская область'),(7716133,7716093,0,'Арулько'),(249,248,0,'Брестская обл.'),(272,248,0,'Витебская обл.'),(304,248,0,'Гомельская обл.'),(330,248,0,'Гродненская обл.'),(349,248,0,'Минская обл.'),(377,248,0,'Могилевская обл.'),(402,401,0,'Belize'),(405,404,0,'Антверпен'),(277662,404,0,'Бельгия'),(408,404,0,'Брюссель'),(410,404,0,'Восточная Фландрия'),(413,404,0,'Западная Фландрия'),(417,404,0,'Лимбург'),(419,404,0,'Льеж'),(422,404,0,'Эно'),(426,425,0,'Hamilton'),(277660,428,0,'Болгария'),(429,428,0,'Бургас'),(431,428,0,'Варна'),(433,428,0,'Великотырново'),(436,428,0,'Видин'),(438,428,0,'Габрово'),(440,428,0,'Пазарджик'),(442,428,0,'Перник'),(444,428,0,'Плевен'),(446,428,0,'Пловдив'),(449,428,0,'Русе'),(451,428,0,'Силистра'),(453,428,0,'Сливен'),(455,428,0,'София град'),(457,428,0,'Стара Загора'),(460,428,0,'Хасково'),(463,428,0,'Шумен'),(465,428,0,'Ямбол'),(468,467,0,'Акри'),(470,467,0,'Алагоас'),(473,467,0,'Амазонас'),(475,467,0,'Амапа'),(477,467,0,'Баия'),(490,467,0,'Гояс'),(493,467,0,'Мараньян'),(497,467,0,'Мату-Гросу'),(499,467,0,'Мату-Гросу-ду-Сул'),(503,467,0,'Минас-Жерайс'),(521,467,0,'Пара'),(524,467,0,'Параиба'),(527,467,0,'Парана'),(533,467,0,'Пернамбуку'),(539,467,0,'Пиауи'),(542,467,0,'Рио-де-Жанейро'),(550,467,0,'Риу-Гранди-ду-Норти'),(554,467,0,'Риу-Гранди-ду-Сул'),(568,467,0,'Рондония'),(570,467,0,'Сан-Паулу'),(595,467,0,'Санта-Катарина'),(603,467,0,'Сеара'),(609,467,0,'Сержипи'),(611,467,0,'Федеральный округ'),(613,467,0,'Эспириту-Санту'),(617,616,0,'Англия'),(277657,616,0,'Великобритания'),(881,616,0,'Северная Ирландия'),(889,616,0,'Уэльс'),(899,616,0,'Шотландия'),(925,924,0,'Jasz-Nagykun-Szolnok'),(928,924,0,'Баранья'),(930,924,0,'Бач-Кишкун'),(934,924,0,'Бекеш'),(936,924,0,'Боршод-Абауй-Земплен'),(939,924,0,'Будапешт'),(941,924,0,'Ваш'),(943,924,0,'Веспрем'),(945,924,0,'Дьёр-Шопрон'),(947,924,0,'Зала'),(950,924,0,'Комаром'),(952,924,0,'Ноград'),(954,924,0,'Пешт'),(956,924,0,'Сабольч-Сатмар'),(958,924,0,'Фейер'),(961,924,0,'Хайду-Бихар'),(964,924,0,'Хевеш'),(967,924,0,'Чонград'),(972,971,0,'Dong Bang Song Cuu Long'),(975,971,0,'Dong Bang Song Hong'),(979,971,0,'Dong Nam'),(982,971,0,'Duyen Hai Mien Trung'),(987,971,0,'Khu Bon'),(990,971,0,'Mien Nui Va Trung'),(992,971,0,'Thai Nguyen'),(995,994,0,'Artibonite'),(997,994,0,'Grand`Anse'),(999,994,0,'Nord-Ouest'),(1001,994,0,'Ouest'),(1003,994,0,'Sud'),(1005,994,0,'Sud-Est'),(1008,1007,0,'Grande-Terre'),(1010,1007,0,'Бас-Тер'),(1013,1012,0,'Berlin'),(1015,1012,0,'Brandenburg'),(1020,1012,0,'Mecklenburg-Vorpommern'),(1028,1012,0,'Sachsen'),(1043,1012,0,'Sachsen-Anhalt'),(1053,1012,0,'Thuringen'),(1064,1012,0,'Бавария'),(1083,1012,0,'Баден-Вюртемберг'),(1103,1012,0,'Бремен'),(1106,1012,0,'Гамбург'),(277663,1012,0,'Германия'),(1108,1012,0,'Гессен'),(1120,1012,0,'Нижняя Саксония'),(1137,1012,0,'Рейнланд-Пфальц'),(3024114,1012,0,'Саарлэнд'),(1149,1012,0,'Саарская область'),(1152,1012,0,'Северный Рейн-Вестфалия'),(1201,1012,0,'Шлезвиг-Гольштейн'),(1207,1206,0,'Гелдерланд'),(1213,1206,0,'Гронинген'),(1215,1206,0,'Дренте'),(1217,1206,0,'Лимбург'),(1222,1206,0,'Оверэйсел'),(1227,1206,0,'Северная Голландия'),(1235,1206,0,'Северный Брабант'),(1240,1206,0,'Утрехт'),(1244,1206,0,'Фрисландия'),(1246,1206,0,'Южная Голландия'),(2567441,2567393,0,'Тегусигальпа'),(277558,277557,0,'Гонконг'),(1259,1258,0,'Ahaia'),(1261,1258,0,'Attiki'),(1264,1258,0,'Drama'),(1266,1258,0,'Evros'),(1268,1258,0,'Hania'),(1270,1258,0,'Ioannina'),(1272,1258,0,'Iraklion'),(1274,1258,0,'Kavala'),(1276,1258,0,'Magnisia'),(1278,1258,0,'Thessaloniki'),(6128641,1258,0,'Корфу'),(1281,1280,0,'Абхазия'),(1292,1280,0,'Аджария'),(1296,1280,0,'Грузия'),(1363,1280,0,'Южная Осетия'),(1367,1366,0,'Baйле'),(1369,1366,0,'Ceверная Ютландия'),(1371,1366,0,'Opxyс'),(1374,1366,0,'Pocкилле'),(1376,1366,0,'Pибе'),(2331485,1366,0,'Копенгаген'),(1378,1366,0,'Фюн'),(2077237,1366,0,'Хельсингор'),(2578001,2577958,0,'Санто-доминго'),(1381,1380,0,'Аль-Кахира'),(1383,1380,0,'Асуан'),(1385,1380,0,'Асьют'),(1387,1380,0,'Бени-Суэйф'),(1389,1380,0,'Гарбия'),(1391,1380,0,'Думьят'),(277674,1380,0,'Египет'),(3409961,1380,0,'Синай'),(1449,1393,0,'Иерусалим'),(1440,1393,0,'Тель-Авив'),(1394,1393,0,'Хадаром'),(1403,1393,0,'Хамеркац'),(1416,1393,0,'Хацафон'),(1429,1393,0,'Хефа'),(1452,1451,0,'Bangla'),(1468,1451,0,'Chhattisgarh'),(1473,1451,0,'Karnataka'),(1488,1451,0,'Uttaranchal'),(1491,1451,0,'Андхра-Прадеш'),(1509,1451,0,'Ассам'),(1512,1451,0,'Бихар'),(1521,1451,0,'Гуджарат'),(1539,1451,0,'Джамму и Кашмир'),(277673,1451,0,'Индия'),(1545,1451,0,'Керала'),(1548,1451,0,'Мадхья-Прадеш'),(1561,1451,0,'Манипур'),(1563,1451,0,'Махараштра'),(1586,1451,0,'Мегхалая'),(1588,1451,0,'Орисса'),(1591,1451,0,'Пенджаб'),(1596,1451,0,'Пондишери'),(1598,1451,0,'Раджастхан'),(1612,1451,0,'Тамилнад'),(1629,1451,0,'Трипура'),(1631,1451,0,'Уттар-Прадеш'),(1656,1451,0,'Харьяна'),(1661,1451,0,'Чандигарх'),(277560,277559,0,'Индонезия'),(277562,277561,0,'Иордания'),(3410574,3410238,0,'Багдад'),(3410602,3410238,0,'Басра'),(3410645,3410238,0,'Мосул'),(1664,1663,0,'Azarbayjan-e Khavari'),(1667,1663,0,'Esfahan'),(1669,1663,0,'Hamadan'),(1671,1663,0,'Kordestan'),(1673,1663,0,'Markazi'),(1675,1663,0,'Sistan-e Baluches'),(1677,1663,0,'Yazd'),(1679,1663,0,'Керман'),(1681,1663,0,'Керманшахан'),(1683,1663,0,'Мазендеран'),(1686,1663,0,'Тегеран'),(1688,1663,0,'Фарс'),(1691,1663,0,'Хорасан'),(1693,1663,0,'Хузистан'),(1697,1696,0,'Cork'),(1699,1696,0,'Dublin'),(1702,1696,0,'Limerick'),(1704,1696,0,'Waterford'),(1708,1707,0,'Cantabria'),(1710,1707,0,'Ceuta'),(4093580,1707,0,'Gerona'),(1712,1707,0,'Granada'),(1714,1707,0,'La Rioja'),(1716,1707,0,'Salamanca'),(1718,1707,0,'Алава'),(1720,1707,0,'Аликанте'),(1724,1707,0,'Альбасете'),(1726,1707,0,'Альмерия'),(1728,1707,0,'Астурия'),(1731,1707,0,'Барселона'),(1738,1707,0,'Бискайя'),(1740,1707,0,'Бургос'),(1742,1707,0,'Валенсия'),(1744,1707,0,'Валья­долид'),(277661,1707,0,'Испания'),(1746,1707,0,'Кадис'),(1749,1707,0,'Касерес'),(1753,1707,0,'Кордова'),(1755,1707,0,'Лас-Пальмас'),(1757,1707,0,'Леон'),(1759,1707,0,'Лерида'),(1761,1707,0,'Луго'),(1763,1707,0,'Мадрид'),(1765,1707,0,'Малага'),(1767,1707,0,'Мурсия'),(1769,1707,0,'Острова Балеарские'),(1771,1707,0,'Паленсия'),(1774,1707,0,'Самора'),(1776,1707,0,'Санта-Крус-де-Тенерифе'),(1778,1707,0,'Сарагоса'),(1780,1707,0,'Севилья'),(1782,1707,0,'Сьюдад-Реаль'),(1784,1707,0,'Хаэн'),(1787,1786,0,'Абруцци'),(1789,1786,0,'Апулия'),(1802,1786,0,'Венеция'),(277668,1786,0,'Италия'),(1806,1786,0,'Калабрия'),(1810,1786,0,'Кампания'),(1819,1786,0,'Лацио'),(1821,1786,0,'Лигурия'),(1826,1786,0,'Ломбардия'),(1838,1786,0,'Марке'),(1841,1786,0,'О. Сардиния'),(1844,1786,0,'О. Сицилия'),(1858,1786,0,'Пьемонт'),(1864,1786,0,'Тоскана'),(1876,1786,0,'Трентино-Альто-Адидже'),(1879,1786,0,'Умбрия'),(1882,1786,0,'Фриули-Венеция-Джулия'),(1885,1786,0,'Эмилия-Романья'),(2416357,1786,0,'о. Сан-Джорджо Маджоре'),(2564700,1894,0,'Акмолинская обл.'),(1895,1894,0,'Актюбинская обл.'),(1911,1894,0,'Алма-Атинская обл.'),(1924,1894,0,'Восточно-Казахстанская обл.'),(1942,1894,0,'Гурьевская обл.'),(1954,1894,0,'Джамбулская обл.'),(1974,1894,0,'Джезказганская обл.'),(1934356,1894,0,'Западно-Казахстанская обл.'),(277655,1894,0,'Казахстан'),(1994,1894,0,'Карагандинская обл.'),(2010,1894,0,'Кзыл-Ординская обл.'),(2021,1894,0,'Кокчетавская обл.'),(2040,1894,0,'Кустанайская обл.'),(2055,1894,0,'Мангышлакская обл.'),(2061,1894,0,'Павлодарская обл.'),(2074,1894,0,'Северо-Казахстанская обл.'),(2084,1894,0,'Семипалатинская обл.'),(2105,1894,0,'Талды-Курганская обл.'),(2120,1894,0,'Тургайская обл.'),(2128,1894,0,'Целиноградская обл.'),(2146,1894,0,'Чимкентская обл.'),(2164,2163,0,'Littoral'),(2166,2163,0,'Sudouest'),(2168,2163,0,'Северная'),(2170,2163,0,'Центральная'),(2173,2172,0,'Альберта'),(2181,2172,0,'Британская Колумбия'),(2201,2172,0,'Квебек'),(2229,2172,0,'Манитоба'),(2232,2172,0,'Новая Шотландия'),(2235,2172,0,'Нью-Брунсвик'),(2239,2172,0,'Ньюфаундленд'),(2242,2172,0,'Онтарио'),(2291,2172,0,'Принц Эдуард'),(2293,2172,0,'Саскачеван'),(11564803,582029,0,'Багамы'),(2298,2297,0,'Government controlled area'),(2300,2297,0,'Turkish controlled area'),(2304,2303,0,'Иссык-Кульская обл.'),(2316,2303,0,'Кыргызстан'),(2327,2303,0,'Нарынская обл.'),(2340,2303,0,'Ошская обл.'),(2365,2303,0,'Таласская обл.'),(2375,2374,0,'Xinjiang'),(2379,2374,0,'Внутренняя Монголия'),(2382,2374,0,'Ганьсу'),(4691804,2374,0,'Гуандон'),(2386,2374,0,'Гуанси'),(2388,2374,0,'Ляонин'),(3331120,2374,0,'Пекин'),(2393,2374,0,'Сычуань'),(2396,2374,0,'Фуцзянь'),(2398,2374,0,'Хубэй'),(2401,2374,0,'Хунань'),(2404,2374,0,'Хэбэй'),(2406,2374,0,'Хэйлунцзян'),(2408,2374,0,'Хэнань'),(2411,2374,0,'Цзилинь'),(2414,2374,0,'Цзянси'),(2416,2374,0,'Цзянсу'),(2419,2374,0,'Чжэцзян'),(2424,2374,0,'Шанхай'),(2426,2374,0,'Шаньдун'),(2428,2374,0,'Шаньси'),(6453632,582040,0,'Korea'),(11566007,582040,0,'Южная Корея'),(2431,2430,0,'Alajuela'),(2433,2430,0,'Guanacaste'),(2435,2430,0,'Heredia'),(2437,2430,0,'Limon'),(2439,2430,0,'Puntarenas'),(2441,2430,0,'San Jose'),(2483267,582077,0,'Гавана'),(2444,2443,0,'al-Jahra'),(2446,2443,0,'al-Kuwayt'),(2449,2448,0,'Латвия'),(2505921,2505884,0,'Бейрут'),(2494137,582060,0,'Бейрут'),(2510,2509,0,'Tarabulus'),(2512,2509,0,'Бенгази'),(2515,2514,0,'Литва'),(2615,2614,0,'Люксембург'),(3663676,582041,0,'Скопье'),(277564,277563,0,'Малайзия'),(6460443,582043,0,'Мальта'),(2618,2617,0,'Агуаскальентес'),(2620,2617,0,'Веракрус'),(2639,2617,0,'Герреро'),(2646,2617,0,'Гуанахуато'),(2656,2617,0,'Дуранго'),(2661,2617,0,'Идальго'),(2666,2617,0,'Кампече'),(2670,2617,0,'Керетаро'),(2668,2617,0,'Керетаро'),(2672,2617,0,'Коауила'),(2679,2617,0,'Колима'),(2683,2617,0,'Мехико'),(2690,2617,0,'Мичоакан'),(2700,2617,0,'Морелос'),(2704,2617,0,'Наярит'),(2709,2617,0,'Нижняя Калифорния'),(2713,2617,0,'Нуэво-Леон'),(2717,2617,0,'Оахака'),(2725,2617,0,'Пуэбла'),(2730,2617,0,'Сакатекас'),(2735,2617,0,'Сан-Луис-Потоси'),(2741,2617,0,'Синалоа'),(2746,2617,0,'Сонора'),(2755,2617,0,'Табаско'),(2759,2617,0,'Тамаулипас'),(2766,2617,0,'Федеральный округ'),(2768,2617,0,'Халиско'),(2778,2617,0,'Чиуауа'),(2780,2617,0,'Чьяпас'),(2786,2617,0,'Юкатан'),(6128697,582082,0,'Мозамбик'),(2789,2788,0,'Молдова'),(2834,2833,0,'Монако'),(2687732,2687701,0,'Улан-батор'),(4042477,582065,0,'Морокко'),(4119771,582065,0,'Танжер'),(277552,277551,0,'Нидерланды'),(2838,2837,0,'Auckland'),(2841,2837,0,'Bay of Plenty'),(2844,2837,0,'Canterbury'),(2847,2837,0,'Gisborne'),(2849,2837,0,'Hawke`s Bay'),(2852,2837,0,'Manawatu-Wanganui'),(2855,2837,0,'Marlborough'),(2857,2837,0,'Nelson'),(2859,2837,0,'Northland'),(2861,2837,0,'Otago'),(2863,2837,0,'Southland'),(2866,2837,0,'Taranaki'),(2869,2837,0,'Tasman'),(2871,2837,0,'Waikato'),(2874,2837,0,'Wellington'),(2878,2837,0,'West Coast'),(2881,2880,0,'Бускеруд'),(2883,2880,0,'Вестагдер'),(1924623,2880,0,'Нордланд'),(2885,2880,0,'Нурлан'),(2887,2880,0,'Осло'),(2577870,2880,0,'Ромсдал'),(2889,2880,0,'Ругаланн'),(2891,2880,0,'Сёр-Трённелаг'),(2893,2880,0,'Телемарк'),(2895,2880,0,'Хуралан'),(2316780,582051,0,'Дубаи'),(1930798,582105,0,'Остров Мэн'),(7593366,582044,0,'Пакистан'),(5556213,582046,0,'Перу'),(2898,2897,0,'Dolnoslaskie'),(2919,2897,0,'Kujawsko-Pomorskie'),(2929,2897,0,'Lubuskie'),(2937,2897,0,'Malopolskie'),(2958,2897,0,'Mazowieckie'),(2983,2897,0,'Podkarpackie'),(2994,2897,0,'Podlaskie'),(3003,2897,0,'Pomorskie'),(3018,2897,0,'Slaskie'),(3049,2897,0,'Swietokrzyskie'),(3056,2897,0,'Warminsko-Mazurskie'),(3068,2897,0,'Wielkopolskie'),(3090,2897,0,'Zachodnio-Pomorskie'),(3101,2897,0,'Лодзинское'),(3118,2897,0,'Люблинское'),(3133,2897,0,'Опольское'),(277664,2897,0,'Польша'),(3142,3141,0,'Centro'),(3144,3141,0,'O-ва Мадейра'),(3146,3141,0,'Лисабон'),(3150,3141,0,'Орта'),(2284951,3141,0,'Фаро'),(3157,3156,0,'Saint-Denis'),(277556,277555,0,'Румыния'),(5682,5681,0,'Айдахо'),(5694,5681,0,'Айова'),(5752,5681,0,'Алабама'),(5924,5681,0,'Аляска'),(5927,5681,0,'Аризона'),(5983,5681,0,'Арканзас'),(6098,5681,0,'Вайоминг'),(6103,5681,0,'Вашингтон'),(6167,5681,0,'Вермонт'),(6176,5681,0,'Виргиния'),(6242,5681,0,'Висконсин'),(6266,5681,0,'Гаваи'),(6280,5681,0,'Делавар'),(6291,5681,0,'Джорджия'),(6352,5681,0,'Западная Виргиния'),(6367,5681,0,'Иллинойс'),(6520,5681,0,'Индиана'),(6591,5681,0,'Калифорния'),(6864,5681,0,'Канзас'),(6917,5681,0,'Кентукки'),(6973,5681,0,'Колорадо'),(7015,5681,0,'Коннектикут'),(7055,5681,0,'Луизиана'),(7120,5681,0,'Массачусетс'),(7228,5681,0,'Миннесота'),(7288,5681,0,'Миссисипи'),(7411,5681,0,'Миссури'),(7493,5681,0,'Мичиган'),(7598,5681,0,'Монтана'),(7613,5681,0,'Мэн'),(7641,5681,0,'Мэриленд'),(7691,5681,0,'Небраска'),(7714,5681,0,'Невада'),(7733,5681,0,'Нью-Гэмпшир'),(7744,5681,0,'Нью-Джерси'),(7859,5681,0,'Нью-Йорк'),(8089,5681,0,'Нью-Мексико'),(8145,5681,0,'Огайо'),(8439,5681,0,'Оклахома'),(8483,5681,0,'Орегон'),(8516,5681,0,'Пенсильвания'),(8751,5681,0,'Род-Айленд'),(277672,5681,0,'США'),(8760,5681,0,'Северная Дакота'),(8768,5681,0,'Северная Каролина'),(8856,5681,0,'Теннесси'),(9047,5681,0,'Техас'),(9185,5681,0,'Флорида'),(9477,5681,0,'Южная Дакота'),(9489,5681,0,'Южная Каролина'),(9515,5681,0,'Юта'),(8479,5681,0,'окр.Колумбия'),(5648,5647,0,'Ahuachapan'),(5650,5647,0,'Cuscatlan'),(5652,5647,0,'La Libertad'),(5654,5647,0,'La Paz'),(5656,5647,0,'La Union'),(5658,5647,0,'San Miguel'),(5660,5647,0,'San Salvador'),(5662,5647,0,'Santa Ana'),(5664,5647,0,'Sonsonate'),(277566,277565,0,'Сингапур'),(1923301,582067,0,'Дамаск'),(5667,5666,0,'Trnavsky'),(5669,5666,0,'Братислава'),(5671,5666,0,'Жилина'),(5674,5673,0,'Osrednjeslovenska'),(5676,5673,0,'Podravska'),(277671,5673,0,'Словения'),(5679,5678,0,'Paramaribo'),(9576,9575,0,'Горно-Бадахшанская обл.'),(9589,9575,0,'Кулябская обл.'),(9596,9575,0,'Курган-Тюбинская обл.'),(9605,9575,0,'Согдийская обл.'),(9627,9575,0,'Таджикистан'),(277568,277567,0,'Тайвань'),(6128546,582050,0,'Тайланд'),(5640862,582090,0,'Tunisia'),(9639,9638,0,'Ашхабадская обл.'),(9653,9638,0,'Красноводская обл.'),(9670,9638,0,'Марыйская обл.'),(9682,9638,0,'Ташаузская обл.'),(9685,9638,0,'Чарджоуская обл.'),(277570,277569,0,'Туркмения'),(9702,9701,0,'Grand Turk'),(9706,9705,0,'Bartin'),(9708,9705,0,'Bayburt'),(9710,9705,0,'Karabuk'),(9712,9705,0,'Адана'),(9714,9705,0,'Айдын'),(9716,9705,0,'Амасья'),(9718,9705,0,'Анкара'),(9720,9705,0,'Анталья'),(9722,9705,0,'Артвин'),(9724,9705,0,'Афьон'),(9726,9705,0,'Балыкесир'),(9728,9705,0,'Биледжик'),(9730,9705,0,'Бурса'),(9732,9705,0,'Газиантеп'),(9734,9705,0,'Денизли'),(9736,9705,0,'Измир'),(9738,9705,0,'Испарта'),(9740,9705,0,'Ичель'),(9742,9705,0,'Кайсери'),(9744,9705,0,'Карс'),(9746,9705,0,'Коджаэли'),(9749,9705,0,'Конья'),(9751,9705,0,'Кыркларели'),(9753,9705,0,'Кютахья'),(9755,9705,0,'Малатья'),(9757,9705,0,'Маниса'),(9759,9705,0,'Сакарья'),(9761,9705,0,'Самсун'),(9763,9705,0,'Сивас'),(9765,9705,0,'Стамбул'),(9767,9705,0,'Трабзон'),(9770,9705,0,'Чорум'),(9772,9705,0,'Эдирне'),(9774,9705,0,'Элязыг'),(9776,9705,0,'Эрзинджан'),(9778,9705,0,'Эрзурум'),(9780,9705,0,'Эскишехир'),(9783,9782,0,'Jinja'),(9785,9782,0,'Kampala'),(9788,9787,0,'Андижанская обл.'),(9796,9787,0,'Бухарская обл.'),(9806,9787,0,'Джизакская обл.'),(9813,9787,0,'Каракалпакия'),(9825,9787,0,'Кашкадарьинская обл.'),(9832,9787,0,'Навоийская обл.'),(9836,9787,0,'Наманганская обл.'),(9844,9787,0,'Самаркандская обл.'),(9851,9787,0,'Сурхандарьинская обл.'),(9859,9787,0,'Сырдарьинская обл.'),(9869,9787,0,'Ташкентская обл.'),(9892,9787,0,'Ферганская обл.'),(9905,9787,0,'Хорезмская обл.'),(9909,9908,0,'Винницкая обл.'),(9943,9908,0,'Волынская обл.'),(9964,9908,0,'Днепропетровская обл.'),(10002,9908,0,'Донецкая обл.'),(10061,9908,0,'Житомирская обл.'),(10094,9908,0,'Закарпатская обл.'),(10111,9908,0,'Запорожская обл.'),(10133,9908,0,'Ивано-Франковская обл.'),(10165,9908,0,'Киевская обл.'),(10201,9908,0,'Кировоградская обл.'),(10227,9908,0,'Крымская обл.'),(10259,9908,0,'Луганская обл.'),(10318,9908,0,'Львовская обл.'),(10354,9908,0,'Николаевская обл.'),(10373,9908,0,'Одесская обл.'),(10407,9908,0,'Полтавская обл.'),(10437,9908,0,'Ровенская обл.'),(10455,9908,0,'Сумская обл.'),(10480,9908,0,'Тернопольская обл.'),(277656,9908,0,'Украина'),(10504,9908,0,'Харьковская обл.'),(10535,9908,0,'Херсонская обл.'),(10559,9908,0,'Хмельницкая обл.'),(10583,9908,0,'Черкасская обл.'),(10607,9908,0,'Черниговская обл.'),(10633,9908,0,'Черновицкая обл.'),(10649,10648,0,'Etela-Karjala'),(2713529,10648,0,'Kouvola'),(10651,10648,0,'Paijat-Hame'),(10653,10648,0,'Pohjanmaa'),(5640357,10648,0,'Pohjois-Karjala'),(10655,10648,0,'Pohjois-Pohjanmaa'),(10657,10648,0,'Pohjois-Savo'),(10659,10648,0,'Satakunta'),(10661,10648,0,'Varsinais-Suomi'),(10663,10648,0,'Кески-Суоми'),(10665,10648,0,'Усима'),(277667,10648,0,'Финляндия'),(10669,10668,0,'Cotes-d`Armor'),(10671,10668,0,'Алье'),(10673,10668,0,'Альпы Верхние'),(10675,10668,0,'Альпы Приморские'),(10679,10668,0,'Арденны'),(10681,10668,0,'Бельфор'),(10683,10668,0,'Буш-дю-Рон'),(10686,10668,0,'Валь-д` Уаз'),(10688,10668,0,'Валь-де-Марн'),(10699,10668,0,'Вар'),(10702,10668,0,'Вогезы'),(10704,10668,0,'Воклюз'),(10706,10668,0,'Вьенна'),(10708,10668,0,'Вьенна Верхняя'),(10710,10668,0,'Гар'),(10712,10668,0,'Гаронна Верхняя'),(10714,10668,0,'Дё-Севр'),(10716,10668,0,'Дром'),(10719,10668,0,'Ду'),(10721,10668,0,'Жиронда'),(10723,10668,0,'Ивелин'),(10725,10668,0,'Иль и Виден'),(10728,10668,0,'Коррез'),(10730,10668,0,'Корсика Верхняя'),(10732,10668,0,'Корсика Южная'),(10734,10668,0,'Кот-д`Ор'),(10736,10668,0,'Ланды'),(10738,10668,0,'Ло и Гаронна'),(10740,10668,0,'Лозер'),(10742,10668,0,'Луар и Шер'),(10744,10668,0,'Луара'),(10747,10668,0,'Луара Атлантическая'),(10750,10668,0,'Луара Верхняя'),(10752,10668,0,'Луаре'),(10762,10668,0,'Мёрт и Мозель'),(10754,10668,0,'Майенн'),(10756,10668,0,'Марна'),(10759,10668,0,'Мен и Луара'),(10764,10668,0,'Мозель'),(10766,10668,0,'Морбиан'),(10768,10668,0,'Нор'),(10774,10668,0,'Ньевр'),(10776,10668,0,'О-де-Сен'),(10794,10668,0,'Об'),(10796,10668,0,'Од'),(10798,10668,0,'Орн'),(10800,10668,0,'Па-де-Кале'),(10804,10668,0,'Париж'),(10806,10668,0,'Пиренеи Атлантические'),(10809,10668,0,'Пиренеи Верхние'),(10811,10668,0,'Пиренеи Восточные'),(10813,10668,0,'Рейн Верхний'),(10817,10668,0,'Рейн Нижний'),(10819,10668,0,'Рона'),(10823,10668,0,'Савойя'),(10825,10668,0,'Савойя Верхняя'),(10827,10668,0,'Сарта'),(10829,10668,0,'Сен-Сен-Дени'),(10841,10668,0,'Сена Приморская'),(10844,10668,0,'Сомма'),(10846,10668,0,'Сона и Луара'),(10849,10668,0,'Тарн'),(10851,10668,0,'Уаза'),(10853,10668,0,'Финистер'),(277669,10668,0,'Франция'),(10856,10668,0,'Шаранта'),(10858,10668,0,'Шаранта Приморская'),(10860,10668,0,'Шер'),(10862,10668,0,'Эна'),(10864,10668,0,'Эндр'),(10866,10668,0,'Эндр и Луара'),(10868,10668,0,'Эр'),(10870,10668,0,'Эро'),(10872,10668,0,'Эссонн'),(277554,277553,0,'Хорватия'),(10875,10874,0,'Jihochesky'),(10877,10874,0,'Jihomoravsky'),(10879,10874,0,'Karlovarsky'),(10881,10874,0,'Kralovehradecky'),(10883,10874,0,'Liberecky'),(10886,10874,0,'Moravskoslezsky'),(10892,10874,0,'Olomoucky'),(10896,10874,0,'Stredochesky'),(10898,10874,0,'Ustecky'),(277670,10874,0,'Чехия'),(2412885,582031,0,'Сантьяго'),(10905,10904,0,'Аргау'),(10908,10904,0,'Базель-Штадт'),(10910,10904,0,'Берн'),(10914,10904,0,'Во'),(10916,10904,0,'Женева'),(10918,10904,0,'Золотурн'),(10920,10904,0,'Люцерн'),(10922,10904,0,'Невшатель'),(10925,10904,0,'Тичино'),(10927,10904,0,'Фрибур'),(10930,10904,0,'Цюрих'),(277666,10904,0,'Швейцария'),(10934,10933,0,'Skine'),(10938,10933,0,'Vastra Gotaland'),(10942,10933,0,'Вермланд'),(10944,10933,0,'Вестерботтен'),(10946,10933,0,'Вестернорланд'),(10948,10933,0,'Вестманланд'),(10950,10933,0,'Евлеборг'),(10952,10933,0,'Емтланд'),(10954,10933,0,'Йёнчёпинг'),(4778004,10933,0,'Норрботтен'),(10956,10933,0,'Сёдерманланд'),(10958,10933,0,'Стокгольм'),(10962,10933,0,'Упсала'),(10964,10933,0,'Халланд'),(277665,10933,0,'Швеция'),(10966,10933,0,'Эстерйетланд'),(7719907,582064,0,'Пичинча'),(10969,10968,0,'Эстония'),(3661590,3661568,0,'Йоханесбург'),(11003,11002,0,'Воеводина'),(11008,11002,0,'Косово'),(11010,11002,0,'Сербия'),(277658,11002,0,'Югославия'),(11015,11014,0,'Cheju'),(11017,11014,0,'Chollabuk'),(11020,11014,0,'Chollanam'),(11024,11014,0,'Chungcheongbuk'),(11027,11014,0,'Chungcheongnam'),(11029,11014,0,'Incheon'),(11031,11014,0,'Kangweon'),(11035,11014,0,'Kwangju'),(11037,11014,0,'Kyeonggi'),(11040,11014,0,'Kyeongsangbuk'),(11045,11014,0,'Kyeongsangnam'),(11050,11014,0,'Pusan'),(11052,11014,0,'Seoul'),(11054,11014,0,'Taegu'),(11056,11014,0,'Taejeon'),(11058,11014,0,'Ulsan'),(15789405,582106,0,'Ямайка'),(11061,11060,0,'Айти'),(11068,11060,0,'Акита'),(11074,11060,0,'Аомори'),(11080,11060,0,'Вакаяма'),(11083,11060,0,'Гифу'),(11088,11060,0,'Гумма'),(11094,11060,0,'Ибараки'),(11102,11060,0,'Ивате'),(11108,11060,0,'Исикава'),(11113,11060,0,'Кагава'),(11116,11060,0,'Кагосима'),(11121,11060,0,'Канагава'),(11133,11060,0,'Киото'),(11139,11060,0,'Коти'),(11142,11060,0,'Кумамото'),(11146,11060,0,'Миэ'),(11151,11060,0,'Мияги'),(11155,11060,0,'Миядзаки'),(11162,11060,0,'Нагано'),(11168,11060,0,'Нагасаки'),(11173,11060,0,'Нара'),(11178,11060,0,'Ниигата'),(11185,11060,0,'Окаяма'),(11189,11060,0,'Окинава'),(11192,11060,0,'Осака'),(11209,11060,0,'Сага'),(11215,11060,0,'Сайтама'),(11227,11060,0,'Сига'),(11230,11060,0,'Сидзуока'),(11233,11060,0,'Симане'),(11248,11060,0,'Тиба'),(11261,11060,0,'Токио'),(11270,11060,0,'Токусима'),(11273,11060,0,'Тотиги'),(11279,11060,0,'Тоттори'),(11283,11060,0,'Тояма'),(11289,11060,0,'Фукуи'),(11295,11060,0,'Фукуока'),(11304,11060,0,'Фукусима'),(11307,11060,0,'Хиросима'),(11312,11060,0,'Хоккайдо'),(11330,11060,0,'Хпого'),(11340,11060,0,'Эхиме'),(11346,11060,0,'Ямагата'),(11354,11060,0,'Ямагути'),(11363,11060,0,'Яманаси');
/*!40000 ALTER TABLE `region` ENABLE KEYS */;
UNLOCK TABLES;

--
-- Table structure for table `resume`
--

DROP TABLE IF EXISTS `resume`;
/*!40101 SET @saved_cs_client     = @@character_set_client */;
/*!40101 SET character_set_client = utf8 */;
CREATE TABLE `resume` (
  `id` int(11) NOT NULL AUTO_INCREMENT,
  `id_user` int(11) NOT NULL,
  `id_rating` int(11) NOT NULL DEFAULT '0',
  `id_city` int(11) NOT NULL,
  `isman` tinyint(4) NOT NULL DEFAULT '1',
  `birthday` date NOT NULL,
  `height` int(11) NOT NULL DEFAULT '0',
  `size` int(11) NOT NULL DEFAULT '0',
  `work_twd_start` decimal(8,2) NOT NULL DEFAULT '0.00',
  `work_twd_end` decimal(8,2) NOT NULL DEFAULT '0.00',
  `work_twe_start` decimal(8,2) NOT NULL DEFAULT '0.00',
  `work_twe_end` decimal(8,2) NOT NULL DEFAULT '0.00',
  `id_medical` int(11) DEFAULT '0',
  `shool` smallint(6) NOT NULL DEFAULT '0',
  `class` smallint(6) NOT NULL DEFAULT '0',
  `id_universiti` int(11) NOT NULL,
  `education_type` smallint(6) NOT NULL DEFAULT '0',
  `isexpirience` tinyint(4) NOT NULL DEFAULT '0',
  `mech` varchar(100) NOT NULL DEFAULT '0',
  `hpay` decimal(8,2) NOT NULL DEFAULT '0.00',
  `iswinter` tinyint(4) NOT NULL DEFAULT '0',
  `ready_work` varchar(100) NOT NULL,
  `aboutme` text,
  `language` varchar(2) NOT NULL DEFAULT '--',
  `lang_level` smallint(6) NOT NULL DEFAULT '0',
  `phone` varchar(20) NOT NULL,
  `email` varchar(64) NOT NULL,
  `photo` varchar(64) DEFAULT NULL,
  `id_ra` int(11) NOT NULL DEFAULT '0',
  `lastname` varchar(64) NOT NULL,
  `firstname` varchar(64) NOT NULL,
  `surname` varchar(64) NOT NULL,
  `date_public` timestamp NOT NULL DEFAULT CURRENT_TIMESTAMP ON UPDATE CURRENT_TIMESTAMP,
  `avg_rating` int(11) NOT NULL DEFAULT '0',
  PRIMARY KEY (`id`)
) ENGINE=InnoDB AUTO_INCREMENT=19 DEFAULT CHARSET=utf8;
/*!40101 SET character_set_client = @saved_cs_client */;

--
-- Dumping data for table `resume`
--

LOCK TABLES `resume` WRITE;
/*!40000 ALTER TABLE `resume` DISABLE KEYS */;
INSERT INTO `resume` VALUES (5,5,0,10184,1,'1990-06-20',156,4,'9.00','12.30','11.00','15.45',5,0,0,7,2,1,'247','7.45',1,'247','интеллектуальность, быстрая обучаемость, без вредных привычек\". \"Хорошая внешность, самостоятельное принятие решений \".\n\"Обладаю большой работоспособностью, приходилось сидеть за компьютером по трое суток, не вставая\".','fr',6,'096-2008989','boris@mail.ru','20130806145247686.jpg',0,'Муравьев','Мурат','Борисович','2013-09-05 19:55:21',0),(8,6,0,10184,1,'1970-08-20',0,0,'0.00','0.00','0.00','0.00',NULL,0,0,20,1,0,'0','0.00',0,'0','','--',0,'095-200-1010','promo3@mail.ru','1111.jpg',0,'Герасимов','Максим','Юрьевич','2014-01-17 17:21:28',50),(9,7,0,10184,1,'2008-06-20',0,0,'0.00','0.00','0.00','0.00',NULL,0,0,7,0,0,'0','0.00',0,'0',NULL,'--',0,'096-2001010','boris@mail.ru','2222.jpg',0,'Борисенко','Борис','Борисович','2014-01-17 17:22:49',90),(10,8,0,10184,0,'1988-04-20',169,16,'8.00','12.00','15.00','17.00',NULL,0,0,5,1,1,'HS-PC','8.50',0,'AM-AR-BA','высокий коэффициент ICQ','en',5,'099-2001010','ch23@mail.ru','20140207093921776.jpg',0,'Чехова','Анастасия','Павловна','2015-06-11 19:11:39',4),(11,16,0,10184,1,'1978-05-12',0,0,'0.00','0.00','0.00','0.00',0,0,0,21,1,0,'0','0.00',0,'0',NULL,'--',0,'095-2220001','pe@mail.ru','3333.jpg',0,'Titarenko','Olaf','Borisovich','2014-01-17 17:22:06',25),(12,18,0,10184,1,'1970-01-01',181,16,'0.00','0.00','0.00','0.00',6,0,0,24,1,1,'127','25.00',1,'127','ура','en',3,'0992565569','sevabukin@gmail.com','!cs413727.vk.me/v413727693/f/rr10gy8Q28o.jpg',0,'Букин','Северьян','Йосифович','2014-02-06 15:38:10',0),(13,19,0,10184,1,'1999-01-12',0,0,'0.00','0.00','0.00','0.00',0,0,0,25,1,0,'0','0.00',0,'0',NULL,'--',0,'900-1010','vk.mail.ru','!/man.png',0,'vk2','vk2','vk2','2013-11-24 21:22:24',0),(14,20,0,10184,1,'2013-11-08',0,0,'0.00','0.00','0.00','0.00',0,0,0,21,1,0,'0','0.00',0,'0',NULL,'--',0,'800-9002020','vyacheslav.kuzminsky@gmail.com','!/man.png',0,'Alex1','Alex1','Alex1','2013-11-25 07:23:30',0),(15,21,0,10184,1,'2013-11-06',0,0,'0.00','0.00','0.00','0.00',0,0,0,21,1,0,'0','0.00',0,'0',NULL,'--',0,'050-2001010','vyacheslav.kuzminsky@gmail.com','!/man.png',0,'test333','test333','test333','2013-11-25 07:55:23',0),(16,22,0,10184,1,'2013-11-07',0,0,'0.00','0.00','0.00','0.00',0,0,0,21,1,0,'0','0.00',0,'0',NULL,'--',0,'095-2001010','vyacheslav.kuzminsky@gmail.com','!/man.png',0,'Noname','Noname','promo-com','2014-01-17 17:31:03',0),(17,26,0,10184,0,'1970-01-01',0,0,'0.00','0.00','0.00','0.00',0,0,0,21,1,0,'0','0.00',0,'0',NULL,'--',0,'050-9001010','dasha@mail.ru','!cs410319.vk.me/v410319526/a757/BhXUf9pe6ZA.jpg',0,'Кузьминская','Дария','---','2014-01-30 19:11:01',0),(18,27,0,4400,1,'1985-09-01',0,0,'0.00','0.00','0.00','0.00',0,0,0,24,1,0,'0','0.00',0,'0',NULL,'--',0,'0992565569','seva_ua@mail.ru','!/man.png',0,'Сева','Гвазава','Вингольт','2014-03-28 10:28:11',0);
/*!40000 ALTER TABLE `resume` ENABLE KEYS */;
UNLOCK TABLES;

--
-- Table structure for table `university`
--

DROP TABLE IF EXISTS `university`;
/*!40101 SET @saved_cs_client     = @@character_set_client */;
/*!40101 SET character_set_client = utf8 */;
CREATE TABLE `university` (
  `id` int(11) NOT NULL AUTO_INCREMENT,
  `name` varchar(160) NOT NULL,
  `ishide` tinyint(4) NOT NULL DEFAULT '0',
  PRIMARY KEY (`id`)
) ENGINE=InnoDB AUTO_INCREMENT=62 DEFAULT CHARSET=utf8;
/*!40101 SET character_set_client = @saved_cs_client */;

--
-- Dumping data for table `university`
--

LOCK TABLES `university` WRITE;
/*!40000 ALTER TABLE `university` DISABLE KEYS */;
INSERT INTO `university` VALUES (1,'shevchenko123',1),(2,'shevchenko',1),(3,'shevchenko',0),(4,'????. ??????????',0),(5,'унив. богомольца',0),(6,'педагогический',0),(7,'транспортный техникум',0),(8,'киевский политехнический',0),(9,'шевченко',0),(10,'политехнический',0),(11,'мфу',0),(12,'КПИ',0),(13,'нау физфак',0),(14,'фмзфак мзу',0),(15,'мгу физмат',0),(16,'<dc',0),(17,'#!\"',0),(18,'нухт',0),(19,'унив. шевченка',0),(20,'автотранспортный',0),(21,'---',0),(22,'côcdtb',0),(23,'университет шевченко',0),(24,'кнеу',0),(25,'xxx',0),(26,'аау',0),(27,'вуз',0),(28,'',0),(29,'te',0),(30,'333',0),(31,'qwe',0),(32,'ва',0),(33,'sds',0),(34,'лп',0),(35,'школа',0),(36,'ккк',0),(37,'ппппапа',0),(38,'d',0),(39,'маи',0),(40,'ннгу им. лобачевского',0),(41,'мгул',0),(42,'мади',0),(43,'мггу им.шолохова',0),(44,'мбоу сош №15',0),(45,'абитуриентка',0),(46,'институт пищевых технологий и дизайна',0),(47,'мгу им ломоносова',0),(48,'скгми',0),(49,'колледж 31',0),(50,'нияу мифи',0),(51,'ргтэу',0),(52,'мкпт',0),(53,'рудн',0),(54,'рап',0),(55,'рниму',0),(56,'ниу вшэ',0),(57,'днепропетровский национальный  университет',0),(58,'нгу',0),(59,'4588525',0),(60,'зосш 4',0),(61,'нтуу кпи',0);
/*!40000 ALTER TABLE `university` ENABLE KEYS */;
UNLOCK TABLES;

--
-- Table structure for table `user`
--

DROP TABLE IF EXISTS `user`;
/*!40101 SET @saved_cs_client     = @@character_set_client */;
/*!40101 SET character_set_client = utf8 */;
CREATE TABLE `user` (
  `id_user` int(11) NOT NULL AUTO_INCREMENT,
  `login` varchar(64) NOT NULL,
  `passw` varchar(64) NOT NULL,
  `email` varchar(128) DEFAULT NULL,
  `access_time` datetime NOT NULL,
  `booble_index` int(11) NOT NULL DEFAULT '0',
  `ip` varchar(15) DEFAULT NULL,
  `status` smallint(6) NOT NULL DEFAULT '0',
  `isblocked` smallint(6) NOT NULL DEFAULT '0',
  `cid` varchar(16) NOT NULL,
  `cname` varchar(16) NOT NULL,
  PRIMARY KEY (`id_user`)
) ENGINE=InnoDB AUTO_INCREMENT=91 DEFAULT CHARSET=utf8;
/*!40101 SET character_set_client = @saved_cs_client */;

--
-- Dumping data for table `user`
--

LOCK TABLES `user` WRITE;
/*!40000 ALTER TABLE `user` DISABLE KEYS */;
INSERT INTO `user` VALUES (1,'employ','e10adc3949ba59abbe56e057f20f883e','employ@mail.ru','2013-09-26 04:08:45',0,NULL,3,0,'',''),(2,'demo4','7b1312a1b3e74bb174b3fbbf68ab5a92','demo4@mail.ru','2013-07-29 01:36:30',0,NULL,3,0,'',''),(3,'test1','6512bd43d9caa6e02c990b0a82652dca','promo@mail.ru','2013-08-04 17:37:51',0,NULL,2,0,'',''),(4,'promo','e10adc3949ba59abbe56e057f20f883e','promo@mail.ru','2013-08-04 17:42:16',0,NULL,2,0,'',''),(5,'promo2','e10adc3949ba59abbe56e057f20f883e','boris@mail.ru','2013-08-05 17:12:23',0,NULL,2,0,'',''),(6,'test2','6512bd43d9caa6e02c990b0a82652dca','promo3@mail.ru','2013-08-04 17:51:36',0,NULL,2,0,'',''),(7,'test3','e10adc3949ba59abbe56e057f20f883e','boris@mail.ru','2013-08-05 14:04:04',0,NULL,2,0,'',''),(8,'promo1','e10adc3949ba59abbe56e057f20f883e','ch23@mail.ru','2013-08-05 18:02:00',0,NULL,2,0,'',''),(9,'ra1','e10adc3949ba59abbe56e057f20f883e','iptv_editor@iptv.ua','0000-00-00 00:00:00',0,NULL,4,0,'',''),(10,'ra2','e10adc3949ba59abbe56e057f20f883e','bc@mail.ru','2013-10-15 10:34:35',0,NULL,4,0,'',''),(11,'employ2','87318d40799c7bc0a3006cfe49129547','vyacheslav.kuzminsky@gmail.com','2013-08-13 16:05:33',0,NULL,3,0,'',''),(12,'employ3','e10adc3949ba59abbe56e057f20f883e','vyacheslav.kuzminsky@gmail.com','2013-08-13 16:50:43',0,NULL,3,1,'',''),(13,'employ4','e10adc3949ba59abbe56e057f20f883e','vk@mail.ru','2013-08-13 17:01:02',0,NULL,3,0,'',''),(14,'employ8','e10adc3949ba59abbe56e057f20f883e','as@mail.ru','2013-08-13 19:40:06',0,NULL,3,0,'',''),(15,'op','11d8c28a64490a987612f2332502467f','op@mail.net','2013-10-07 18:07:15',0,NULL,3,1,'',''),(16,'prom9','202cb962ac59075b964b07152d234b70','pe@mail.ru','2013-10-07 22:23:06',0,NULL,2,0,'',''),(17,'tita','e10adc3949ba59abbe56e057f20f883e','tita@mail.ru','2013-10-07 22:30:49',0,NULL,3,1,'',''),(18,'sevaua123','96e79218965eb72c92a549dd5a330112','sevabukin@gmail.com','2013-11-22 09:23:31',0,NULL,2,0,'7097693','vk'),(19,'vk2','e10adc3949ba59abbe56e057f20f883e','vk.mail.ru','2013-11-24 22:22:24',0,NULL,2,0,'',''),(20,'Alex1','e10adc3949ba59abbe56e057f20f883e','vyacheslav.kuzminsky@gmail.com','2013-11-25 08:23:30',0,NULL,2,0,'',''),(21,'test333','e10adc3949ba59abbe56e057f20f883e','vyacheslav.kuzminsky@gmail.com','2013-11-25 08:55:23',0,NULL,2,0,'',''),(22,'promo-com','e10adc3949ba59abbe56e057f20f883e','vyacheslav.kuzminsky@gmail.com','2013-11-25 09:04:32',0,NULL,2,0,'',''),(23,'slava123','33b3e0c4b128a53cf98daaefdfd3ffab','vyacheslav.kuzminsky@gmail.com','2014-01-30 17:34:07',0,NULL,2,0,'100006895271487','fb'),(24,'slava123','33b3e0c4b128a53cf98daaefdfd3ffab','vyacheslav.kuzminsky@gmail.com','2014-01-30 17:35:45',0,NULL,2,0,'100006895271487','fb'),(25,'slava123','33b3e0c4b128a53cf98daaefdfd3ffab','vyacheslav.kuzminsky@gmail.com','2014-01-30 18:48:22',0,NULL,2,0,'100006895271487','fb'),(26,'dasha','e10adc3949ba59abbe56e057f20f883e','dasha@mail.ru','2014-01-30 20:11:01',0,NULL,2,0,'143296526','vk'),(27,'sevaua','96e79218965eb72c92a549dd5a330112','seva_ua@mail.ru','2014-03-28 11:28:11',0,NULL,2,0,'',''),(28,'test_RA','e10adc3949ba59abbe56e057f20f883e','vyacheslav.kuzminsky@gmail.com','2014-04-03 22:38:14',0,NULL,4,0,'',''),(29,'project','96e79218965eb72c92a549dd5a330112','project@euro-asian.com.ua','2014-04-14 08:49:57',0,NULL,4,0,'',''),(30,'rarus36','9306d4c9b7efe8263f0de32b2afb1629','rarus36@gmail.com','2014-04-24 11:55:50',0,NULL,2,0,'',''),(31,'rarus37','9306d4c9b7efe8263f0de32b2afb1629','stem92@rambler.ru','2014-04-25 10:44:10',0,NULL,3,1,'',''),(32,'evgencherkashyn','d8578edf8458ce06fbc5bb76a58c5ca4','evgencherkashyn@gmail.com','2014-04-26 00:14:39',0,NULL,2,0,'',''),(33,'dir','d41d8cd98f00b204e9800998ecf8427e','evgencherkashyn@gmail.com','2014-04-26 00:28:08',0,NULL,4,0,'',''),(34,'eviljay','5af57ea0892641f24c731d1e4e27cee4','evgencherkashyn@gmail.com','2014-04-26 00:41:57',0,NULL,3,1,'',''),(35,'test','7694f4a66316e53c8cdd9d9954bd611d','evgencherkashyn@gmail.com','2014-04-26 00:42:42',0,NULL,3,1,'',''),(36,'testing','d8578edf8458ce06fbc5bb76a58c5ca4','evgencherkashyn@gmail.com','2014-04-26 00:45:55',0,NULL,4,0,'',''),(37,'eviljay','76d80224611fc919a5d54f0ff9fba446','123','2014-04-26 00:52:27',0,NULL,3,1,'',''),(38,'qqq','b2ca678b4c936f905fb82f2733f5297f','www@www.ru','2014-04-27 01:29:41',0,NULL,3,1,'',''),(39,'qqq','b2ca678b4c936f905fb82f2733f5297f','sad1989@bk.ru','2014-04-27 01:18:12',0,NULL,4,0,'',''),(40,'qweqweqwe','b26986ceee60f744534aaab928cc12df','sad1989@bk.ru','2014-05-27 00:19:19',0,NULL,2,0,'',''),(41,'marketing.ea','b59c67bf196a4758191e42f76670ceba','1431957@mail.ru','2014-05-28 18:25:27',0,NULL,3,1,'',''),(42,'Marketing','b59c67bf196a4758191e42f76670ceba','1431957@mail.ru','2014-05-28 18:41:59',0,NULL,3,1,'',''),(43,'marketing.ea','25f9e794323b453885f5181f1b624d0b','1431957@mail.ru','2014-05-28 18:52:09',0,NULL,4,0,'',''),(44,'marketing.ea','934b535800b1cba8f96a5d72f72f1611','1431957@mail.ru','2014-05-28 19:30:34',0,NULL,2,0,'',''),(45,'marketing.ea','b59c67bf196a4758191e42f76670ceba','1431957@mail.ru','2014-05-28 19:39:40',0,NULL,2,0,'',''),(46,'22222','3d2172418ce305c7d16d4b05597c6a59','1431957@mail.ru','2014-06-16 12:04:01',0,NULL,2,0,'',''),(47,'test-vk','e10adc3949ba59abbe56e057f20f883e','vyacheslav.kuzminsky@gmail.com','2014-06-16 12:08:05',0,NULL,3,0,'',''),(48,'test-vk','e10adc3949ba59abbe56e057f20f883e','vyacheslav.kuzminsky@gmail.com','2014-06-16 12:10:52',0,NULL,4,0,'',''),(49,'1111','b59c67bf196a4758191e42f76670ceba','1431957@mail.ru','2014-06-16 12:22:49',0,NULL,4,0,'',''),(50,'chp','e10adc3949ba59abbe56e057f20f883e','ch@mail.ru','2014-06-16 22:28:18',0,NULL,4,0,'',''),(51,'qwerty','76d80224611fc919a5d54f0ff9fba446','sad1989@bk.ru','2014-06-30 09:10:08',0,NULL,4,0,'',''),(52,'qweqweqwe','b26986ceee60f744534aaab928cc12df','sad1989@bk.ru','2014-06-30 09:11:45',0,NULL,2,0,'',''),(53,'qweqweqwe','b26986ceee60f744534aaab928cc12df','qwe','2014-06-30 09:12:48',0,NULL,3,1,'',''),(54,'qweqweqwe','b26986ceee60f744534aaab928cc12df','qweqwe','2014-06-30 09:13:28',0,NULL,3,1,'',''),(55,'qwe','b2ca678b4c936f905fb82f2733f5297f','sad1989@bk.ru','2014-06-30 09:15:05',0,NULL,4,0,'',''),(56,'ewq','4d1ea1367acf0560c6716dd076a84d7f','ewq','2014-06-30 09:16:01',0,NULL,4,0,'',''),(57,'ewq','4d1ea1367acf0560c6716dd076a84d7f','sad1989@bk.ru','2014-06-30 09:16:31',0,NULL,4,0,'',''),(58,'irinka_rinka94','7b64f0f4dd3e92db2064d9d4725aeaa1','irn94@yandex.ru','2014-06-30 11:58:49',0,NULL,2,0,'',''),(59,'rayleigh','7db8fed0c399a9759c4d8e1aa980df4f','rudzakevich@yandex.ru','2014-06-30 12:51:39',0,NULL,2,0,'',''),(60,'lukyanova7390@mail.ru','12b3e1722a156f4df74cb536c7bee3a9','lukyanova7390@mail.ru','2014-07-02 16:36:28',0,NULL,2,0,'',''),(61,'Safonov95','7a4538f4d634859764f336d14489e725','olegka-safonov@rambler.ru','2014-07-02 17:29:59',0,NULL,2,0,'',''),(62,'Alin_bright@mail.ru','aca6144ae0ff98b39ab2ea182d383db1','Alin_bright@mail.ru','2014-07-02 18:37:16',0,NULL,2,0,'',''),(63,'K_katysha','e807f1fcf82d132f9bb018ca6738a19f','kuzminakate1@mail.ru','2014-07-03 12:51:56',0,NULL,2,0,'',''),(64,'anita69','8f5a9a4aa351dbe1533530578512d9be','lebedo4e@mail.ru','2014-07-04 12:24:00',0,NULL,2,0,'',''),(65,'shefleris','e823ca62d9b09c35047d80060d0163ac','sheflerisveronika@mail.ru','2014-07-05 09:30:43',0,NULL,2,0,'',''),(66,'mikel','7fe62545eeb1e24810097da2f6a66299','mikel_alcazar@mail.ru','2014-07-10 16:26:55',0,NULL,2,0,'',''),(67,'Tanya3082','4adce8d36cf4298f9deb5cf04944fcea','tan.tay@yandex.ru','2014-07-12 19:27:24',0,NULL,2,0,'',''),(68,'maker07','f07ae8fdae45fac7925a1d037326959b','kodzokovalim07@mail.ru','2014-07-13 14:15:44',0,NULL,2,0,'',''),(69,'arti','21a314ebf3a9b8dff67fdf0f5639069f','fedoseeva.73@mail.ru','2014-07-16 21:36:22',0,NULL,2,0,'',''),(70,'arti','21a314ebf3a9b8dff67fdf0f5639069f','fedoseeva.73@mail.ru','2014-07-17 08:59:04',0,NULL,2,0,'',''),(71,'Alex','f9855c121ae69f9985f63f52111529a2','alex.codikova@gmail.com','2014-07-17 10:50:05',0,NULL,2,0,'',''),(72,'marusyamarie','bfa0cff8fa081801d843c116c16a65d8','alya.zhelk@gmail.com','2014-07-17 17:45:42',0,NULL,2,0,'',''),(73,'Dzhen','9a15b2f417c1f2409fbb424be8d39aaa','eny_13@mail.ru','2014-07-23 15:17:36',0,NULL,2,0,'',''),(74,'yagudin.artyr','0cb4ec1333a74d07b83270d611a53c49','yagudin.artyr@yandex.ru','2014-07-31 09:21:05',0,NULL,2,0,'',''),(75,'Galin_a','156cacf769b0253ebbc4a92da79334a8','osetrova-galina@rambler.ru','2014-08-01 11:58:21',0,NULL,2,0,'',''),(76,'sniper1291','70c874f1c5c992126418288764869f1e','sniper1291@mail.ru','2014-08-03 12:08:23',0,NULL,2,0,'',''),(77,'VeroSnezhka','123cda77edfbaf5ea1fd49f958ad5e9e','Verullia@list.ru','2014-08-12 17:14:22',0,NULL,2,0,'',''),(78,'shukyurlishka','ceecacb2cd56cff10c94ac3308468a7c','shukyurlishka@mail.ru','2014-08-21 16:29:40',0,NULL,2,0,'',''),(79,'Olga','1bdd95f6a5e3fba9b2de21a16c8e651a','OKULIKOVA1994@yandex.ru','2014-09-19 20:49:08',0,NULL,2,0,'',''),(80,'berezina','77199c0616a761c2033882e8a72fa026','liza1-dnepr@yandex.ru','2014-10-07 10:27:37',0,NULL,2,0,'',''),(81,'Patrina','60810a51aa40d287d60924691cef1efc','babs-pat@inbox.ru','2014-10-13 08:40:23',0,NULL,2,0,'',''),(82,'Patrina','60810a51aa40d287d60924691cef1efc','babs-pat@inbox.ru','2014-10-13 08:40:23',0,NULL,2,0,'',''),(83,'Roman','96e79218965eb72c92a549dd5a330112','supervisor@prommu.ru','2014-10-21 10:05:03',0,NULL,4,0,'',''),(84,'777','96e79218965eb72c92a549dd5a330112','kozakrm@i.ua','2014-10-21 10:16:19',0,NULL,4,0,'',''),(85,'kozaknmu','96e79218965eb72c92a549dd5a330112','457788558','2014-10-21 11:32:38',0,NULL,2,0,'',''),(86,'fgfgh2428','96e79218965eb72c92a549dd5a330112','kozaknmu@i.ua','2014-10-21 11:41:12',0,NULL,2,0,'',''),(87,'Roman','96e79218965eb72c92a549dd5a330112','kozakrm@i.ua','2014-10-22 10:07:37',0,NULL,4,0,'',''),(88,'Gala','4b1a2b7de0de5c1c0036730478b7f863','Gal4a@bigmir.net','2014-11-29 14:08:46',0,NULL,2,0,'6354747','vk'),(89,'aleksey','ba954023e9ee590ab082b65b81b6b93d','pimpjoc@mail.ru','2014-12-24 12:52:12',0,NULL,3,1,'',''),(90,'crud','0e588c0d4103dd2e62cc6d4cee39706d','denis@derevyanchuk.com','2015-01-29 14:28:31',0,NULL,2,0,'','');
/*!40000 ALTER TABLE `user` ENABLE KEYS */;
UNLOCK TABLES;

--
-- Table structure for table `user_activate`
--

DROP TABLE IF EXISTS `user_activate`;
/*!40101 SET @saved_cs_client     = @@character_set_client */;
/*!40101 SET character_set_client = utf8 */;
CREATE TABLE `user_activate` (
  `id_user` int(11) NOT NULL,
  `token` varchar(32) NOT NULL,
  `dt_create` timestamp NOT NULL DEFAULT CURRENT_TIMESTAMP ON UPDATE CURRENT_TIMESTAMP,
  `status` int(11) NOT NULL
) ENGINE=InnoDB DEFAULT CHARSET=utf8;
/*!40101 SET character_set_client = @saved_cs_client */;

--
-- Dumping data for table `user_activate`
--

LOCK TABLES `user_activate` WRITE;
/*!40000 ALTER TABLE `user_activate` DISABLE KEYS */;
INSERT INTO `user_activate` VALUES (10,'467c06f5cfbbf6ac6471c835145ccbdd','2013-08-20 17:32:18',4),(1,'984303e59afe05905004b5415dc4d7c0','2013-09-25 17:00:45',3),(1,'8769fe8a719751f6b104e1aaeeff8758','2013-09-25 17:05:26',3),(20,'aa05850a31b2743c10de289e4131768e','2013-11-25 07:23:31',2),(21,'887dfb0dcde54ffeccb5b4b925dc4bc7','2013-11-25 07:59:19',2),(22,'8c09af28546d24b5e3819edbd2ff12fe','2013-11-25 08:04:33',2),(26,'85c9a784820be00d606655d5a9f0389d','2014-01-30 19:11:01',2),(27,'674307ad5446c22284f7cb2981393563','2014-03-28 10:28:12',2),(40,'0459d696d74df20ffee0799408a3e42e','2014-05-26 22:19:19',2),(41,'a803b938ca68d24b8a4a3035bf5d4ff5','2014-05-28 16:52:09',3),(41,'dc3f854ad079229825731926eb2b49c7','2014-05-28 17:30:34',3),(41,'5eb9b14128276de31d1c7b808c56dba2','2014-05-28 17:39:40',3),(46,'6882dd0e14f1fc85bf83841487aeae45','2014-06-16 10:04:01',2),(49,'15d61a825787756d34dd8b2167dccafa','2014-06-16 10:22:49',4),(50,'6eb35dc7c7624d0edb1f8ea477683ce2','2014-06-16 20:28:19',4),(51,'d7c724f5cdacf4cf0b5fe7f3eb0ee3ab','2014-06-30 07:10:08',4),(40,'3621efb5e4eee84bee4ed34d3eba2281','2014-06-30 07:11:45',2),(55,'1dd987e531fba1a36b2bbd60ba2ef455','2014-06-30 07:15:05',4),(56,'87eb9f9ea23b75bb08e6aaebe4281d98','2014-06-30 07:16:01',4),(57,'7d0e7eb466c3f878674b01f14e6161f4','2014-06-30 07:16:31',4),(58,'189d8854f2cba20f65c75bd37fe0c508','2014-06-30 09:58:49',2),(59,'b3784a50da91890ed86bc7286a8f8396','2014-06-30 10:51:39',2),(60,'e98c16568bfb6d1fc57df808ed28c4dd','2014-07-02 14:36:28',2),(61,'044b9e0ba389fff9f49860fbf6528b40','2014-07-02 15:29:59',2),(62,'ffcd3e288a21e2f746f22d03cfd9edad','2014-07-02 16:37:16',2),(63,'724c9f75a76fa8de3395f9f11827e56e','2014-07-03 10:51:56',2),(64,'fedcfb713bdb4b9afa87227f9a36f2b3','2014-07-04 10:24:00',2),(65,'ccb52e6cfcc1b196fb4b44ce90f039ae','2014-07-05 07:30:43',2),(66,'2fa2c6623ad9b8525ba3e218de8b675e','2014-07-10 14:26:55',2),(67,'65d177338df2c3bc69ffc0755f126136','2014-07-12 17:27:25',2),(68,'a608d959d7c75fd704521c680ccc45b6','2014-07-13 12:15:44',2),(69,'e65e54ad2e66c930398b93d8bbf98d29','2014-07-16 19:36:22',2),(69,'dcdf4d13dae1546d2540084b0b1cd9f4','2014-07-17 06:59:04',2),(71,'d42ae745e4ec15f3921d87eb3cfd7193','2014-07-17 08:50:05',2),(72,'48253fba57176c4d7b7f8bc92d696245','2014-07-17 15:45:42',2),(73,'c114ec5db66839f76d2c0c4ec1f5509e','2014-07-23 13:17:36',2),(74,'329f49d06bb91f12293bfaf16285ddcb','2014-07-31 07:21:05',2),(75,'0280e73d86a105d0c5e43adaeb55221d','2014-08-01 09:58:22',2),(76,'47e179a75e44721beee6081bd33c48ac','2014-08-03 10:08:24',2),(77,'1604639c00a37efd2f190dbd4f34cce9','2014-08-12 15:14:23',2),(78,'db394c68a2afd5a1895a1e592bd41f15','2014-08-21 14:29:40',2),(79,'50ea7ac21c4ae7d84609ea7f9bd74517','2014-09-19 18:49:08',2),(80,'6682d19de891ddc05d598e7b762c18f1','2014-10-07 08:27:37',2),(81,'2b90629d47ca0e332ef5076ed94cefff','2014-10-13 06:40:23',2),(81,'009db2ecf504302dfc5ccc7b6d5d2884','2014-10-13 06:40:23',2),(83,'eb26249365b67d2628fe166a8a5f4f2e','2014-10-21 08:05:03',4),(84,'2363b92c15bc4242738086c19eb4c76f','2014-10-21 08:16:19',4),(85,'e5a9ed7f1555c8951de06007870a4c8c','2014-10-21 09:32:39',2),(86,'50af736f91c7d942a1fc056d3f145aca','2014-10-21 09:41:12',2),(87,'c68b5b604e4149a3cf33a8e42db7f50a','2014-10-22 08:07:38',4),(88,'fa34bc2f5d821c08744255383af89cc5','2014-11-29 13:08:46',2),(90,'2b5a520230dfd0ff016acb84b48401f5','2015-01-29 13:28:31',2);
/*!40000 ALTER TABLE `user_activate` ENABLE KEYS */;
UNLOCK TABLES;

--
-- Table structure for table `user_adm`
--

DROP TABLE IF EXISTS `user_adm`;
/*!40101 SET @saved_cs_client     = @@character_set_client */;
/*!40101 SET character_set_client = utf8 */;
CREATE TABLE `user_adm` (
  `id` int(11) NOT NULL AUTO_INCREMENT,
  `login` varchar(64) NOT NULL,
  `passw` varchar(64) NOT NULL,
  `email` varchar(128) DEFAULT NULL,
  `access_time` datetime NOT NULL,
  `ip` varchar(15) DEFAULT NULL,
  `status` smallint(6) NOT NULL DEFAULT '0',
  `isblocked` smallint(6) NOT NULL DEFAULT '0',
  `access` smallint(6) NOT NULL DEFAULT '3',
  PRIMARY KEY (`id`)
) ENGINE=InnoDB AUTO_INCREMENT=4 DEFAULT CHARSET=utf8;
/*!40101 SET character_set_client = @saved_cs_client */;

--
-- Dumping data for table `user_adm`
--

LOCK TABLES `user_adm` WRITE;
/*!40000 ALTER TABLE `user_adm` DISABLE KEYS */;
INSERT INTO `user_adm` VALUES (1,'admin','6512bd43d9caa6e02c990b0a82652dca','admin@promo.com','2013-07-31 00:00:00',NULL,0,0,1),(2,'marketing.ea','1142b34a0f62e5b04e7b205088bbf80c','marketing@euro.asian.ru','0000-00-00 00:00:00',NULL,0,0,1),(3,'content','1ffaffcf9bc83a8ecf994c1c8831b03c','content@promo.com','0000-00-00 00:00:00',NULL,0,0,2);
/*!40000 ALTER TABLE `user_adm` ENABLE KEYS */;
UNLOCK TABLES;

--
-- Table structure for table `user_metro`
--

DROP TABLE IF EXISTS `user_metro`;
/*!40101 SET @saved_cs_client     = @@character_set_client */;
/*!40101 SET character_set_client = utf8 */;
CREATE TABLE `user_metro` (
  `id` int(11) NOT NULL AUTO_INCREMENT,
  `id_resume` int(11) NOT NULL,
  `id_metro` int(11) NOT NULL,
  PRIMARY KEY (`id`)
) ENGINE=InnoDB AUTO_INCREMENT=64 DEFAULT CHARSET=utf8;
/*!40101 SET character_set_client = @saved_cs_client */;

--
-- Dumping data for table `user_metro`
--

LOCK TABLES `user_metro` WRITE;
/*!40000 ALTER TABLE `user_metro` DISABLE KEYS */;
INSERT INTO `user_metro` VALUES (11,0,2),(12,0,4),(13,0,5),(50,5,3),(51,5,4),(52,5,5),(56,12,1),(57,12,2),(58,12,3),(59,12,4),(61,10,2),(62,10,3),(63,10,4);
/*!40000 ALTER TABLE `user_metro` ENABLE KEYS */;
UNLOCK TABLES;

--
-- Table structure for table `user_statistics`
--

DROP TABLE IF EXISTS `user_statistics`;
/*!40101 SET @saved_cs_client     = @@character_set_client */;
/*!40101 SET character_set_client = utf8 */;
CREATE TABLE `user_statistics` (
  `id` int(11) NOT NULL AUTO_INCREMENT,
  `id_user` int(11) NOT NULL,
  `date_login` timestamp NOT NULL DEFAULT CURRENT_TIMESTAMP ON UPDATE CURRENT_TIMESTAMP,
  PRIMARY KEY (`id`)
) ENGINE=InnoDB AUTO_INCREMENT=454 DEFAULT CHARSET=utf8;
/*!40101 SET character_set_client = @saved_cs_client */;

--
-- Dumping data for table `user_statistics`
--

LOCK TABLES `user_statistics` WRITE;
/*!40000 ALTER TABLE `user_statistics` DISABLE KEYS */;
INSERT INTO `user_statistics` VALUES (1,1,'2013-07-28 22:52:53'),(2,1,'2013-07-31 04:49:15'),(3,1,'2013-07-31 05:10:16'),(4,1,'2013-07-31 09:32:42'),(5,1,'2013-07-31 10:17:09'),(6,1,'2013-07-31 10:17:22'),(7,1,'2013-07-31 21:48:24'),(8,1,'2013-07-31 21:57:41'),(9,1,'2013-07-31 22:00:31'),(10,1,'2013-07-31 22:14:09'),(11,1,'2013-07-31 22:14:53'),(12,1,'2013-08-01 21:18:38'),(13,1,'2013-08-05 08:10:13'),(14,5,'2013-08-05 08:22:17'),(15,8,'2013-08-05 15:02:42'),(16,8,'2013-08-05 15:04:14'),(17,8,'2013-08-05 15:12:40'),(18,5,'2013-08-05 15:19:40'),(19,8,'2013-08-05 15:21:16'),(20,5,'2013-08-05 19:29:08'),(21,5,'2013-08-05 21:26:02'),(22,1,'2013-08-06 06:28:30'),(23,5,'2013-08-06 06:30:26'),(24,5,'2013-08-06 08:54:47'),(25,5,'2013-08-06 09:21:34'),(26,8,'2013-08-06 12:59:46'),(27,5,'2013-08-07 15:59:03'),(28,5,'2013-08-08 05:15:59'),(29,1,'2013-08-08 09:54:31'),(30,9,'2013-08-08 13:57:48'),(31,1,'2013-08-08 13:59:19'),(32,1,'2013-08-08 14:48:13'),(33,1,'2013-08-08 19:34:51'),(34,1,'2013-08-08 21:01:06'),(35,4,'2013-08-09 20:19:33'),(36,1,'2013-08-09 21:18:39'),(37,1,'2013-08-09 21:35:58'),(38,1,'2013-08-10 08:23:58'),(39,1,'2013-08-12 11:03:50'),(40,1,'2013-08-12 21:02:01'),(41,8,'2013-08-12 22:13:47'),(42,1,'2013-08-12 22:35:56'),(43,8,'2013-08-12 22:52:43'),(44,1,'2013-08-12 23:54:15'),(45,1,'2013-08-12 23:54:44'),(46,8,'2013-08-13 00:02:27'),(47,1,'2013-08-14 07:16:09'),(48,8,'2013-08-14 08:19:24'),(49,1,'2013-08-14 09:36:38'),(50,4,'2013-08-14 11:46:51'),(51,5,'2013-08-14 11:48:00'),(52,1,'2013-08-14 11:49:18'),(53,1,'2013-08-15 07:46:53'),(54,1,'2013-08-15 10:34:51'),(55,5,'2013-08-15 10:39:14'),(56,9,'2013-08-15 12:50:20'),(57,9,'2013-08-15 13:21:55'),(58,9,'2013-08-15 13:45:46'),(59,1,'2013-08-15 17:59:23'),(60,9,'2013-08-15 21:21:19'),(61,8,'2013-08-16 08:11:38'),(62,1,'2013-08-18 06:33:58'),(63,8,'2013-08-18 06:34:27'),(64,1,'2013-08-18 06:41:07'),(65,1,'2013-08-18 23:22:10'),(66,5,'2013-08-18 23:42:34'),(67,8,'2013-08-19 07:03:47'),(68,1,'2013-08-19 08:49:18'),(69,8,'2013-08-19 10:18:48'),(70,9,'2013-08-19 20:29:39'),(71,1,'2013-08-19 20:37:02'),(72,1,'2013-08-19 21:04:19'),(73,8,'2013-08-19 21:33:57'),(74,1,'2013-08-20 06:58:28'),(75,9,'2013-08-20 08:25:39'),(76,8,'2013-08-20 08:50:34'),(77,1,'2013-08-20 08:59:50'),(78,8,'2013-08-20 09:12:34'),(79,9,'2013-08-20 11:37:30'),(80,10,'2013-08-20 15:10:45'),(81,10,'2013-08-20 15:16:41'),(82,1,'2013-08-20 15:43:24'),(83,10,'2013-08-20 16:32:52'),(84,9,'2013-08-20 21:40:51'),(85,8,'2013-08-21 01:12:39'),(86,10,'2013-08-21 02:01:47'),(87,5,'2013-08-21 02:40:25'),(88,8,'2013-08-21 03:06:10'),(89,1,'2013-08-21 08:14:02'),(90,1,'2013-08-21 08:17:53'),(91,1,'2013-08-21 08:59:21'),(92,9,'2013-08-21 09:00:03'),(93,1,'2013-08-26 19:05:31'),(94,1,'2013-08-26 20:20:08'),(95,1,'2013-08-26 21:00:51'),(96,9,'2013-08-27 09:44:32'),(97,1,'2013-08-27 15:38:30'),(98,1,'2013-08-27 21:08:17'),(99,8,'2013-08-27 21:30:35'),(100,1,'2013-08-27 22:10:29'),(101,8,'2013-08-28 05:49:20'),(102,1,'2013-08-28 06:58:29'),(103,8,'2013-08-28 10:05:40'),(104,1,'2013-08-28 10:06:12'),(105,1,'2013-08-30 11:44:47'),(106,1,'2013-08-30 16:38:53'),(107,1,'2013-08-30 16:40:35'),(108,1,'2013-08-30 17:30:54'),(109,1,'2013-09-02 19:41:46'),(110,1,'2013-09-02 21:01:34'),(111,1,'2013-09-05 20:28:50'),(112,1,'2013-09-05 21:02:02'),(113,1,'2013-09-09 11:57:12'),(114,1,'2013-09-09 11:57:27'),(115,5,'2013-09-09 11:57:42'),(116,1,'2013-09-09 12:02:20'),(117,5,'2013-09-09 12:20:32'),(118,1,'2013-09-09 12:30:36'),(119,1,'2013-09-13 21:14:19'),(120,8,'2013-09-19 21:18:52'),(121,9,'2013-09-19 21:26:13'),(122,1,'2013-09-19 21:52:31'),(123,1,'2013-09-19 21:57:16'),(124,1,'2013-09-20 05:05:14'),(125,1,'2013-09-20 05:09:48'),(126,1,'2013-09-20 09:27:45'),(127,1,'2013-09-20 13:56:57'),(128,1,'2013-09-20 14:00:28'),(129,1,'2013-09-20 14:04:20'),(130,1,'2013-09-20 14:06:08'),(131,1,'2013-09-20 14:09:16'),(132,1,'2013-09-20 14:13:08'),(133,1,'2013-09-20 15:17:49'),(134,1,'2013-09-20 16:59:26'),(135,1,'2013-09-20 16:59:37'),(136,1,'2013-09-20 17:07:09'),(137,1,'2013-09-20 17:07:27'),(138,1,'2013-09-20 17:07:29'),(139,1,'2013-09-20 17:07:30'),(140,1,'2013-09-20 17:11:17'),(141,1,'2013-09-20 17:11:56'),(142,1,'2013-09-20 17:15:31'),(143,1,'2013-09-20 17:23:08'),(144,1,'2013-09-25 12:06:17'),(145,1,'2013-09-25 14:23:04'),(146,1,'2013-09-25 15:50:35'),(147,1,'2013-09-25 18:57:36'),(148,1,'2013-09-25 19:09:09'),(149,1,'2013-09-26 01:08:06'),(150,8,'2013-10-01 09:44:40'),(151,8,'2013-10-01 10:17:40'),(152,8,'2013-10-02 23:16:14'),(153,8,'2013-10-11 15:49:57'),(154,8,'2013-10-11 15:57:45'),(155,8,'2013-10-11 17:35:29'),(156,8,'2013-10-11 17:36:27'),(157,8,'2013-10-11 17:39:33'),(158,8,'2013-10-11 17:43:36'),(159,8,'2013-10-11 17:44:03'),(160,8,'2013-10-11 17:50:18'),(161,8,'2013-10-11 18:30:51'),(162,8,'2013-10-11 19:58:12'),(163,1,'2013-10-11 20:04:30'),(164,8,'2013-10-11 20:29:54'),(165,8,'2013-10-11 20:52:33'),(166,1,'2013-10-11 22:33:57'),(167,8,'2013-10-11 23:11:24'),(168,8,'2013-10-11 23:55:23'),(169,8,'2013-10-13 09:55:35'),(170,8,'2013-10-13 10:13:43'),(171,8,'2013-10-13 11:11:57'),(172,8,'2013-10-13 12:24:05'),(173,8,'2013-10-13 12:27:19'),(174,8,'2013-10-13 12:37:13'),(175,8,'2013-10-13 14:54:29'),(176,8,'2013-10-13 14:57:06'),(177,8,'2013-10-13 15:11:16'),(178,8,'2013-10-13 15:45:53'),(179,4,'2013-10-13 15:46:50'),(180,1,'2013-10-13 15:47:44'),(181,8,'2013-10-13 16:27:02'),(182,1,'2013-10-13 16:30:34'),(183,8,'2013-10-13 17:48:23'),(184,8,'2013-10-13 17:48:47'),(185,8,'2013-10-13 17:49:08'),(186,8,'2013-10-13 17:49:22'),(187,8,'2013-10-13 17:51:28'),(188,8,'2013-10-13 17:51:31'),(189,8,'2013-10-13 17:51:34'),(190,8,'2013-10-13 17:51:38'),(191,8,'2013-10-13 17:51:53'),(192,8,'2013-10-13 17:52:05'),(193,8,'2013-10-13 17:52:15'),(194,8,'2013-10-13 20:59:37'),(195,8,'2013-10-13 21:04:07'),(196,1,'2013-10-13 21:04:58'),(197,1,'2013-10-13 21:19:20'),(198,1,'2013-10-14 01:15:03'),(199,4,'2013-10-14 01:42:46'),(200,1,'2013-10-14 01:59:35'),(201,8,'2013-10-14 02:12:56'),(202,5,'2013-10-14 06:52:38'),(203,5,'2013-10-14 06:55:17'),(204,6,'2013-10-14 06:58:14'),(205,8,'2013-10-14 07:11:28'),(206,5,'2013-10-14 07:12:32'),(207,5,'2013-10-14 07:14:56'),(208,5,'2013-10-14 07:46:13'),(209,1,'2013-10-14 07:58:49'),(210,5,'2013-10-14 08:09:43'),(211,5,'2013-10-14 08:17:57'),(212,1,'2013-10-14 08:40:02'),(213,1,'2013-10-14 08:43:06'),(214,8,'2013-10-14 08:45:12'),(215,1,'2013-10-14 08:49:59'),(216,8,'2013-10-14 12:11:31'),(217,8,'2013-10-14 12:40:59'),(218,8,'2013-10-14 13:10:28'),(219,8,'2013-10-14 13:12:20'),(220,8,'2013-10-14 13:17:03'),(221,8,'2013-10-15 05:18:07'),(222,8,'2013-10-15 05:20:13'),(223,8,'2013-10-15 05:21:43'),(224,8,'2013-10-15 05:31:48'),(225,8,'2013-10-15 05:34:39'),(226,8,'2013-10-15 05:36:28'),(227,8,'2013-10-15 06:14:01'),(228,8,'2013-10-15 07:10:52'),(229,9,'2013-10-15 07:11:49'),(230,9,'2013-10-15 07:13:17'),(231,9,'2013-10-15 07:15:59'),(232,10,'2013-10-15 07:16:38'),(233,9,'2013-10-15 07:43:42'),(234,9,'2013-10-15 07:45:49'),(235,1,'2013-10-15 08:14:14'),(236,10,'2013-10-15 08:15:50'),(237,10,'2013-10-15 08:16:29'),(238,1,'2013-10-15 08:25:30'),(239,10,'2013-10-15 08:31:17'),(240,1,'2013-10-18 04:59:05'),(241,8,'2013-10-18 04:59:25'),(242,5,'2013-10-18 04:59:40'),(243,9,'2013-10-18 04:59:54'),(244,5,'2013-10-18 05:00:36'),(245,8,'2013-10-18 05:29:48'),(246,8,'2013-10-18 05:34:50'),(247,9,'2013-10-18 13:27:30'),(248,9,'2013-10-18 13:29:00'),(249,9,'2013-10-18 13:30:21'),(250,9,'2013-10-18 13:33:32'),(251,9,'2013-10-18 14:10:40'),(252,8,'2013-10-18 18:49:51'),(253,1,'2013-10-18 18:53:07'),(254,1,'2013-10-22 10:37:54'),(255,1,'2013-11-21 08:20:08'),(256,1,'2013-11-21 08:42:26'),(257,8,'2013-11-22 07:59:07'),(258,18,'2013-11-22 08:24:20'),(259,4,'2013-11-24 21:29:53'),(260,18,'2013-11-27 16:01:08'),(261,18,'2013-11-27 16:07:51'),(262,1,'2013-11-27 16:09:55'),(263,18,'2013-11-27 16:13:15'),(264,8,'2013-11-29 11:37:47'),(265,8,'2013-11-29 11:48:48'),(266,1,'2013-12-01 15:48:37'),(267,8,'2013-12-02 00:40:08'),(268,8,'2013-12-05 10:34:33'),(269,8,'2013-12-05 11:27:56'),(270,8,'2013-12-06 06:10:40'),(271,8,'2013-12-06 06:11:07'),(272,1,'2013-12-06 08:08:41'),(273,8,'2013-12-06 08:24:16'),(274,1,'2013-12-06 18:31:38'),(275,18,'2013-12-10 08:15:34'),(276,18,'2013-12-10 08:15:45'),(277,8,'2013-12-10 15:00:58'),(278,1,'2013-12-10 19:05:23'),(279,8,'2013-12-10 21:02:32'),(280,1,'2013-12-11 06:46:49'),(281,8,'2013-12-11 06:56:40'),(282,1,'2013-12-11 06:57:38'),(283,8,'2013-12-11 06:58:18'),(284,1,'2013-12-11 06:59:11'),(285,8,'2013-12-11 07:00:40'),(286,1,'2013-12-25 14:37:10'),(287,1,'2013-12-25 14:50:53'),(288,8,'2014-01-15 08:38:34'),(289,8,'2014-01-20 12:11:45'),(290,8,'2014-01-21 20:47:03'),(291,5,'2014-01-21 20:49:16'),(292,5,'2014-01-21 20:52:16'),(293,8,'2014-01-21 20:52:39'),(294,8,'2014-01-22 08:53:02'),(295,8,'2014-01-30 16:31:36'),(296,11,'2014-01-30 16:36:34'),(297,11,'2014-01-30 16:36:55'),(298,11,'2014-01-30 16:37:12'),(299,11,'2014-01-30 16:37:26'),(300,26,'2014-01-30 19:11:25'),(301,26,'2014-01-30 19:11:52'),(302,11,'2014-01-30 19:12:15'),(303,26,'2014-01-30 19:12:26'),(304,26,'2014-01-30 19:13:04'),(305,26,'2014-02-03 07:55:53'),(306,8,'2014-02-03 13:30:15'),(307,8,'2014-02-03 14:57:01'),(308,8,'2014-02-05 05:28:27'),(309,1,'2014-02-05 05:46:25'),(310,8,'2014-02-05 05:52:45'),(311,8,'2014-02-05 06:09:24'),(312,9,'2014-02-05 07:10:33'),(313,9,'2014-02-05 07:17:11'),(314,1,'2014-02-05 07:48:36'),(315,1,'2014-02-05 08:03:00'),(316,8,'2014-02-05 09:37:43'),(317,1,'2014-02-05 09:41:57'),(318,18,'2014-02-06 15:35:58'),(319,18,'2014-02-06 15:36:08'),(320,8,'2014-02-07 07:41:41'),(321,8,'2014-02-07 08:39:50'),(322,1,'2014-02-07 15:31:50'),(323,8,'2014-02-07 15:32:24'),(324,1,'2014-02-07 15:33:49'),(325,1,'2014-02-07 15:39:31'),(326,8,'2014-02-07 15:39:51'),(327,18,'2014-02-12 09:41:35'),(328,18,'2014-02-17 10:54:57'),(329,8,'2014-02-17 12:26:56'),(330,8,'2014-02-19 20:04:42'),(331,8,'2014-02-24 11:09:26'),(332,1,'2014-03-04 20:32:06'),(333,8,'2014-03-04 21:26:18'),(334,4,'2014-03-27 20:43:24'),(335,4,'2014-03-27 20:43:48'),(336,1,'2014-03-27 20:51:50'),(337,1,'2014-03-27 20:52:59'),(338,1,'2014-03-27 20:57:00'),(339,1,'2014-03-27 21:17:07'),(340,1,'2014-03-27 21:22:10'),(341,1,'2014-03-27 21:23:59'),(342,27,'2014-03-28 10:29:07'),(343,27,'2014-03-28 12:45:06'),(344,27,'2014-03-31 07:06:29'),(345,18,'2014-03-31 07:32:15'),(346,1,'2014-03-31 07:43:29'),(347,4,'2014-04-04 05:52:19'),(348,18,'2014-04-07 10:12:10'),(349,1,'2014-04-08 11:57:38'),(350,4,'2014-04-08 11:58:40'),(351,1,'2014-04-09 05:27:27'),(352,4,'2014-04-09 05:33:12'),(353,1,'2014-04-10 18:09:53'),(354,1,'2014-04-10 18:11:13'),(355,1,'2014-04-10 18:13:30'),(356,4,'2014-04-10 18:18:33'),(357,8,'2014-04-11 19:17:25'),(358,8,'2014-04-13 20:02:50'),(359,18,'2014-04-14 06:42:21'),(360,29,'2014-04-14 06:52:04'),(361,8,'2014-04-14 11:23:43'),(362,4,'2014-04-14 11:27:59'),(363,9,'2014-04-14 11:43:26'),(364,9,'2014-04-14 11:50:54'),(365,1,'2014-04-14 21:18:06'),(366,1,'2014-04-14 21:21:32'),(367,1,'2014-04-14 21:25:56'),(368,9,'2014-04-17 06:41:59'),(369,8,'2014-04-18 06:07:23'),(370,1,'2014-04-18 06:07:52'),(371,18,'2014-04-18 06:17:12'),(372,18,'2014-04-18 06:17:32'),(373,30,'2014-04-24 09:57:41'),(374,30,'2014-04-25 08:44:39'),(375,32,'2014-04-25 22:15:40'),(376,36,'2014-04-25 22:46:43'),(377,38,'2014-04-26 23:18:53'),(378,8,'2014-05-04 07:38:09'),(379,8,'2014-05-04 08:35:16'),(380,8,'2014-05-12 17:40:08'),(381,18,'2014-05-13 13:55:30'),(382,40,'2014-05-26 22:30:35'),(383,1,'2014-06-02 19:50:36'),(384,1,'2014-06-02 20:07:36'),(385,18,'2014-06-05 08:31:01'),(386,1,'2014-06-11 21:03:34'),(387,1,'2014-06-11 21:22:11'),(388,1,'2014-06-16 09:34:29'),(389,47,'2014-06-16 10:13:44'),(390,49,'2014-06-16 10:24:23'),(391,40,'2014-06-30 07:12:05'),(392,40,'2014-06-30 07:15:32'),(393,56,'2014-06-30 07:16:47'),(394,58,'2014-06-30 10:00:49'),(395,59,'2014-06-30 10:52:16'),(396,61,'2014-07-02 15:30:41'),(397,63,'2014-07-03 10:53:08'),(398,64,'2014-07-04 10:30:17'),(399,66,'2014-07-10 14:28:21'),(400,69,'2014-07-17 07:01:13'),(401,72,'2014-07-17 15:49:17'),(402,73,'2014-07-23 13:19:35'),(403,74,'2014-07-31 07:22:18'),(404,76,'2014-08-03 10:09:10'),(405,77,'2014-08-12 15:15:27'),(406,78,'2014-08-21 14:30:47'),(407,79,'2014-09-19 18:50:00'),(408,80,'2014-10-07 09:03:59'),(409,81,'2014-10-13 06:43:45'),(410,84,'2014-10-21 08:19:22'),(411,86,'2014-10-21 09:45:02'),(412,83,'2014-10-22 08:10:07'),(413,88,'2014-11-29 13:47:34'),(414,1,'2015-05-05 19:17:16'),(415,1,'2015-05-12 07:19:18'),(416,1,'2015-05-12 07:27:10'),(417,1,'2015-05-12 11:12:48'),(418,1,'2015-05-12 11:13:13'),(419,1,'2015-05-12 11:15:33'),(420,1,'2015-05-12 11:24:55'),(421,1,'2015-05-12 11:32:44'),(422,1,'2015-05-12 11:33:05'),(423,1,'2015-05-12 11:39:36'),(424,1,'2015-05-12 11:40:50'),(425,1,'2015-05-12 11:47:54'),(426,1,'2015-05-12 11:55:02'),(427,1,'2015-05-12 14:38:42'),(428,1,'2015-05-19 19:33:30'),(429,8,'2015-05-19 19:33:55'),(430,8,'2015-05-19 19:57:54'),(431,1,'2015-05-19 20:10:16'),(432,8,'2015-05-19 20:11:18'),(433,1,'2015-05-19 20:16:20'),(434,8,'2015-05-19 20:17:35'),(435,1,'2015-05-20 19:16:02'),(436,8,'2015-05-20 19:17:04'),(437,1,'2015-05-20 20:18:38'),(438,8,'2015-05-20 20:26:14'),(439,1,'2015-05-20 21:14:08'),(440,8,'2015-05-20 21:47:43'),(441,8,'2015-05-29 19:21:43'),(442,8,'2015-05-29 19:38:35'),(443,8,'2015-06-01 05:47:32'),(444,8,'2015-06-01 20:07:33'),(445,8,'2015-06-01 20:10:15'),(446,8,'2015-06-01 20:12:51'),(447,8,'2015-06-01 20:17:19'),(448,1,'2015-06-02 19:36:40'),(449,1,'2015-06-02 21:44:49'),(450,8,'2015-06-11 19:11:39'),(451,1,'2015-06-11 19:17:47'),(452,8,'2015-06-16 01:32:44'),(453,5,'2015-06-16 01:34:45');
/*!40000 ALTER TABLE `user_statistics` ENABLE KEYS */;
UNLOCK TABLES;

--
-- Table structure for table `user_status`
--

DROP TABLE IF EXISTS `user_status`;
/*!40101 SET @saved_cs_client     = @@character_set_client */;
/*!40101 SET character_set_client = utf8 */;
CREATE TABLE `user_status` (
  `id` int(11) NOT NULL AUTO_INCREMENT,
  `key` varchar(32) NOT NULL,
  PRIMARY KEY (`id`)
) ENGINE=InnoDB AUTO_INCREMENT=5 DEFAULT CHARSET=utf8;
/*!40101 SET character_set_client = @saved_cs_client */;

--
-- Dumping data for table `user_status`
--

LOCK TABLES `user_status` WRITE;
/*!40000 ALTER TABLE `user_status` DISABLE KEYS */;
INSERT INTO `user_status` VALUES (1,'OFF'),(2,'PROMOUTER'),(3,'EMPLOYER'),(4,'ADVERTISING_AGENCY');
/*!40000 ALTER TABLE `user_status` ENABLE KEYS */;
UNLOCK TABLES;

--
-- Table structure for table `user_work`
--

DROP TABLE IF EXISTS `user_work`;
/*!40101 SET @saved_cs_client     = @@character_set_client */;
/*!40101 SET character_set_client = utf8 */;
CREATE TABLE `user_work` (
  `id` int(11) NOT NULL AUTO_INCREMENT,
  `id_user` int(11) NOT NULL,
  `uid` varchar(32) NOT NULL,
  `token` varchar(32) NOT NULL,
  `date_login` datetime NOT NULL,
  PRIMARY KEY (`id`)
) ENGINE=InnoDB AUTO_INCREMENT=41 DEFAULT CHARSET=utf8;
/*!40101 SET character_set_client = @saved_cs_client */;

--
-- Dumping data for table `user_work`
--

LOCK TABLES `user_work` WRITE;
/*!40000 ALTER TABLE `user_work` DISABLE KEYS */;
INSERT INTO `user_work` VALUES (1,5,'e4da3b7fbbce2345d7772b0674a318d5','f0559393f8623ff11c1516d56abbb08e','2015-06-16 04:34:45'),(2,6,'1679091c5a880faf6fb5e6087eb1b2dc','bf9df11f3cbf8652a995a80b276e9c30','2013-10-14 09:58:14'),(3,8,'c9f0f895fb98ab9159f51fd0297e236d','745e90cd1c864e00c2909a40380cf6b1','2015-06-16 04:32:43'),(4,1,'c4ca4238a0b923820dcc509a6f75849b','8c01cb35a98ce214cb350216269a3757','2015-06-11 22:17:47'),(5,9,'45c48cce2e2d7fbdea1afc51c7c6ad26','ab5f1994d457a5b7d780338038b0bb46','2014-04-17 08:41:59'),(6,10,'d3d9446802a44259755d38e6d163e820','fa3ca665107753531de55bf7fcb127af','2013-10-15 11:31:17'),(7,18,'6f4922f45568161a8cdf4ad2299f6d23','7a8577c16da0ac5e02ae82e19750e54','2014-06-05 10:31:00'),(8,4,'a87ff679a2f3e71d9181a67b7542122c','695a23a2536b3c2cfb095ac14000795e','2014-04-14 13:27:59'),(9,11,'6512bd43d9caa6e02c990b0a82652dca','8e5111768a7b763ac08f6d59f26d131f','2014-01-30 20:12:15'),(10,26,'4e732ced3463d06de0ca9a15b6153677','ca365b9b33e5233b62a2be018d95b92','2014-02-03 08:55:53'),(11,27,'02e74f10e0327ad868d138f2b4fdd6f0','4a7eb826fc05f6c2e00e95083abf480','2014-03-31 09:06:29'),(12,29,'6ea9ab1baa0efb9e19094440c317e21b','f1f9eea4249079e8358b482cd286fba9','2014-04-14 08:52:04'),(13,30,'34173cb38f07f89ddbebc2ac9128303f','84619427c3428adffcae9398fb487274','2014-04-25 10:44:39'),(14,32,'6364d3f0f495b6ab9dcf8d3b5c6e0b01','31a4ace90604a0097f73ae7ea2e0e0b6','2014-04-26 00:15:40'),(15,36,'19ca14e7ea6328a42e0eb13d585e4c22','3bac41c69782309359cd65482f4e9977','2014-04-26 00:46:43'),(16,38,'a5771bce93e200c36f7cd9dfd0e5deaa','513000589201b7481032311f854b9fb5','2014-04-27 01:18:53'),(17,40,'d645920e395fedad7bbbed0eca3fe2e0','31a0256cd4433a5e3478bb930f14cd3b','2014-06-30 09:15:32'),(18,47,'67c6a1e7ce56d3d6fa748ab6d9af3fd7','d95fa7fd2de837c8977cb6f2fa3cc665','2014-06-16 12:13:44'),(19,49,'f457c545a9ded88f18ecee47145a72c0','f686b37a60bb4d7f4673aa46025ca1aa','2014-06-16 12:24:23'),(20,56,'9f61408e3afb633e50cdf1b20de6f466','68ed35fbef5a9d95baa6d205211ac0c9','2014-06-30 09:16:47'),(21,58,'66f041e16a60928b05a7e228a89c3799','d91e7985640ff267c0fa2ae3e8d6718c','2014-06-30 12:00:49'),(22,59,'093f65e080a295f8076b1c5722a46aa2','7af6f0e6f31da807046b5ab41d3f4c1e','2014-06-30 12:52:16'),(23,61,'7f39f8317fbdb1988ef4c628eba02591','75dd08d9d82dbc76bffab8a4adde1397','2014-07-02 17:30:41'),(24,63,'03afdbd66e7929b125f8597834fa83a4','867008283417098da2791dcb7597d3e6','2014-07-03 12:53:08'),(25,64,'ea5d2f1c4608232e07d3aa3d998e5135','a44b604b36aa5cb4dcd7fcf8a9ac3269','2014-07-04 12:30:17'),(26,66,'3295c76acbf4caaed33c36b1b5fc2cb1','2dff1fcf5883297c9f22658c323d5d58','2014-07-10 16:28:21'),(27,69,'14bfa6bb14875e45bba028a21ed38046','7034b542a2fb560289c038d1de5a0077','2014-07-17 09:01:13'),(28,72,'32bb90e8976aab5298d5da10fe66f21d','736d06c3da67bceb83dee5652273b9d3','2014-07-17 17:49:17'),(29,73,'d2ddea18f00665ce8623e36bd4e3c7c5','8dd3216c5b3496b76c7ed64b79c0e202','2014-07-23 15:19:35'),(30,74,'ad61ab143223efbc24c7d2583be69251','d84554c7ef7bfc1133cafc43dca96f6','2014-07-31 09:22:18'),(31,76,'fbd7939d674997cdb4692d34de8633c4','2e8594ac34b7c44ecf2d9c7403d3b023','2014-08-03 12:09:10'),(32,77,'28dd2c7955ce926456240b2ff0100bde','ff58da7cb171a5000f0f7f1eda1a3d22','2014-08-12 17:15:27'),(33,78,'35f4a8d465e6e1edc05f3d8ab658c551','636c583a7483dfa16c62df91d744441f','2014-08-21 16:30:47'),(34,79,'d1fe173d08e959397adf34b1d77e88d7','844cdb9c8c0a7ecfbdf246666a1f85b8','2014-09-19 20:50:00'),(35,80,'f033ab37c30201f73f142449d037028d','e8b8c51496f0412970976bde033c29fd','2014-10-07 11:03:59'),(36,81,'43ec517d68b6edd3015b3edc9a11367b','90e26b043e0e3aadadffde60fb64c07b','2014-10-13 08:43:45'),(37,84,'68d30a9594728bc39aa24be94b319d21','f045d71fad1fba9e28863657942180fe','2014-10-21 10:19:22'),(38,86,'93db85ed909c13838ff95ccfa94cebd9','9395210d55d37138a9a0a674c92e7d03','2014-10-21 11:45:02'),(39,83,'fe9fc289c3ff0af142b6d3bead98a923','dae524b513948ee2503588cd032ce241','2014-10-22 10:10:07'),(40,88,'2a38a4a9316c49e5a833517c45d31070','f381173c16e2ce88236e549ac32e15c7','2014-11-29 14:47:34');
/*!40000 ALTER TABLE `user_work` ENABLE KEYS */;
UNLOCK TABLES;

--
-- Table structure for table `vacation_stat`
--

DROP TABLE IF EXISTS `vacation_stat`;
/*!40101 SET @saved_cs_client     = @@character_set_client */;
/*!40101 SET character_set_client = utf8 */;
CREATE TABLE `vacation_stat` (
  `id` int(11) NOT NULL AUTO_INCREMENT,
  `id_vacation` int(11) NOT NULL,
  `id_promo` int(11) NOT NULL,
  `isresponse` tinyint(4) NOT NULL,
  `date` timestamp NOT NULL DEFAULT CURRENT_TIMESTAMP ON UPDATE CURRENT_TIMESTAMP,
  PRIMARY KEY (`id`)
) ENGINE=InnoDB AUTO_INCREMENT=11 DEFAULT CHARSET=utf8;
/*!40101 SET character_set_client = @saved_cs_client */;

--
-- Dumping data for table `vacation_stat`
--

LOCK TABLES `vacation_stat` WRITE;
/*!40000 ALTER TABLE `vacation_stat` DISABLE KEYS */;
INSERT INTO `vacation_stat` VALUES (1,3,8,3,'2013-12-11 07:00:46'),(2,1,8,3,'2014-02-05 06:43:24'),(3,1,4,1,'2014-04-09 19:34:04'),(4,4,4,0,'2014-03-27 20:49:42'),(5,1,27,1,'2014-03-31 07:29:22'),(6,3,4,1,'2014-04-09 19:50:05'),(7,4,18,1,'2014-04-18 06:20:23'),(8,3,30,0,'2014-04-24 18:19:55'),(9,4,30,0,'2014-04-29 20:30:33'),(10,4,5,1,'2015-06-16 01:35:16');
/*!40000 ALTER TABLE `vacation_stat` ENABLE KEYS */;
UNLOCK TABLES;
/*!40103 SET TIME_ZONE=@OLD_TIME_ZONE */;

/*!40101 SET SQL_MODE=@OLD_SQL_MODE */;
/*!40014 SET FOREIGN_KEY_CHECKS=@OLD_FOREIGN_KEY_CHECKS */;
/*!40014 SET UNIQUE_CHECKS=@OLD_UNIQUE_CHECKS */;
/*!40101 SET CHARACTER_SET_CLIENT=@OLD_CHARACTER_SET_CLIENT */;
/*!40101 SET CHARACTER_SET_RESULTS=@OLD_CHARACTER_SET_RESULTS */;
/*!40101 SET COLLATION_CONNECTION=@OLD_COLLATION_CONNECTION */;
/*!40111 SET SQL_NOTES=@OLD_SQL_NOTES */;

-- Dump completed on 2016-02-02  8:12:09
